[
    {
        "type": "message",
        "user": "U0CTGJMR9",
        "text": "it seems that flibusta is blocked by my provider...",
        "ts": "1445588161.000101"
    },
    {
        "type": "message",
        "user": "U0D0R0D4P",
        "text": "yeah",
        "ts": "1445588261.000102"
    },
    {
        "type": "message",
        "user": "U0CTPBG5Q",
        "text": "Tor is your choice then)",
        "ts": "1445589421.000103"
    },
    {
        "type": "message",
        "user": "U0D0R0D4P",
        "text": "title is all we need",
        "ts": "1445589516.000104"
    },
    {
        "type": "message",
        "user": "U0CTPBG5Q",
        "text": "\u041f\u0430\u0432\u0435\u043b \u041f\u0430\u043b\u0430\u0433\u0438\u043d, \"\u0421\u043a\u043e\u0440\u043e\u0447\u0442\u0435\u043d\u0438\u0435 \u043d\u0430 \u043f\u0440\u0430\u043a\u0442\u0438\u043a\u0435\"",
        "ts": "1445590195.000105"
    },
    {
        "user": "U0D2LNS7Q",
        "type": "message",
        "subtype": "channel_join",
        "text": "<@U0D2LNS7Q|piratteo> has joined the channel",
        "ts": "1445596641.000106"
    }
]