[
    {
        "user": "U0GN33GE7",
        "type": "message",
        "subtype": "channel_join",
        "text": "<@U0GN33GE7|artsy> has joined the channel",
        "ts": "1450209370.000230"
    },
    {
        "type": "message",
        "user": "U0GN33GE7",
        "text": "\u0430\u0445\u043e\u0439",
        "ts": "1450209446.000231"
    },
    {
        "type": "message",
        "user": "U0CTD4Q11",
        "text": "<@U0GN33GE7>: \u041f\u0440\u0438\u0432\u0435\u0442\u0441\u0442\u0432\u0443\u044e)",
        "ts": "1450210937.000232"
    },
    {
        "type": "message",
        "user": "U0GN33GE7",
        "text": "\u043d\u0435\u043c\u043d\u043e\u0433\u043e \u043d\u0435\u043f\u0440\u0438\u0432\u044b\u0447\u043d\u043e \u043f\u043e\u0441\u043b\u0435 \u0441\u0442\u0430\u0440\u044b\u0445 \u0434\u043e\u0431\u0440\u044b\u0445 IRC-\u043a\u043b\u0438\u0435\u043d\u0442\u043e\u0432, \u043d\u043e \u0432 \u0446\u0435\u043b\u043e\u043c \u0437\u0430\u0431\u0430\u0432\u043d\u043e",
        "ts": "1450210998.000233"
    },
    {
        "type": "message",
        "user": "U0GN33GE7",
        "text": "microfed: \u0430\u0433\u0430, \u0432\u043e\u0442 \u0442\u0430\u043a \u0434\u0435\u043b\u0430\u0435\u0442\u0441\u044f \u0430\u0434\u0440\u0435\u0441\u043e\u0432\u0430\u043d\u043d\u044b\u0439 \u043e\u0442\u0432\u0435\u0442",
        "ts": "1450211046.000234"
    },
    {
        "type": "message",
        "user": "U0GN33GE7",
        "text": "(\u043a\u0430\u0436\u0435\u0442\u0441\u044f)",
        "ts": "1450211055.000235"
    },
    {
        "text": "shrugs",
        "type": "message",
        "subtype": "me_message",
        "user": "U0GN33GE7",
        "ts": "1450211063.000236"
    },
    {
        "type": "message",
        "user": "U0CTD4Q11",
        "text": "<@U0GN33GE7>: \u0435\u0441\u043b\u0438 \u0447\u0442\u043e, \u0444\u043b\u0443\u0434 - \u0432 <#C0CTD63DJ> :simple_smile:",
        "ts": "1450211134.000237"
    },
    {
        "type": "message",
        "user": "U0GN33GE7",
        "text": "10x",
        "ts": "1450211169.000238"
    }
]