[
    {
        "user": "U0G29MRL3",
        "type": "message",
        "subtype": "channel_join",
        "text": "<@U0G29MRL3|alina1412> has joined the channel",
        "ts": "1449487615.000129"
    },
    {
        "type": "message",
        "user": "U0FD5HC1F",
        "text": "How can one be sure that somebody understood him? I think there is some kind of reverse-intelligence blindness. A lot of people who are high-leveled in some domain underestimate the hardness of matter. We may think that short formal definitions that are enough to us are still enough to another ones; very smart teachers coult be brilliant for young gifted students, but they will give a very little to average people.",
        "ts": "1449523116.000130"
    },
    {
        "type": "message",
        "user": "U0FD5HC1F",
        "text": "I'm thinking about teaching rationality (including some related math and practice oriented another subjects). Traditional educational approach is to observe some domain, get some skeleton of this and compress it into relatively short, but knowledge-rich course. I never had problems with this as a student and I like this approach aesthetically, so I realize I haven't tried to analyze it.",
        "ts": "1449523315.000131"
    },
    {
        "type": "message",
        "user": "U0FD5HC1F",
        "text": "And now I think we need some another approaches to teach general auditory.",
        "ts": "1449523345.000132"
    },
    {
        "type": "message",
        "user": "U0FD5HC1F",
        "text": "It seems to me like some balance between techicalness and transparency. If we are too formal, students won't be able to get it on a gut level. If we prefer to narrate an explaining stories and examples, it may be not enough to get technical skills like dealing with math equations etc.",
        "ts": "1449523593.000133"
    },
    {
        "type": "message",
        "user": "U0G00FWH2",
        "text": "Why do you want to teach math? ",
        "ts": "1449523801.000134"
    },
    {
        "type": "message",
        "user": "U0FD5HC1F",
        "text": "Just realized that teaching programming is very well. Student coult start with a history, not-too-formal problem with sensually available understanding what's given and what is expected result, then she tries to formalize it into \"alive\" program playing with it, watching, debugging etc.. Unlike math problems, computer gives feedback immediately and another-person-independently.",
        "ts": "1449523856.000135"
    },
    {
        "type": "message",
        "user": "U0FD5HC1F",
        "text": "&gt; Why do you want to teach math?\nIs it a question \"why math is required for rationalist?\" or \"why teach rationalists?\"",
        "ts": "1449523924.000136"
    },
    {
        "type": "message",
        "user": "U0G00FWH2",
        "text": "its \"why math is required for rationalist?\"",
        "ts": "1449524045.000137"
    },
    {
        "type": "message",
        "user": "U0FD5HC1F",
        "text": "Uhm, I just have re-rated programming skill a lot into my head.",
        "edited": {
            "user": "U0FD5HC1F",
            "ts": "1449524056.000000"
        },
        "ts": "1449524049.000138"
    },
    {
        "type": "message",
        "user": "U0FD5HC1F",
        "text": "Short answer: because it's powerful tool for stucturizing anything. Even I can't do this, math can point me where is the problem.",
        "ts": "1449524195.000140"
    },
    {
        "type": "message",
        "user": "U0G00FWH2",
        "text": "do you have any real word example of using math?",
        "ts": "1449524276.000141"
    },
    {
        "type": "message",
        "user": "U0G00FWH2",
        "text": "something above basic arithmetics",
        "ts": "1449524298.000142"
    },
    {
        "type": "message",
        "user": "U0FD5HC1F",
        "text": "Long answer: I've been reading this article when I thought about the problem: <http:\/\/www.yudkowsky.net\/rational\/technical\/>\nI noticed two things: 1) all stuff in this article are significanlty important to rationalist, 2) despite is does not contain some tricky math, it requires some \"math culture\" to deeply understand this.",
        "ts": "1449524401.000143"
    },
    {
        "type": "message",
        "user": "U0FD5HC1F",
        "text": "I have, but I think it is offtopic right here by some long-to-explain reasons.",
        "ts": "1449524429.000144"
    },
    {
        "type": "message",
        "user": "U0FD5HC1F",
        "text": "Gave some more brief than detailed answer in <#C0CTD63DJ>.",
        "ts": "1449525875.000145"
    },
    {
        "type": "message",
        "user": "U0FD5HC1F",
        "text": "\u042e\u0434\u043a\u043e\u0432\u0441\u043a\u0438\u0439.",
        "ts": "1449525886.000146"
    },
    {
        "type": "message",
        "user": "U0FD5HC1F",
        "text": "(Bot works everywhere.)",
        "ts": "1449525905.000148"
    },
    {
        "type": "message",
        "user": "U0FD5HC1F",
        "text": "So, speaking of the problem I wanna to speak, I look for practics and forms of effective teaching in domains required technical understanding, methods what are effective to roughly average people, and I think the advanced people tend to have blind spot about some significant part of this issue.",
        "ts": "1449526957.000150"
    },
    {
        "type": "message",
        "user": "U0FD5HC1F",
        "text": "Programming seems like some great from this view. I'm starting to think it would be good to use programming, for example, in all school and university disciplines where it can be applyed, mainly math and physics. And train students to code simple, but different little solutions of different tasks. I suppose it may cause a big jump in total people ability to think, not only do math and programming.",
        "ts": "1449527474.000151"
    },
    {
        "type": "message",
        "user": "U0FQW7HH7",
        "text": "we've got a Maslow hammer here",
        "ts": "1449527725.000152"
    },
    {
        "type": "message",
        "user": "U0FD5HC1F",
        "text": "It's obviously not an enough solution.",
        "edited": {
            "user": "U0FD5HC1F",
            "ts": "1449527824.000000"
        },
        "ts": "1449527820.000153"
    },
    {
        "type": "message",
        "user": "U0FD5HC1F",
        "text": "I like the style and examples EY writes, but I think they are not for some average reader. More bad, they could cause an illusion of understanding. The last sentence maybe inherent property of any kind of learning without feedback cycle. when there's nobody who could estimate how do one understands something. But the first I think may be cured by finding some explainings, forms etc.",
        "ts": "1449528098.000155"
    },
    {
        "type": "message",
        "user": "U0FD5HC1F",
        "text": "Some example of comparation I mentioned.",
        "ts": "1449528308.000156"
    },
    {
        "type": "message",
        "user": "U0FQW7HH7",
        "text": "s\/more bad\/even worse\/",
        "ts": "1449528385.000157"
    },
    {
        "type": "message",
        "user": "U0FQW7HH7",
        "text": "s\/maybe\/may be a\/",
        "ts": "1449528392.000158"
    },
    {
        "type": "message",
        "user": "U0FD5HC1F",
        "text": "thanks",
        "ts": "1449528397.000159"
    },
    {
        "type": "message",
        "user": "U0FQW7HH7",
        "text": "s\/without\/&amp; a\/",
        "ts": "1449528404.000160"
    },
    {
        "type": "message",
        "user": "U0FD5HC1F",
        "text": "? about the last",
        "ts": "1449528433.000161"
    },
    {
        "type": "message",
        "user": "U0FQW7HH7",
        "text": "s\/do one understands\/does one understand\/",
        "ts": "1449528433.000162"
    },
    {
        "type": "message",
        "user": "U0FQW7HH7",
        "text": "s\/first\/&amp; one\/",
        "ts": "1449528456.000163"
    },
    {
        "type": "message",
        "user": "U0FQW7HH7",
        "text": "i don't get your question",
        "ts": "1449528483.000164"
    },
    {
        "type": "message",
        "user": "U0FD5HC1F",
        "text": "Got it, &amp; is replacement.",
        "ts": "1449528485.000165"
    },
    {
        "type": "message",
        "user": "U0FQW7HH7",
        "text": "\"&amp;\" in sed specifies the pattern that got matched",
        "ts": "1449528496.000166"
    },
    {
        "type": "message",
        "user": "U0FD5HC1F",
        "text": "\"Proekhali.\"",
        "ts": "1449528497.000167"
    },
    {
        "type": "message",
        "user": "U0FQW7HH7",
        "text": "you guys may have more luck in the #lesswrong irc channel",
        "ts": "1449528620.000168"
    },
    {
        "type": "message",
        "user": "U0FD5HC1F",
        "text": "In school, there's little bit of combinatorics. Standartly, after some another, the definition of combinations C(n, k) is given, then how it is calculated: <https:\/\/upload.wikimedia.org\/math\/2\/7\/5\/275efadb2cec0589bc066836c3cd46cc.png> or <https:\/\/upload.wikimedia.org\/math\/e\/e\/d\/eed76baaa00cf639ad1c1cecd11247f1.png> (maybe with some little formal proof without any good tips to understand)",
        "attachments": [
            {
                "fallback": "269x48px image",
                "image_url": "https:\/\/upload.wikimedia.org\/math\/2\/7\/5\/275efadb2cec0589bc066836c3cd46cc.png",
                "image_width": 269,
                "image_height": 48,
                "image_bytes": 1520,
                "from_url": "https:\/\/upload.wikimedia.org\/math\/2\/7\/5\/275efadb2cec0589bc066836c3cd46cc.png",
                "id": 1
            },
            {
                "fallback": "84x46px image",
                "image_url": "https:\/\/upload.wikimedia.org\/math\/e\/e\/d\/eed76baaa00cf639ad1c1cecd11247f1.png",
                "image_width": 84,
                "image_height": 46,
                "image_bytes": 661,
                "from_url": "https:\/\/upload.wikimedia.org\/math\/e\/e\/d\/eed76baaa00cf639ad1c1cecd11247f1.png",
                "id": 2
            }
        ],
        "ts": "1449528636.000169"
    },
    {
        "type": "message",
        "user": "U0FD5HC1F",
        "text": "is it sending away?",
        "ts": "1449528642.000171"
    },
    {
        "type": "message",
        "user": "U0FD5HC1F",
        "text": "And who is another guy?",
        "ts": "1449528699.000172"
    },
    {
        "type": "message",
        "user": "U0FQW7HH7",
        "text": "i don't see much point in practising English without native speakers",
        "ts": "1449528716.000173",
        "reactions": [
            {
                "name": "+1",
                "users": [
                    "U0G00FWH2"
                ],
                "count": 1
            }
        ]
    },
    {
        "type": "message",
        "user": "U0FQW7HH7",
        "text": "i was referring to all those ppl who chat there",
        "ts": "1449528756.000174"
    },
    {
        "type": "message",
        "user": "U0FD5HC1F",
        "text": "But it leads me to continue where it is some more folks here, maybe tomorrow. I think this example is enough well, but there aren't enough well examples at all.",
        "ts": "1449528899.000175"
    },
    {
        "type": "message",
        "user": "U0FD5HC1F",
        "text": "Good night, lesswrongers.",
        "ts": "1449528921.000176"
    },
    {
        "type": "message",
        "user": "U0G0KMGKH",
        "text": "<@U0FQW7HH7>: What's the difference? It's not like native speakers are going to mention mistakes in your english writing",
        "ts": "1449529011.000179"
    },
    {
        "type": "message",
        "user": "U0FQW7HH7",
        "text": "you'll be spotting the mistakes yourself as you look at the others' speech",
        "ts": "1449529043.000180"
    },
    {
        "type": "message",
        "user": "U0FQW7HH7",
        "text": "also you'll have to learn new words and broader cultural slice of the speakers",
        "ts": "1449529076.000181"
    },
    {
        "type": "message",
        "user": "U0FQW7HH7",
        "text": "as opposed to reliance on the known redundant communicative hints",
        "ts": "1449529119.000182"
    },
    {
        "type": "message",
        "user": "U0FQW7HH7",
        "text": "\u043c\u0433\u0438\u043c\u043e \u0444\u0438\u043d\u0438\u0448\u0434 is just a tip of the iceberg",
        "ts": "1449529147.000183"
    },
    {
        "type": "message",
        "user": "U0G0KMGKH",
        "text": "&gt;known redundant communicative hints\nwut?",
        "ts": "1449529168.000184"
    },
    {
        "type": "message",
        "user": "U0FQW7HH7",
        "text": "i was referring to <http:\/\/www.anekdot.ru\/id\/-9947860\/> as an example of my idea",
        "attachments": [
            {
                "title": "\u0410\u043d\u0435\u043a\u0434\u043e\u0442 \u2116-9947860",
                "title_link": "http:\/\/www.anekdot.ru\/id\/-9947860\/",
                "text": "- How much watch? - Six watch! - Such much? - For whom how. - MGIMO finished? - Ask!",
                "fallback": "\u0410\u043d\u0435\u043a\u0434\u043e\u0442 \u2116-9947860",
                "from_url": "http:\/\/www.anekdot.ru\/id\/-9947860\/",
                "thumb_url": "http:\/\/www.anekdot.ru\/i\/logo_100x100.png",
                "thumb_width": 100,
                "thumb_height": 100,
                "id": 1
            }
        ],
        "ts": "1449529221.000185"
    },
    {
        "type": "message",
        "user": "U0G0KMGKH",
        "text": "That's 2deep4me. I don't really understand what the 2 persons in the anecdote are trying to communicate to each other.",
        "ts": "1449529299.000187"
    },
    {
        "type": "message",
        "user": "U0FQW7HH7",
        "text": "the mgimo students were using english words, but that's it; anyone needs to understand russian to be able to take a meaningful part in the conversation",
        "ts": "1449529306.000188"
    },
    {
        "type": "message",
        "user": "U0FQW7HH7",
        "text": "use google translate :3",
        "ts": "1449529318.000189"
    },
    {
        "type": "message",
        "user": "U0FQW7HH7",
        "text": "tho it might have already grown too smart for this kind of shit so you'll have to look up the individual words in a en-ru dictionary",
        "ts": "1449529358.000190"
    },
    {
        "type": "message",
        "user": "U0G0KMGKH",
        "text": "Yeah whatever. I think the model of english &lt;-&gt; russian google translate is pretty good in my head.",
        "ts": "1449529364.000191"
    },
    {
        "type": "message",
        "user": "U0G0KMGKH",
        "text": "-\u0414\u043b\u044f \u043a\u043e\u0433\u043e \u043a\u0430\u043a",
        "ts": "1449529386.000192"
    },
    {
        "type": "message",
        "user": "U0G0KMGKH",
        "text": "oh I get it",
        "ts": "1449529388.000193"
    },
    {
        "type": "message",
        "user": "U0G00FWH2",
        "text": "that is true. native speakers speaks very different from people for whom english is their second language",
        "ts": "1449529461.000194"
    },
    {
        "type": "message",
        "user": "U0G00FWH2",
        "text": "i work in international company, we speak english and  only ~15% of all the people are native speakers. you can really spot them pretty quickly. they joke, use slang,  have much bigger vocabulary, etc",
        "ts": "1449529602.000195"
    },
    {
        "type": "message",
        "user": "U0G00FWH2",
        "text": "and they structure their thoughts slightly different.",
        "ts": "1449529629.000196"
    },
    {
        "type": "message",
        "user": "U0G0KMGKH",
        "text": "You don't have to aim to sound like an english speaker",
        "ts": "1449529722.000197"
    },
    {
        "type": "message",
        "user": "U0G0KMGKH",
        "text": "like a native english speaker*",
        "ts": "1449529728.000198"
    },
    {
        "type": "message",
        "user": "U0FQW7HH7",
        "text": "why would anyone learn to speak english then?",
        "ts": "1449529796.000199"
    },
    {
        "type": "message",
        "user": "U0G0KMGKH",
        "text": "To be able to read and watch stuff in english and to communicate with more people.",
        "ts": "1449529884.000200"
    },
    {
        "type": "message",
        "user": "U0G0KMGKH",
        "text": "Also I'm saying that there are probably some native english speakers who don't use slang that much. And you don't have to use slang if you don't want to, because the goal should not really be to sound like an average english speaker. There might be valid reasons to speak it a little differently, and I think many english-native lesswrongers already do that.",
        "ts": "1449530042.000201"
    },
    {
        "type": "message",
        "user": "U0FQW7HH7",
        "text": "you'll have a hard time communicating with other english speakers then",
        "ts": "1449530139.000202"
    },
    {
        "type": "message",
        "user": "U0G0KMGKH",
        "text": "Because an average native english speaker has never thought about tabooing words and saying things in a clear way without double meaning",
        "ts": "1449530143.000203"
    },
    {
        "type": "message",
        "user": "U0FQW7HH7",
        "text": "the broader the common symbol table and the deeper it is rooted in your experience, the smoother your communication will become",
        "ts": "1449530192.000204"
    },
    {
        "type": "message",
        "user": "U0G0KMGKH",
        "text": "What's a symbol table? Is it something like vocabulary?",
        "ts": "1449530217.000205"
    },
    {
        "type": "message",
        "user": "U0G0KMGKH",
        "text": "or like a mapping between words and images in my head?",
        "ts": "1449530231.000206"
    },
    {
        "type": "message",
        "user": "U0FQW7HH7",
        "text": "yep, kinda broader as it includes phraseologisms and other accessible memes to be referred to",
        "ts": "1449530266.000207"
    },
    {
        "type": "message",
        "user": "U0FQW7HH7",
        "text": "ideal communication is when there's nothing to be communicated",
        "ts": "1449530313.000208"
    },
    {
        "type": "message",
        "user": "U0G0KMGKH",
        "text": "Then I agree with what you said about it. IMO it's true even for communication with other Russians just in terms of common interests and things we know a lot about",
        "ts": "1449530324.000209"
    },
    {
        "type": "message",
        "user": "U0FQW7HH7",
        "text": "sure",
        "ts": "1449530337.000210"
    },
    {
        "user": "U0G4MA4SU",
        "type": "message",
        "subtype": "channel_join",
        "text": "<@U0G4MA4SU|kiwi0fruit> has joined the channel",
        "ts": "1449554512.000211"
    }
]