[
    {
        "user": "U0G8DRB40",
        "type": "message",
        "subtype": "channel_join",
        "text": "<@U0G8DRB40|sentient_guillotine> has joined the channel",
        "ts": "1449676907.000219"
    },
    {
        "user": "U0G8KK4LU",
        "type": "message",
        "subtype": "channel_join",
        "text": "<@U0G8KK4LU|rumata1> has joined the channel",
        "ts": "1449684207.000220"
    },
    {
        "user": "U0G8VK9SQ",
        "type": "message",
        "subtype": "channel_join",
        "text": "<@U0G8VK9SQ|whaf> has joined the channel",
        "ts": "1449690762.000221"
    }
]