[
    {
        "type": "message",
        "user": "U0D0R0D4P",
        "text": "Did you notice any easy noticeable errors? If you did read, you should know, that thermodynamically IS meant bayesian, though.",
        "ts": "1448968788.000102"
    },
    {
        "type": "message",
        "user": "U0D0R0D4P",
        "text": "i have come to conclusion, that this is very nice way to unlearn how to speak about rationality in russian (kak eto budet po russki :simple_smile: ). So i am probably won't be an active participant of this channel.",
        "edited": {
            "user": "U0D0R0D4P",
            "ts": "1448969026.000000"
        },
        "ts": "1448968988.000103"
    }
]