[
    {
        "user": "U0D0R0D4P",
        "type": "message",
        "subtype": "channel_join",
        "text": "<@U0D0R0D4P|muyyd> has joined the channel",
        "ts": "1445526069.000049"
    },
    {
        "type": "message",
        "user": "U0CTD4Q11",
        "text": "\u041f\u0440\u0438\u0432\u0435\u0442\u0441\u0442\u0432\u0443\u044e! :simple_smile:",
        "ts": "1445526298.000050"
    },
    {
        "type": "message",
        "user": "U0CTLJHHD",
        "text": "\u043e\/",
        "ts": "1445526322.000051"
    },
    {
        "type": "message",
        "user": "U0D0R0D4P",
        "text": "\u041f\u0440\u0438\u0432\u0435\u0442.",
        "ts": "1445526328.000052"
    },
    {
        "type": "message",
        "user": "U0CTD4Q11",
        "text": "\u0412\u0441\u0435\u043c \u0432\u044b\u0434\u0430\u043b \u0430\u0434\u043c\u0438\u043d\u0441\u043a\u0438\u0435 \u043f\u0440\u0430\u0432\u0430",
        "ts": "1445526344.000053"
    },
    {
        "type": "message",
        "user": "U0CTGJMR9",
        "text": "\u042d\u0445, \u043d\u0435 \u0441\u0440\u0430\u0431\u043e\u0442\u0430\u043b\u0430 \u043f\u043e \u0445\u043e\u0434\u0443 \u0438\u0434\u0435\u044f \u043e\u0431\u0449\u0430\u0442\u044c\u0441\u044f \u0437\u0434\u0435\u0441\u044c \u043d\u0430 \u0430\u043d\u0433\u043b\u0438\u0439\u0441\u043a\u043e\u043c)",
        "ts": "1445526359.000054"
    },
    {
        "type": "message",
        "user": "U0CTD4Q11",
        "text": "Sorry)",
        "ts": "1445526369.000055"
    },
    {
        "type": "message",
        "user": "U0D0R0D4P",
        "text": "\u0410\u0433\u0430, \u0434\u0430\u0432\u0430\u0439\u0442\u0435 \u043e\u0431\u0449\u0430\u0442\u044c\u0441\u044f, \u0443\u043a\u0440\u0435\u043f\u043b\u044f\u0442\u044c \u0432 \u043f\u0430\u043c\u044f\u0442\u0438 \u0441\u0432\u043e\u0438 \u043a\u043e\u0441\u044f\u043a\u0438 (\u043f\u043e\u043f\u0440\u0430d\u0438\u0442\u044c-\u0442\u043e \u043d\u0435\u043a\u043e\u043c\u0443) \u0438 \u0447\u0443\u0436\u0435\u0438\u0435 \u0437\u0430\u043f\u043e\u043c\u0438\u043d\u0430\u0442\u044c (\u043c\u044b \u043d\u0435 \u0436\u0435 native)",
        "ts": "1445526458.000056"
    },
    {
        "type": "message",
        "user": "U0D0R0D4P",
        "text": "\u0414\u0430\u0436\u0435 \u0435\u0441\u043b\u0438 \u0431\u044b \u0431\u044b\u043b \u0434\u0435\u0439\u0441\u0442\u0432\u0438\u0442\u0435\u043b\u044c\u043d\u043e \u0432\u043b\u0430\u0434\u0435\u044e\u0449\u0438\u0439 \u044f\u0437\u044b\u043a\u043e\u043c \u0447\u0435\u043b\u043e\u0432\u0435\u043a, \u0434\u043b\u044f \u043d\u0435\u0433\u043e \u0442\u0430\u043a\u043e\u0435 \u0431\u044b\u043b\u043e \u0431\u044b\u043b\u043e \u0431\u044b \u043a\u043e\u0448\u043c\u0430\u0440\u043e\u043c \u043f\u0440\u0430\u0432\u043e\u043a.",
        "ts": "1445526490.000057"
    },
    {
        "type": "message",
        "user": "U0D0R0D4P",
        "text": "\u0418\u041b\u0438 \u043e\u043d \u0431\u044b \u0438\u0433\u043d\u043e\u0440\u0438\u0440\u043e\u0432\u0430\u043b \u043e\u0448\u0438\u0431\u043a\u0438 \u0431\u044b",
        "ts": "1445526500.000058"
    },
    {
        "type": "message",
        "user": "U0CTLJHHD",
        "text": "\u0412 \u0448\u043a\u043e\u043b\u0435 \u0433\u043e\u0434\u0430\u043c\u0438 \u0442\u0430\u043a \u0434\u0435\u043b\u0430\u044e\u0442)",
        "ts": "1445526503.000059"
    },
    {
        "type": "message",
        "user": "U0CTGJMR9",
        "text": "additional practice is good anyway, even when there's noone to correct",
        "ts": "1445526517.000060"
    },
    {
        "type": "message",
        "user": "U0CTGJMR9",
        "text": "believe me)",
        "ts": "1445526520.000061"
    },
    {
        "type": "message",
        "user": "U0CTGJMR9",
        "text": "\u043d\u043e \u043a\u0430\u043a \u0445\u043e\u0442\u0438\u0442\u0435, \u044f \u043d\u0435 \u043d\u0430\u0441\u0442\u0430\u0438\u0432\u0430\u044e)",
        "ts": "1445526524.000062"
    },
    {
        "type": "message",
        "user": "U0CTD4Q11",
        "text": "\u0420\u0430\u0437\u043d\u044b\u0435 \u043b\u044e\u0434\u0438 \u0434\u0435\u043b\u0430\u044e\u0442 \u0440\u0430\u0437\u043d\u044b\u0435 \u043e\u0448\u0438\u0431\u043a\u0438, \u0438 \u0438\u043d\u043e\u0433\u0434\u0430 \u044d\u0442\u043e \u043f\u043e\u043c\u043e\u0433\u0430\u0435\u0442 \u0437\u0430\u043c\u0435\u0447\u0430\u0442\u044c \u0441\u0432\u043e\u0438.",
        "ts": "1445526532.000063"
    },
    {
        "type": "message",
        "user": "U0CTLJHHD",
        "text": "\u0430\u0433\u0430, let's speak english from my heart",
        "ts": "1445526565.000064"
    },
    {
        "type": "message",
        "user": "U0CTGJMR9",
        "text": ":smile:",
        "ts": "1445526588.000065"
    },
    {
        "type": "message",
        "user": "U0CTD4Q11",
        "text": "By the way, is anybody using some software or methodology for quick reading?",
        "ts": "1445526754.000066"
    },
    {
        "type": "message",
        "user": "U0CTGJMR9",
        "text": "I've read some related topic on the Rational Forum, but never tried any of this kind myself",
        "ts": "1445526915.000067"
    },
    {
        "type": "message",
        "user": "U0CTD4Q11",
        "text": "\u0428",
        "ts": "1445526922.000068"
    },
    {
        "type": "message",
        "user": "U0CTD4Q11",
        "text": "I'm using this right now: <https:\/\/chrome.google.com\/webstore\/detail\/spreed-speed-read-the-web\/ipikiaejjblmdopojhpejjmbedhlibno>",
        "attachments": [
            {
                "title": "Spreed - speed read the web",
                "title_link": "https:\/\/chrome.google.com\/webstore\/detail\/spreed-speed-read-the-web\/ipikiaejjblmdopojhpejjmbedhlibno",
                "text": "Train yourself to double or triple your reading speed, without sacrificing comprehension. Absorb knowledge, faster.",
                "fallback": "Spreed - speed read the web",
                "from_url": "https:\/\/chrome.google.com\/webstore\/detail\/spreed-speed-read-the-web\/ipikiaejjblmdopojhpejjmbedhlibno",
                "thumb_url": "https:\/\/lh4.googleusercontent.com\/BT36qYd11meNP_4wrZXq_ig_EUKkDynONYE6EXnWnJ_nI3A82OFpJC8IC4XiauCe5A2AojJykA",
                "thumb_width": 128,
                "thumb_height": 128,
                "id": 1
            }
        ],
        "ts": "1445526935.000069"
    },
    {
        "type": "message",
        "user": "U0CTD4Q11",
        "text": "and it helps me not wasting time on news pages. :simple_smile:",
        "ts": "1445527004.000071"
    },
    {
        "type": "message",
        "user": "U0CTD4Q11",
        "text": "500 WPM feels good with this technique",
        "ts": "1445527062.000072"
    },
    {
        "type": "message",
        "user": "U0CTD4Q11",
        "text": "And I'm planning an experiment with a sequence: surface reading a then reading with help of this extension on 600-700 WPM.",
        "ts": "1445527272.000073"
    },
    {
        "type": "message",
        "user": "U0CTGJMR9",
        "text": "An interesting idea perhaps, but annoyning like hell",
        "ts": "1445527308.000074"
    },
    {
        "type": "message",
        "user": "U0CTGJMR9",
        "text": "Maybe I just haven't used to it yet and it might be better",
        "ts": "1445527321.000075"
    },
    {
        "type": "message",
        "user": "U0CTGJMR9",
        "text": "But right now this is driving me crazy))",
        "ts": "1445527329.000076"
    },
    {
        "type": "message",
        "user": "U0CTD4Q11",
        "text": "The main problem for me is the lack of view for other words while reading. The splitting is not very good, so it's hard to read about completely new facts, and especially about numbers and names.",
        "ts": "1445527459.000077"
    },
    {
        "type": "message",
        "user": "U0CTD4Q11",
        "text": "So, I'm expecting that I need a first, 'surfaced' knowledge, just to build a some mindmap about the text.",
        "ts": "1445527512.000078"
    },
    {
        "type": "message",
        "user": "U0CTGJMR9",
        "text": "In fact, I can't say that the amount of time I'm spending to read smth seems to me excessive",
        "ts": "1445527550.000079"
    },
    {
        "type": "message",
        "user": "U0CTGJMR9",
        "text": "So I don't think I need such a tool right now",
        "ts": "1445527561.000080"
    },
    {
        "type": "message",
        "user": "U0CTGJMR9",
        "text": "But if something changes, I'll keep it in mind, thanks)",
        "ts": "1445527573.000081"
    },
    {
        "type": "message",
        "user": "U0CTD4Q11",
        "text": ":simple_smile:",
        "ts": "1445527578.000082"
    },
    {
        "type": "message",
        "user": "U0D0R0D4P",
        "text": "Have anyone red whole book?",
        "ts": "1445528055.000083"
    },
    {
        "type": "message",
        "user": "U0CTGJMR9",
        "text": "No, I'm not...",
        "ts": "1445528075.000084"
    },
    {
        "type": "message",
        "user": "U0CTGJMR9",
        "text": "BTW, could you please remind me the link to the audio version? Didn't save it and too lazy to search up in the forum",
        "ts": "1445528094.000085"
    },
    {
        "type": "message",
        "user": "U0D0R0D4P",
        "text": "How much is done?",
        "ts": "1445528174.000086"
    },
    {
        "type": "message",
        "user": "U0D0R0D4P",
        "text": "<http:\/\/castify.co\/channels>",
        "ts": "1445528176.000087"
    },
    {
        "type": "message",
        "user": "U0CTGJMR9",
        "text": "Wow.. $60 for the whole book is quite expensive for an audio book",
        "ts": "1445528232.000088"
    },
    {
        "type": "message",
        "user": "U0D0R0D4P",
        "text": "considering parts already  red (or translate), it is 40",
        "ts": "1445528374.000089"
    },
    {
        "type": "message",
        "user": "U0D0R0D4P",
        "text": "check prices on audible",
        "ts": "1445528421.000090"
    },
    {
        "type": "message",
        "user": "U0CTGJMR9",
        "text": "Are they on audible? I own a subscription",
        "ts": "1445528435.000091"
    },
    {
        "type": "message",
        "user": "U0CTGJMR9",
        "text": "But I searched and didn't find anything some months ago",
        "ts": "1445528450.000092"
    },
    {
        "type": "message",
        "user": "U0CTGJMR9",
        "text": "What's the difference between the second and the third volume?..",
        "ts": "1445528457.000093"
    },
    {
        "type": "message",
        "user": "U0D0R0D4P",
        "text": "They are not. Just compare prices",
        "ts": "1445528506.000094"
    },
    {
        "type": "message",
        "user": "U0D0R0D4P",
        "text": "Whole book is almost 50h of text (often hard tech)",
        "ts": "1445528583.000095"
    },
    {
        "type": "message",
        "user": "U0D0R0D4P",
        "text": "So 60$ is okay",
        "ts": "1445528595.000096"
    },
    {
        "type": "message",
        "user": "U0CTGJMR9",
        "text": "What's the difference between the second and the third volume?..\n\nTables of contents show the same sequences",
        "ts": "1445528628.000097"
    },
    {
        "type": "message",
        "user": "U0D0R0D4P",
        "text": "V2 ends with 256.1 number (_A_Technical_Explanation_of_Technical)",
        "ts": "1445528722.000098"
    },
    {
        "type": "message",
        "user": "U0D0R0D4P",
        "text": "v3 begin with 257",
        "ts": "1445528737.000099"
    },
    {
        "type": "message",
        "user": "U0CTPBG5Q",
        "text": "For speed reading I like this book <http:\/\/flibusta.net\/b\/391520>",
        "ts": "1445529711.000100"
    }
]