[
    {
        "type": "message",
        "user": "U0FHK0P8S",
        "text": "\u041a\u043e\u043d\u043a\u0440\u0435\u0442\u043d\u043e \u043f\u043e \u0441\u043b\u0430\u043a\u0443: \u043c\u0435\u043d\u044f \u043d\u0430\u043f\u0440\u044f\u0433\u0430\u0435\u0442 \u0442\u043e\u043b\u044c\u043a\u043e \u0442\u043e, \u0447\u0442\u043e \u043c\u043e\u0431\u0438\u043b\u044c\u043d\u044b\u0439 \u043a\u043b\u0438\u0435\u043d\u0442 \u0432\u0435\u0441\u0438\u0442 \u043e\u0447\u0435\u043d\u044c \u043c\u043d\u043e\u0433\u043e.",
        "ts": "1451126282.000312"
    },
    {
        "type": "message",
        "subtype": "file_share",
        "text": "<@U0G00FWH2|random> uploaded a file: <https:\/\/lesswrongru.slack.com\/files\/random\/F0HBUE42V\/screen_shot_2015-12-26_at_13.41.41.png|\u0441\u043b\u0430\u043a \u043d\u0435 \u0434\u0440\u0443\u0436\u0438\u0442 \u0441 \u043c\u0443\u043b\u044c\u0442\u0438\u0430\u043a\u043a\u0430\u0443\u043d\u0442\u0430\u043c\u0438?> and commented: \u043f\u043e\u043c\u043e\u0435\u043c\u0443 \u0432\u043f\u043e\u043b\u043d\u0435 \u0434\u0440\u0443\u0436\u0438\u0442",
        "file": {
            "id": "F0HBUE42V",
            "created": 1451133729,
            "timestamp": 1451133729,
            "name": "Screen Shot 2015-12-26 at 13.41.41.png",
            "title": "\u0441\u043b\u0430\u043a \u043d\u0435 \u0434\u0440\u0443\u0436\u0438\u0442 \u0441 \u043c\u0443\u043b\u044c\u0442\u0438\u0430\u043a\u043a\u0430\u0443\u043d\u0442\u0430\u043c\u0438?",
            "mimetype": "image\/png",
            "filetype": "png",
            "pretty_type": "PNG",
            "user": "U0G00FWH2",
            "editable": false,
            "size": 86010,
            "mode": "hosted",
            "is_external": false,
            "external_type": "",
            "is_public": true,
            "public_url_shared": false,
            "display_as_bot": false,
            "username": "",
            "url_private": "https:\/\/files.slack.com\/files-pri\/T0CTD4Q0K-F0HBUE42V\/screen_shot_2015-12-26_at_13.41.41.png?t=xoxe-12931160019-103607625319-102215183440-059257f7d7",
            "url_private_download": "https:\/\/files.slack.com\/files-pri\/T0CTD4Q0K-F0HBUE42V\/download\/screen_shot_2015-12-26_at_13.41.41.png?t=xoxe-12931160019-103607625319-102215183440-059257f7d7",
            "thumb_64": "https:\/\/files.slack.com\/files-tmb\/T0CTD4Q0K-F0HBUE42V-606434d123\/screen_shot_2015-12-26_at_13.41.41_64.png?t=xoxe-12931160019-103607625319-102215183440-059257f7d7",
            "thumb_80": "https:\/\/files.slack.com\/files-tmb\/T0CTD4Q0K-F0HBUE42V-606434d123\/screen_shot_2015-12-26_at_13.41.41_80.png?t=xoxe-12931160019-103607625319-102215183440-059257f7d7",
            "thumb_360": "https:\/\/files.slack.com\/files-tmb\/T0CTD4Q0K-F0HBUE42V-606434d123\/screen_shot_2015-12-26_at_13.41.41_360.png?t=xoxe-12931160019-103607625319-102215183440-059257f7d7",
            "thumb_360_w": 311,
            "thumb_360_h": 360,
            "thumb_480": "https:\/\/files.slack.com\/files-tmb\/T0CTD4Q0K-F0HBUE42V-606434d123\/screen_shot_2015-12-26_at_13.41.41_480.png?t=xoxe-12931160019-103607625319-102215183440-059257f7d7",
            "thumb_480_w": 414,
            "thumb_480_h": 480,
            "thumb_160": "https:\/\/files.slack.com\/files-tmb\/T0CTD4Q0K-F0HBUE42V-606434d123\/screen_shot_2015-12-26_at_13.41.41_160.png?t=xoxe-12931160019-103607625319-102215183440-059257f7d7",
            "image_exif_rotation": 1,
            "original_w": 544,
            "original_h": 630,
            "permalink": "https:\/\/lesswrongru.slack.com\/files\/random\/F0HBUE42V\/screen_shot_2015-12-26_at_13.41.41.png",
            "permalink_public": "https:\/\/slack-files.com\/T0CTD4Q0K-F0HBUE42V-ebbfa05b9c",
            "channels": [
                "C0CTD63D2"
            ],
            "groups": [
    
            ],
            "ims": [
    
            ],
            "comments_count": 1,
            "initial_comment": {
                "id": "Fc0HBURL8J",
                "created": 1451133729,
                "timestamp": 1451133729,
                "user": "U0G00FWH2",
                "is_intro": true,
                "comment": "\u043f\u043e\u043c\u043e\u0435\u043c\u0443 \u0432\u043f\u043e\u043b\u043d\u0435 \u0434\u0440\u0443\u0436\u0438\u0442",
                "channel": ""
            }
        },
        "user": "U0G00FWH2",
        "upload": true,
        "display_as_bot": false,
        "username": "<@U0G00FWH2|random>",
        "bot_id": null,
        "ts": "1451133730.000313"
    },
    {
        "type": "message",
        "user": "U0FHK0P8S",
        "text": "\u0427\u0442\u043e \u0442\u0430\u043a\u043e\u0435 \u043c\u0443\u043b\u044c\u0442\u0438\u0430\u043a\u043a\u0430\u0443\u043d\u0442?",
        "ts": "1451133777.000314"
    },
    {
        "type": "message",
        "user": "U0G00FWH2",
        "text": "\u043d\u0443 \u044f \u0437\u0430\u043b\u043e\u0433\u0438\u043d\u0435\u043d \u0432 5 \u0441\u043b\u0430\u043a\u043e\u0432 \u0441\u0435\u0439\u0447\u0430\u0441. \u043d\u0430 \u0434\u0435\u0441\u043a\u0442\u043e\u043f\u0435 \u0438 \u043d\u0430 \u0442\u0435\u043b\u0435\u0444\u043e\u043d\u0435",
        "ts": "1451133797.000315"
    },
    {
        "type": "message",
        "user": "U0G00FWH2",
        "text": "\u043d\u0438\u043a\u0430\u043a\u0438\u0445 \u043f\u0440\u043e\u0431\u043b\u0435\u043c",
        "ts": "1451133800.000316"
    },
    {
        "type": "message",
        "user": "U0F6P8JAG",
        "text": "\u041d\u0430 \u0434\u0435\u0441\u043a\u0442\u043e\u043f\u0435 \u0441 \u043f\u0440\u0438\u043b\u043e\u0436\u0435\u043d\u0438\u0435\u043c \u0443\u0434\u043e\u0431\u043d\u043e. \u041d\u0430 \u0442\u0435\u043b\u0435\u0444\u043e\u043d\u0435 - \u0442\u0435\u0440\u043f\u0438\u043c\u043e (5 \u043d\u0430\u0436\u0430\u0442\u0438\u0439 \u0434\u043e \u043b\u044e\u0431\u043e\u0433\u043e \u043a\u0430\u043d\u0430\u043b\u0430).",
        "edited": {
            "user": "U0F6P8JAG",
            "ts": "1451136795.000000"
        },
        "ts": "1451136786.000317"
    },
    {
        "type": "message",
        "user": "U0F6P8JAG",
        "text": "(\u041d\u0430\u043f\u043e\u043c\u0438\u043d\u0430\u044e: \u044d\u0442\u043e\u0442 \u043a\u0430\u043d\u0430\u043b \u043d\u0435 \u0434\u043b\u044f \u043e\u0431\u0449\u0435\u043d\u0438\u044f, \u0434\u043b\u044f \u043e\u0431\u0449\u0435\u043d\u0438\u044f <#C0CTD63DJ>. \u042d\u0442\u043e\u0442 \u043a\u0430\u043d\u0430\u043b \u0442\u043e\u043b\u044c\u043a\u043e \u0434\u043b\u044f \u043a\u0440\u0443\u043f\u043d\u044b\u0445 \u0430\u043d\u043e\u043d\u0441\u043e\u0432.)",
        "ts": "1451136828.000319"
    },
    {
        "user": "U0HCD0D0F",
        "type": "message",
        "subtype": "channel_join",
        "text": "<@U0HCD0D0F|hiteen> has joined the channel",
        "ts": "1451200521.000320"
    }
]