[
    {
        "user": "U0DBH3TCH",
        "type": "message",
        "subtype": "channel_join",
        "text": "<@U0DBH3TCH|probably_not> has joined the channel",
        "ts": "1446032593.000002"
    },
    {
        "user": "U0CTGJMR9",
        "purpose": "If someone's willing to practice their English, it's the ideal place. Talk about anything you want in English with those who know it. From your heart ;)",
        "type": "message",
        "subtype": "channel_purpose",
        "text": "<@U0CTGJMR9|fil0sof> set the channel purpose: If someone's willing to practice their English, it's the ideal place. Talk about anything you want in English with those who know it. From your heart ;)",
        "ts": "1446033403.000003"
    },
    {
        "user": "U0CTGJMR9",
        "topic": "If someone's willing to practice their English, it's the ideal place. Talk about anything you want in English with those who know it. From your heart ;)",
        "type": "message",
        "subtype": "channel_topic",
        "text": "<@U0CTGJMR9|fil0sof> set the channel topic: If someone's willing to practice their English, it's the ideal place. Talk about anything you want in English with those who know it. From your heart ;)",
        "ts": "1446033424.000004"
    }
]