[
    {
        "user": "U0GFSE2L9",
        "type": "message",
        "subtype": "channel_join",
        "text": "<@U0GFSE2L9|surmatmg> has joined the channel",
        "ts": "1449931105.000225"
    },
    {
        "user": "U0GFTB5TQ",
        "type": "message",
        "subtype": "channel_join",
        "text": "<@U0GFTB5TQ|vicgl> has joined the channel",
        "ts": "1449931559.000226"
    },
    {
        "user": "U0GG3LWDN",
        "type": "message",
        "subtype": "channel_join",
        "text": "<@U0GG3LWDN|siarshai> has joined the channel",
        "ts": "1449954481.000227"
    },
    {
        "user": "U0GGCFBCH",
        "type": "message",
        "subtype": "channel_join",
        "text": "<@U0GGCFBCH|lexszero> has joined the channel",
        "ts": "1449985307.000228"
    }
]