[
    {
        "user": "U0G0UP5FF",
        "type": "message",
        "subtype": "channel_join",
        "text": "<@U0G0UP5FF|alexnikleo> has joined the channel",
        "ts": "1449393596.000122"
    },
    {
        "user": "U0G0WP0G4",
        "type": "message",
        "subtype": "channel_join",
        "text": "<@U0G0WP0G4|ruvk> has joined the channel",
        "ts": "1449407243.000123"
    },
    {
        "user": "U0G13ECRH",
        "type": "message",
        "subtype": "channel_join",
        "text": "<@U0G13ECRH|gestalt_zinfandel> has joined the channel",
        "ts": "1449418935.000124"
    },
    {
        "user": "U0G13H73M",
        "type": "message",
        "subtype": "channel_join",
        "text": "<@U0G13H73M|olga_ushacova> has joined the channel",
        "ts": "1449419179.000125"
    },
    {
        "user": "U0G189CMD",
        "type": "message",
        "subtype": "channel_join",
        "text": "<@U0G189CMD|ivish> has joined the channel",
        "ts": "1449423008.000126"
    },
    {
        "user": "U0G17S0L9",
        "type": "message",
        "subtype": "channel_join",
        "text": "<@U0G17S0L9|georgix> has joined the channel",
        "ts": "1449423694.000127"
    },
    {
        "user": "U0G1QD6LB",
        "type": "message",
        "subtype": "channel_join",
        "text": "<@U0G1QD6LB|foer> has joined the channel",
        "ts": "1449461203.000128"
    }
]