[
    {
        "user": "U0CTD4Q11",
        "topic": "invites: https:\/\/lesswrongru.herokuapp.com\/ If someone's willing to practice their English, it's the ideal place. Talk about anything you want in English with those who know it. From your heart ;)",
        "type": "message",
        "subtype": "channel_topic",
        "text": "<@U0CTD4Q11|microfed> set the channel topic: invites: https:\/\/lesswrongru.herokuapp.com\/ If someone's willing to practice their English, it's the ideal place. Talk about anything you want in English with those who know it. From your heart ;)",
        "ts": "1446480282.000002"
    }
]