[
    {
        "user": "U0G00FWH2",
        "type": "message",
        "subtype": "channel_join",
        "text": "<@U0G00FWH2|random> has joined the channel",
        "ts": "1449315752.000109"
    },
    {
        "user": "U0G0F43UH",
        "type": "message",
        "subtype": "channel_join",
        "text": "<@U0G0F43UH|pion> has joined the channel",
        "ts": "1449340377.000110"
    },
    {
        "user": "U0G0E05CK",
        "type": "message",
        "subtype": "channel_join",
        "text": "<@U0G0E05CK|leonid> has joined the channel",
        "ts": "1449343090.000111"
    },
    {
        "user": "U0G0HNPCP",
        "type": "message",
        "subtype": "channel_join",
        "text": "<@U0G0HNPCP|albedo> has joined the channel",
        "ts": "1449344639.000112"
    },
    {
        "user": "U0G0H9D9P",
        "type": "message",
        "subtype": "channel_join",
        "text": "<@U0G0H9D9P|mcsaks> has joined the channel",
        "ts": "1449345140.000113"
    },
    {
        "user": "U0G0JFJTA",
        "type": "message",
        "subtype": "channel_join",
        "text": "<@U0G0JFJTA|alaric> has joined the channel",
        "ts": "1449345231.000114"
    },
    {
        "user": "U0G0KMGKH",
        "type": "message",
        "subtype": "channel_join",
        "text": "<@U0G0KMGKH|philipb> has joined the channel",
        "ts": "1449349171.000115"
    },
    {
        "user": "U0G0MCG3A",
        "type": "message",
        "subtype": "channel_join",
        "text": "<@U0G0MCG3A|procy> has joined the channel",
        "ts": "1449352103.000116"
    },
    {
        "user": "U0G0HK1RB",
        "type": "message",
        "subtype": "channel_join",
        "text": "<@U0G0HK1RB|levonick> has joined the channel",
        "ts": "1449354610.000117"
    },
    {
        "user": "U0G0HM20M",
        "type": "message",
        "subtype": "channel_join",
        "text": "<@U0G0HM20M|harcisis> has joined the channel",
        "ts": "1449354779.000118"
    },
    {
        "user": "U0G0GHC84",
        "type": "message",
        "subtype": "channel_join",
        "text": "<@U0G0GHC84|govorkaya> has joined the channel",
        "ts": "1449355515.000119"
    },
    {
        "user": "U0G0PFDST",
        "type": "message",
        "subtype": "channel_join",
        "text": "<@U0G0PFDST|kirill> has joined the channel",
        "ts": "1449358788.000120"
    },
    {
        "user": "U0G0VR53L",
        "type": "message",
        "subtype": "channel_join",
        "text": "<@U0G0VR53L|e.kovetskiy> has joined the channel",
        "ts": "1449378528.000121"
    }
]