[
    {
        "user": "U0FGDQJ11",
        "type": "message",
        "subtype": "channel_join",
        "text": "<@U0FGDQJ11|scondo> has joined the channel",
        "ts": "1448881188.000029"
    },
    {
        "user": "U0FGHNCJJ",
        "type": "message",
        "subtype": "channel_join",
        "text": "<@U0FGHNCJJ|viroviro> has joined the channel",
        "ts": "1448882367.000030"
    },
    {
        "type": "message",
        "user": "U0FD5HC1F",
        "text": "Yesterday I had proved some rules and understood some math about Bayes theorem that E. Y. wrote in his explanation.",
        "ts": "1448883985.000031"
    },
    {
        "type": "message",
        "user": "U0FD5HC1F",
        "text": "So, I can try say it simple here, and I still have unsolved questions.",
        "ts": "1448884016.000032"
    },
    {
        "user": "U0FGK73HU",
        "type": "message",
        "subtype": "channel_join",
        "text": "<@U0FGK73HU|failobelko> has joined the channel",
        "ts": "1448884123.000033"
    },
    {
        "type": "message",
        "user": "U0FD5HC1F",
        "text": "Let's define likelihood ratio of evinence E to hypothesis H: k(E, H) = P(E|H) \/ P(E|~H). Sometimes (in approximatedly calcs.) is is easier to imagine k than P(E|H) and P(E|~H), it's \"how much probablier this evidence in the world where H is true than where H is false, no matter prior probabilities of E and H\".",
        "ts": "1448884180.000034"
    },
    {
        "user": "U0FGKCY31",
        "type": "message",
        "subtype": "channel_join",
        "text": "<@U0FGKCY31|deep_blue_hexagon> has joined the channel",
        "ts": "1448884324.000035"
    },
    {
        "type": "message",
        "user": "U0FD5HC1F",
        "text": "So, with this we can do Bayes theorem a little simpilier: P(H|E) = P(H) * k(E, H) \/ (P(H) * (k(E, H) - 1) + 1). It is still hard to remember, but has one variable less than original theorem. (Prior P(E) no matters.)",
        "ts": "1448884359.000036"
    },
    {
        "type": "message",
        "user": "U0FD5HC1F",
        "text": "Next, let's introduce odd instead of probabilities: O = P\/(1 - P), so P = O\/(1 + O), (1 - P) = 1\/(1 + O).",
        "ts": "1448884417.000037"
    },
    {
        "type": "message",
        "user": "U0FD5HC1F",
        "text": "And if we refactor Bayes theorem with odds, we have just O(H|E) = O(H) * k(E, H).",
        "ts": "1448884465.000038"
    },
    {
        "type": "message",
        "user": "U0FD5HC1F",
        "text": "k &gt; 1 means the evidence is positively correlated with H, k &lt; 1 means it's negatively, k = 0 means it's not en evidence. And we can just multiply the odds of hypothesis by the \"strength\" of evidence.",
        "ts": "1448884596.000039"
    },
    {
        "type": "message",
        "user": "U0FD5HC1F",
        "text": "Next, we can introduce logits L thus: L = log O = log P\/(1-P), so O = a^L, where a is some constant, a &gt; 1. (2 or e are frequenlty choice.)",
        "ts": "1448884680.000040"
    },
    {
        "type": "message",
        "user": "U0FD5HC1F",
        "text": "So, the bayes theorem going as: L(H|E) = L(H) + S, where S = log k(E, H). Could be very simple. Let's imagine there is some number of mutually independent evidences with known S for every of them, so, we could just add it to prior L. As a bonus, L is symmetic from P, unlike O.",
        "ts": "1448884892.000041"
    },
    {
        "type": "message",
        "user": "U0FD5HC1F",
        "text": "Some constaints: 0 &lt; P &lt; 1, 0 &lt; O &lt; +inf, -inf &lt; L &lt; +inf. Inversions: P(~A) = 1-P(A); O(~A) = 1\/O(A), L(~A) = -L(A). If P = 1\/2, O = 1 and L = 0.",
        "ts": "1448885000.000042"
    },
    {
        "type": "message",
        "user": "U0FD5HC1F",
        "text": "I read about this stuff in E. Y.'s \"Intuitive explanation...\" but had not well understanding; now I think I have.",
        "edited": {
            "user": "U0FD5HC1F",
            "ts": "1448885073.000000"
        },
        "ts": "1448885069.000043"
    },
    {
        "type": "message",
        "user": "U0FD5HC1F",
        "text": "I interesting about S. If log is binary (a = 2), S is like information in bits. Seems very attractive if S(E, H) is the information of evidence E about H, But there is no simple matching between this and Shannon's rules.",
        "ts": "1448885266.000045"
    },
    {
        "type": "message",
        "user": "U0FD5HC1F",
        "text": "This article: <http:\/\/lesswrong.com\/lw\/jn\/how_much_evidence_does_it_take\/> uses information in exaclty sense that my S (actually, I don't know I there is some letter for this variable, I use S as \"strength\" for additive var; for likelihood ratio I've taken k because it's simplier to type here than lambda like in Wikipedia). But there is no bridge between Shannon and log2 (P(E|H) \/ P(E|~H)) I can see. I looked a little and found no clear kind of explanation.",
        "attachments": [
            {
                "text": "Followup to:\u00a0 What is Evidence? Previously, I defined evidence as &amp;quot;an event entangled, by links of cause and effect, with whatever you want to know about&amp;quot;, and",
                "fallback": "Followup to:\u00a0 What is Evidence? Previously, I defined evidence as &amp;quot;an event entangled, by links of cause and effect, with whatever you want to know about&amp;quot;, and",
                "from_url": "http:\/\/lesswrong.com\/lw\/jn\/how_much_evidence_does_it_take\/",
                "id": 1
            }
        ],
        "ts": "1448885495.000046"
    },
    {
        "type": "message",
        "user": "U0FD5HC1F",
        "text": "(So, there is Russian translation of article I linked above: <http:\/\/lesswrong.ru\/w\/%D0%A1%D0%BA%D0%BE%D0%BB%D1%8C%D0%BA%D0%BE_%D1%81%D0%B2%D0%B8%D0%B4%D0%B5%D1%82%D0%B5%D0%BB%D1%8C%D1%81%D1%82%D0%B2_%D0%BF%D0%BE%D0%BD%D0%B0%D0%B4%D0%BE%D0%B1%D0%B8%D1%82%D1%81%D1%8F>)",
        "ts": "1448885525.000048"
    },
    {
        "type": "message",
        "user": "U0FD5HC1F",
        "text": "(I've just finished. Found that math is simplier to write about in English that something less formal.)",
        "ts": "1448885620.000049"
    },
    {
        "user": "U0FGM5C5U",
        "type": "message",
        "subtype": "channel_join",
        "text": "<@U0FGM5C5U|mldv> has joined the channel",
        "ts": "1448886355.000050"
    },
    {
        "type": "message",
        "user": "U0FD5HC1F",
        "text": "<@U0D0R0D4P>: wanted to say some?",
        "ts": "1448888476.000051"
    },
    {
        "type": "message",
        "user": "U0FD5HC1F",
        "text": "Saw you typing :simple_smile:",
        "ts": "1448888487.000052"
    },
    {
        "type": "message",
        "user": "U0CTD4Q11",
        "text": "We should integrate a latex engine here. Definitely!",
        "ts": "1448888557.000053"
    },
    {
        "type": "message",
        "user": "U0FD5HC1F",
        "text": "And in the forum and wiki for sequences on <http:\/\/lesswrong.ru|lesswrong.ru>, I think.",
        "ts": "1448888586.000054"
    },
    {
        "type": "message",
        "user": "U0CTD4Q11",
        "text": "<http:\/\/mathim.com\/lobby>",
        "attachments": [
            {
                "text": "Math Typeset Chat. Use beautifully rendered LaTeX math in chat. To invite a friend, link them after you enter a room.",
                "fallback": "Math Typeset Chat. Use beautifully rendered LaTeX math in chat. To invite a friend, link them after you enter a room.",
                "from_url": "http:\/\/mathim.com\/lobby",
                "id": 1
            }
        ],
        "ts": "1448888693.000055"
    },
    {
        "type": "message",
        "user": "U0CTD4Q11",
        "text": "nice",
        "ts": "1448888696.000057"
    },
    {
        "type": "message",
        "user": "U0FD5HC1F",
        "text": "and sometimes it is convience to draw some diagrams while chatting, like yesterday's minesweeper or just a bayes lines to explain ratios graphically. Is there some engine for this?",
        "ts": "1448888786.000058"
    },
    {
        "type": "message",
        "user": "U0CTD4Q11",
        "text": "There is, but it's not free(",
        "ts": "1448888820.000059"
    },
    {
        "type": "message",
        "user": "U0CTD4Q11",
        "text": "There are two open-sourced projects about latex in slack: <https:\/\/github.com\/bjester\/slacktex> and <https:\/\/github.com\/sand500\/SlackLateX>",
        "attachments": [
            {
                "service_name": "GitHub",
                "title": "bjester\/slacktex",
                "title_link": "https:\/\/github.com\/bjester\/slacktex",
                "text": "slacktex - An API for integrating LaTeX equations into Slack.",
                "fallback": "GitHub: bjester\/slacktex",
                "thumb_url": "https:\/\/avatars1.githubusercontent.com\/u\/819838?v=3&s=400",
                "from_url": "https:\/\/github.com\/bjester\/slacktex",
                "thumb_width": 400,
                "thumb_height": 400,
                "id": 1
            },
            {
                "service_name": "GitHub",
                "title": "sand500\/SlackLateX",
                "title_link": "https:\/\/github.com\/sand500\/SlackLateX",
                "text": "SlackLateX - Bot that posts posts Latex pictures",
                "fallback": "GitHub: sand500\/SlackLateX",
                "thumb_url": "https:\/\/avatars2.githubusercontent.com\/u\/998056?v=3&s=400",
                "from_url": "https:\/\/github.com\/sand500\/SlackLateX",
                "thumb_width": 400,
                "thumb_height": 400,
                "id": 2
            }
        ],
        "ts": "1448888983.000060"
    },
    {
        "type": "message",
        "user": "U0CTD4Q11",
        "text": "But we need to run this code on the server, as fas as I understand.",
        "ts": "1448889014.000062"
    },
    {
        "type": "message",
        "subtype": "file_share",
        "text": "<@U0CTD4Q11|microfed> uploaded a file: <https:\/\/lesswrongru.slack.com\/files\/microfed\/F0FGQ1ALF\/pasted_image_at_2015_11_30_04_13_pm.png|Pasted image at 2015-11-30, 4:13 PM> and commented: testing",
        "file": {
            "id": "F0FGQ1ALF",
            "created": 1448889214,
            "timestamp": 1448889214,
            "name": "Pasted image at 2015_11_30 04_13 PM.png",
            "title": "Pasted image at 2015-11-30, 4:13 PM",
            "mimetype": "image\/png",
            "filetype": "png",
            "pretty_type": "PNG",
            "user": "U0CTD4Q11",
            "editable": false,
            "size": 2804,
            "mode": "hosted",
            "is_external": false,
            "external_type": "",
            "is_public": true,
            "public_url_shared": false,
            "display_as_bot": false,
            "username": "",
            "url_private": "https:\/\/files.slack.com\/files-pri\/T0CTD4Q0K-F0FGQ1ALF\/pasted_image_at_2015_11_30_04_13_pm.png?t=xoxe-12931160019-103607625319-102215183440-059257f7d7",
            "url_private_download": "https:\/\/files.slack.com\/files-pri\/T0CTD4Q0K-F0FGQ1ALF\/download\/pasted_image_at_2015_11_30_04_13_pm.png?t=xoxe-12931160019-103607625319-102215183440-059257f7d7",
            "thumb_64": "https:\/\/files.slack.com\/files-tmb\/T0CTD4Q0K-F0FGQ1ALF-ed712b709c\/pasted_image_at_2015_11_30_04_13_pm_64.png?t=xoxe-12931160019-103607625319-102215183440-059257f7d7",
            "thumb_80": "https:\/\/files.slack.com\/files-tmb\/T0CTD4Q0K-F0FGQ1ALF-ed712b709c\/pasted_image_at_2015_11_30_04_13_pm_80.png?t=xoxe-12931160019-103607625319-102215183440-059257f7d7",
            "thumb_360": "https:\/\/files.slack.com\/files-tmb\/T0CTD4Q0K-F0FGQ1ALF-ed712b709c\/pasted_image_at_2015_11_30_04_13_pm_360.png?t=xoxe-12931160019-103607625319-102215183440-059257f7d7",
            "thumb_360_w": 236,
            "thumb_360_h": 52,
            "thumb_160": "https:\/\/files.slack.com\/files-tmb\/T0CTD4Q0K-F0FGQ1ALF-ed712b709c\/pasted_image_at_2015_11_30_04_13_pm_160.png?t=xoxe-12931160019-103607625319-102215183440-059257f7d7",
            "image_exif_rotation": 1,
            "original_w": 236,
            "original_h": 52,
            "permalink": "https:\/\/lesswrongru.slack.com\/files\/microfed\/F0FGQ1ALF\/pasted_image_at_2015_11_30_04_13_pm.png",
            "permalink_public": "https:\/\/slack-files.com\/T0CTD4Q0K-F0FGQ1ALF-d70f14a3f3",
            "channels": [
                "C0CTD63D2"
            ],
            "groups": [
    
            ],
            "ims": [
    
            ],
            "comments_count": 1,
            "initial_comment": {
                "id": "Fc0FGM4DFV",
                "created": 1448889214,
                "timestamp": 1448889214,
                "user": "U0CTD4Q11",
                "is_intro": true,
                "comment": "testing",
                "channel": ""
            }
        },
        "user": "U0CTD4Q11",
        "upload": true,
        "display_as_bot": false,
        "username": "<@U0CTD4Q11|microfed>",
        "bot_id": null,
        "ts": "1448889215.000063"
    },
    {
        "type": "message",
        "user": "U0CTD4Q11",
        "text": "<https:\/\/latex.codecogs.com\/png.latex?%5Clarge%20P%28H%7CE%29%20%3D%20%5Cfrac%7BP%28H%29P%28E%7CH%29%7D%7BP%28E%29%7D>",
        "attachments": [
            {
                "fallback": "236x52px image",
                "image_url": "https:\/\/latex.codecogs.com\/png.latex?%5Clarge%20P%28H%7CE%29%20%3D%20%5Cfrac%7BP%28H%29P%28E%7CH%29%7D%7BP%28E%29%7D",
                "image_width": 236,
                "image_height": 52,
                "image_bytes": 1430,
                "from_url": "https:\/\/latex.codecogs.com\/png.latex?%5Clarge%20P%28H%7CE%29%20%3D%20%5Cfrac%7BP%28H%29P%28E%7CH%29%7D%7BP%28E%29%7D",
                "id": 1
            }
        ],
        "ts": "1448889241.000068"
    },
    {
        "type": "message",
        "user": "U0CTD4Q11",
        "text": "For now, we could use this service and post images for complex formulas: <https:\/\/www.codecogs.com\/latex\/eqneditor.php>",
        "attachments": [
            {
                "text": "HTML LaTeX equation editor that creates graphical equations (gif, png, swf, pdf, emf). Produces code for directly embedding equations into HTML websites, forums or blogs. Images may also be dragged into other applications like Word. Open source and XHTML compliant.",
                "fallback": "HTML LaTeX equation editor that creates graphical equations (gif, png, swf, pdf, emf). Produces code for directly embedding equations into HTML websites, forums or blogs. Images may also be dragged into other applications like Word. Open source and XHTML compliant.",
                "from_url": "https:\/\/www.codecogs.com\/latex\/eqneditor.php",
                "id": 1
            }
        ],
        "ts": "1448889299.000070"
    },
    {
        "type": "message",
        "user": "U0FD5HC1F",
        "text": "<https:\/\/latex.codecogs.com\/gif.latex?L(H%7CE)&amp;space;=&amp;space;L(H)&amp;space;&amp;plus;&amp;space;log_{2}&amp;space;(\\frac{P(E%7CH)}{P(E%7C\\overline{H})})>",
        "attachments": [
            {
                "fallback": "261x45px image",
                "image_url": "https:\/\/latex.codecogs.com\/gif.latex?L(H%7CE)&space;=&space;L(H)&space;&plus;&space;log_{2}&space;(\\frac{P(E%7CH)}{P(E%7C\\overline{H})})",
                "image_width": 261,
                "image_height": 45,
                "image_bytes": 1437,
                "from_url": "https:\/\/latex.codecogs.com\/gif.latex?L(H%7CE)&space;=&space;L(H)&space;&plus;&space;log_{2}&space;(\\frac{P(E%7CH)}{P(E%7C\\overline{H})})",
                "id": 1
            }
        ],
        "edited": {
            "user": "U0FD5HC1F",
            "ts": "1448889534.000000"
        },
        "ts": "1448889507.000072"
    },
    {
        "type": "message",
        "user": "U0FD5HC1F",
        "text": "\u0441\u043a\u043e\u0431\u043a\u0438 \u043b\u0438\u0448\u043d\u0438\u0435 \u043e\u0441\u0442\u0430\u0432\u0438\u043b, \u043d\u0443 \u0434\u0430 \u043b\u0430\u0434\u043d\u043e",
        "ts": "1448889552.000077"
    },
    {
        "type": "message",
        "user": "U0CTD4Q11",
        "text": "And you could always change the URI to fix the image",
        "ts": "1448889580.000078"
    },
    {
        "type": "message",
        "user": "U0FD5HC1F",
        "text": "oh, forget about english",
        "ts": "1448889603.000079"
    },
    {
        "type": "message",
        "user": "U0FD5HC1F",
        "text": "where:",
        "ts": "1448889662.000080"
    },
    {
        "type": "message",
        "user": "U0FD5HC1F",
        "text": "<https:\/\/latex.codecogs.com\/gif.latex?L%28A%29%20%3D%20log_%7B2%7D%20%5Cfrac%7BP%28A%29%7D%7B1-P%28A%29%7D>",
        "attachments": [
            {
                "fallback": "169x43px image",
                "image_url": "https:\/\/latex.codecogs.com\/gif.latex?L%28A%29%20%3D%20log_%7B2%7D%20%5Cfrac%7BP%28A%29%7D%7B1-P%28A%29%7D",
                "image_width": 169,
                "image_height": 43,
                "image_bytes": 920,
                "from_url": "https:\/\/latex.codecogs.com\/gif.latex?L%28A%29%20%3D%20log_%7B2%7D%20%5Cfrac%7BP%28A%29%7D%7B1-P%28A%29%7D",
                "id": 1
            }
        ],
        "ts": "1448889665.000081"
    },
    {
        "type": "message",
        "user": "U0FD5HC1F",
        "text": "wow, I have just typed LaTeX'ed Bayes theorem in logits form",
        "ts": "1448889729.000083"
    },
    {
        "user": "U0FGVEJBW",
        "type": "message",
        "subtype": "channel_join",
        "text": "<@U0FGVEJBW|psfinaki> has joined the channel",
        "ts": "1448897895.000084"
    },
    {
        "user": "U0FHK0P8S",
        "type": "message",
        "subtype": "channel_join",
        "text": "<@U0FHK0P8S|littleblueduck> has joined the channel",
        "ts": "1448909057.000085"
    },
    {
        "type": "message",
        "user": "U0FHK0P8S",
        "text": "Guys, what app do you use to write in LaTeX? I need one for Linux or Android.",
        "ts": "1448911177.000086"
    },
    {
        "type": "message",
        "user": "U0CTD4Q11",
        "text": "In linux I'm using tetex",
        "ts": "1448911240.000087"
    },
    {
        "type": "message",
        "user": "U0FHK0P8S",
        "text": "thanks, I'll check it out.",
        "ts": "1448911289.000088"
    },
    {
        "type": "message",
        "user": "U0CTD4Q11",
        "text": "It's not an editor or something. For editing I'm using emacs or vim (depends on my mood)",
        "ts": "1448911359.000089"
    },
    {
        "type": "message",
        "user": "U0CTD4Q11",
        "text": "I prefer editing all text-based data with these tools",
        "ts": "1448911428.000090"
    },
    {
        "type": "message",
        "user": "U0CTD4Q11",
        "text": "But if you need a simple quick start to Latex, you could try Lyx",
        "edited": {
            "user": "U0CTD4Q11",
            "ts": "1448911509.000000"
        },
        "ts": "1448911472.000091"
    },
    {
        "type": "message",
        "user": "U0CTD4Q11",
        "text": "It's an editor + a set of macros over Latex",
        "ts": "1448911489.000092"
    },
    {
        "type": "message",
        "user": "U0CTD4Q11",
        "text": "<http:\/\/www.lyx.org\/Download>",
        "attachments": [
            {
                "text": "Download page for the LyX application, both source code and binaries.",
                "fallback": "Download page for the LyX application, both source code and binaries.",
                "from_url": "http:\/\/www.lyx.org\/Download",
                "id": 1
            }
        ],
        "ts": "1448911584.000094"
    },
    {
        "type": "message",
        "user": "U0D0R0D4P",
        "text": "<http:\/\/lesswrong.com\/lw\/o5\/the_second_law_of_thermodynamics_and_engines_of\/>",
        "attachments": [
            {
                "text": "Followup to:\u00a0 Superexponential Conceptspace, and Simple Words The first law of thermodynamics, better known as Conservation of Energy, says that you can't crea",
                "fallback": "Followup to:\u00a0 Superexponential Conceptspace, and Simple Words The first law of thermodynamics, better known as Conservation of Energy, says that you can't crea",
                "from_url": "http:\/\/lesswrong.com\/lw\/o5\/the_second_law_of_thermodynamics_and_engines_of\/",
                "id": 1
            }
        ],
        "ts": "1448929900.000096"
    },
    {
        "type": "message",
        "user": "U0D0R0D4P",
        "text": "Is this as solid as its looks?",
        "edited": {
            "user": "U0D0R0D4P",
            "ts": "1448930079.000000"
        },
        "ts": "1448929920.000098"
    },
    {
        "type": "message",
        "user": "U0FD5HC1F",
        "text": "Thinking bayesian is not in trend today. Thinking thermodynamically is!",
        "ts": "1448934500.000100"
    },
    {
        "type": "message",
        "user": "U0FD5HC1F",
        "text": "really, haven't understood the question",
        "ts": "1448934518.000101"
    }
]