[
    {
        "user": "U0FQW7HH7",
        "type": "message",
        "subtype": "channel_join",
        "text": "<@U0FQW7HH7|netochka-nezvanova> has joined the channel",
        "ts": "1449146847.000105"
    },
    {
        "user": "U0FRMV4Q2",
        "type": "message",
        "subtype": "channel_join",
        "text": "<@U0FRMV4Q2|alexander230> has joined the channel",
        "ts": "1449164279.000106"
    },
    {
        "user": "U0FS0PUM8",
        "type": "message",
        "subtype": "channel_join",
        "text": "<@U0FS0PUM8|mentalgopher> has joined the channel",
        "ts": "1449172747.000107"
    }
]