[
    {
        "type": "message",
        "user": "U0FD5HC1F",
        "text": "Nice idea, about English. I had realized some time ago that in practice English is one of the key skills of one who learns rationality. Seriously, it's a huge disproportion between rational books, blogs, authors and communities in English and another languages, Russian too.",
        "ts": "1448846565.000004"
    },
    {
        "type": "message",
        "user": "U0FD5HC1F",
        "text": "I often catch myself on the trying to expressing thoughts about rationality, science, maths etc. in English probably because of the massive part of concepts were learned in English. So, I still do it poor and my real tries to speak English (like now) are enough slower, probably less correct and not so meaningful as its imagination into my head when I expressing things to myself only.",
        "ts": "1448846894.000005"
    },
    {
        "type": "message",
        "user": "U0FD5HC1F",
        "text": "(My fingers automatically type \"myself\" as \"mysql\", lol.)",
        "ts": "1448846928.000006"
    },
    {
        "type": "message",
        "user": "U0FD5HC1F",
        "text": "It would be useful to try discuss some hard (or even not very simple, like school and university topics) questions in English. If it won't naturally, we may try to play some game like answers and questions artificially, don't know exactly how.",
        "edited": {
            "user": "U0FD5HC1F",
            "ts": "1448847146.000000"
        },
        "ts": "1448847115.000007"
    },
    {
        "type": "message",
        "user": "U0FD5HC1F",
        "text": "I suspect from my expirience then school and university English discussions (in Russia, of course) is strongly about grammar, phonetics etc. and not much interested in meaning, truth, discussion goals. I think we should do this vice versa.",
        "ts": "1448847373.000009"
    },
    {
        "type": "message",
        "user": "U0FD5HC1F",
        "text": "uhm, it seems like that conversation between non-native speakers requires a sort of distinguishing whether you can not express the thought and your listener can not understand it :simple_smile:",
        "ts": "1448847574.000010"
    },
    {
        "type": "message",
        "user": "U0FD5HC1F",
        "text": "It's more likely that I am bad understander even if enough good expressor.",
        "edited": {
            "user": "U0FD5HC1F",
            "ts": "1448847663.000000"
        },
        "ts": "1448847622.000011"
    },
    {
        "type": "message",
        "user": "U0FD5HC1F",
        "text": "&gt; If it won't naturally, we may try to play some game like answers and questions artificially, don't know exactly how.",
        "ts": "1448847719.000013"
    },
    {
        "type": "message",
        "user": "U0FD5HC1F",
        "text": "Okay, I see how can we start! I'm ready to try to give a brief answer on any kind of question what I have say about. Maybe slowly and not guaranteed, but I will try. And I probably can ask the questions for those who declare the same proposition.",
        "ts": "1448847890.000014"
    },
    {
        "type": "message",
        "user": "U0FD5HC1F",
        "text": "(speaking of, human's brain is funny. Right now I've calculated if I go to sleep now (at five) and sleep for 7 hrs, when I wake up. And I found out that I doubted in answer at least twice (5+7=12... 12? 12! 12?) just because I didn't like it, sorry for kinda flood.)",
        "edited": {
            "user": "U0FD5HC1F",
            "ts": "1448849979.000000"
        },
        "ts": "1448849902.000015"
    },
    {
        "type": "message",
        "user": "U0CTGJMR9",
        "text": "(My fingers automatically type \"myself\" as \"mysql\", lol.)\n\n:smile:",
        "ts": "1448867965.000018"
    },
    {
        "type": "message",
        "user": "U0CTGJMR9",
        "text": "I strongly believe, and have enough evidence, that just speaking English in general is extremely helpful in terms of learning and practicing it",
        "ts": "1448868017.000019"
    },
    {
        "type": "message",
        "user": "U0CTGJMR9",
        "text": "It's not obligated to discuss only serious topics: if we could perform all our countless flood in English, it would be very good for every one of us",
        "ts": "1448868061.000020"
    },
    {
        "type": "message",
        "user": "U0CTGJMR9",
        "text": "Grammar is not as essential as you were told in school: there're plenty of people who knows almost no grammar at all, but can speak fluently and express their thoughts like in native English",
        "edited": {
            "user": "U0CTGJMR9",
            "ts": "1448879160.000000"
        },
        "ts": "1448868118.000021"
    },
    {
        "type": "message",
        "user": "U0CTGJMR9",
        "text": "In fact, there're plenty of Russian-speaking people with poor knowledge of Russian grammar",
        "edited": {
            "user": "U0CTGJMR9",
            "ts": "1448879170.000000"
        },
        "ts": "1448868194.000022"
    },
    {
        "type": "message",
        "user": "U0CTGJMR9",
        "text": "So, don't think too much about grammar, just speak, speak and speak again",
        "ts": "1448868214.000023"
    },
    {
        "type": "message",
        "user": "U0CTGJMR9",
        "text": "If you have an opportunity, find a people whom you can speak verbal English  to",
        "ts": "1448868270.000024"
    },
    {
        "type": "message",
        "user": "U0CTGJMR9",
        "text": "If you don't, just make us here flood in English instead of Russia. Let there be at least something useful about constant spam here :smile:",
        "ts": "1448868306.000025"
    }
]