[
    {
        "user": "U2VSKQM9S",
        "text": "<@U2VSKQM9S|fedor> has joined the channel",
        "type": "message",
        "subtype": "channel_join",
        "ts": "1477739580.000116"
    },
    {
        "user": "U2VUNKH1D",
        "text": "<@U2VUNKH1D|teemon> has joined the channel",
        "type": "message",
        "subtype": "channel_join",
        "ts": "1477768767.000117"
    },
    {
        "user": "U2VV7J18E",
        "text": "<@U2VV7J18E|dmitriykhrachenko> has joined the channel",
        "type": "message",
        "subtype": "channel_join",
        "ts": "1477786399.000118"
    }
]