[
    {
        "user": "U1UJMHP2Q",
        "text": "<@U1UJMHP2Q|kindamadness> has joined the channel",
        "type": "message",
        "subtype": "channel_join",
        "ts": "1469376771.000007"
    },
    {
        "user": "U1UHRSLAF",
        "text": "<@U1UHRSLAF|ninacarrot> has joined the channel",
        "type": "message",
        "subtype": "channel_join",
        "ts": "1469387261.000008"
    },
    {
        "user": "U1UK3BW4C",
        "text": "<@U1UK3BW4C|amych> has joined the channel",
        "type": "message",
        "subtype": "channel_join",
        "ts": "1469387993.000009"
    },
    {
        "user": "U1UHTDQMR",
        "text": "<@U1UHTDQMR|daria> has joined the channel",
        "type": "message",
        "subtype": "channel_join",
        "ts": "1469388369.000010"
    },
    {
        "user": "U1UKJ4KPZ",
        "text": "<@U1UKJ4KPZ|serk> has joined the channel",
        "type": "message",
        "subtype": "channel_join",
        "ts": "1469391361.000011"
    },
    {
        "user": "U1UKPHDL4",
        "text": "<@U1UKPHDL4|alajne> has joined the channel",
        "type": "message",
        "subtype": "channel_join",
        "ts": "1469403243.000012"
    }
]