[
    {
        "user": "U0HJ93C3B",
        "type": "message",
        "subtype": "channel_join",
        "text": "<@U0HJ93C3B|dsent> has joined the channel",
        "ts": "1451645838.000325"
    },
    {
        "type": "message",
        "user": "U0FQW7HH7",
        "text": "rename \u2192 #announcements",
        "ts": "1451698916.000326",
        "reactions": [
            {
                "name": "+1",
                "users": [
                    "U0G0KMGKH"
                ],
                "count": 1
            }
        ]
    }
]