[
    {
        "user": "U2LJCT8SZ",
        "text": "<@U2LJCT8SZ|ivladak> has joined the channel",
        "type": "message",
        "subtype": "channel_join",
        "ts": "1475832221.000051"
    },
    {
        "user": "U2LLCHP2N",
        "text": "<@U2LLCHP2N|gabriel_walden> has joined the channel",
        "type": "message",
        "subtype": "channel_join",
        "ts": "1475842213.000052"
    },
    {
        "user": "U2LQ86YAZ",
        "text": "<@U2LQ86YAZ|mikakorus> has joined the channel",
        "type": "message",
        "subtype": "channel_join",
        "ts": "1475859807.000053"
    },
    {
        "user": "U2LU6T9N2",
        "text": "<@U2LU6T9N2|woefrommind> has joined the channel",
        "type": "message",
        "subtype": "channel_join",
        "ts": "1475879524.000054"
    }
]