[
    {
        "type": "message",
        "user": "U0GBBAD1P",
        "text": "\u0434\u043e\u0431\u0430\u0432\u0438\u043b fallacy emoji (\u0441 \u043f\u0440\u0435\u0444\u0438\u043a\u0441\u043e\u043c fallacy_)",
        "ts": "1454349818.000011",
        "reactions": [
            {
                "name": "+1",
                "users": [
                    "U0G0KMGKH",
                    "U0F6P8JAG",
                    "U0KA9GQQN",
                    "U0G0F43UH",
                    "U0FGKCY31",
                    "U0CTD4Q11",
                    "U0FS0PUM8"
                ],
                "count": 7
            },
            {
                "name": "fallacy_slippery_slope",
                "users": [
                    "U0F6P8JAG"
                ],
                "count": 1
            }
        ]
    }
]