[
    {
        "type": "message",
        "user": "U0G00FWH2",
        "text": "\u0441\u043e\u0437\u0434\u0430\u043b \u043a\u0430\u043d\u0430\u043b <#C2MB1CHB4|tech> \u0447\u0442\u043e\u0431\u044b \u043e\u0431\u0441\u0443\u0436\u0434\u0430\u0442\u044c \u0432\u043e\u043f\u0440\u043e\u0441\u044b \u0442\u0435\u0445\u043d\u043e\u043b\u043e\u0433\u0438\u0439 \u0438 \u0432\u0441\u0435\u0433\u043e \u0441 \u043d\u0438\u043c\u0438 \u0441\u0432\u044f\u0437\u0430\u043d\u043d\u043e\u0433\u043e.",
        "ts": "1476090029.000068"
    },
    {
        "user": "U2MAZ9QP9",
        "text": "<@U2MAZ9QP9|dmitry.antonyuk> has joined the channel",
        "type": "message",
        "subtype": "channel_join",
        "ts": "1476090752.000069"
    },
    {
        "user": "U2MKPHGDS",
        "text": "<@U2MKPHGDS|gryphon> has joined the channel",
        "type": "message",
        "subtype": "channel_join",
        "ts": "1476136201.000070"
    }
]