[
    {
        "user": "U2ZTEFXAT",
        "text": "<@U2ZTEFXAT|kuromaru> has joined the channel",
        "type": "message",
        "subtype": "channel_join",
        "ts": "1478525113.000150"
    },
    {
        "user": "U2ZTZNJKY",
        "text": "<@U2ZTZNJKY|archy> has joined the channel",
        "type": "message",
        "subtype": "channel_join",
        "ts": "1478529203.000151"
    },
    {
        "user": "U2Z8ASUKC",
        "text": "<@U2Z8ASUKC|alexanderaa> has joined the channel",
        "type": "message",
        "subtype": "channel_join",
        "ts": "1478529841.000152"
    },
    {
        "user": "U3061KTP0",
        "text": "<@U3061KTP0|maryedetvnebesa> has joined the channel",
        "type": "message",
        "subtype": "channel_join",
        "ts": "1478556002.000153"
    },
    {
        "user": "U2YQGUY0G",
        "text": "<@U2YQGUY0G|polenko> has joined the channel",
        "type": "message",
        "subtype": "channel_join",
        "ts": "1478557001.000154"
    },
    {
        "user": "U2YRPFHS4",
        "text": "<@U2YRPFHS4|misit-rootfest> has joined the channel",
        "type": "message",
        "subtype": "channel_join",
        "ts": "1478563262.000002"
    },
    {
        "user": "U2ZF5J2SF",
        "text": "<@U2ZF5J2SF|wopovo-rootfest> has joined the channel",
        "type": "message",
        "subtype": "channel_join",
        "ts": "1478564030.000003"
    }
]