[
    {
        "user": "U2M4SUJRW",
        "text": "<@U2M4SUJRW|faust> has joined the channel",
        "type": "message",
        "subtype": "channel_join",
        "ts": "1476003194.000063"
    },
    {
        "user": "U2M5C6P8S",
        "text": "<@U2M5C6P8S|daria-a> has joined the channel",
        "type": "message",
        "subtype": "channel_join",
        "ts": "1476005187.000064"
    },
    {
        "user": "U2M5GNQQY",
        "text": "<@U2M5GNQQY|nemesvl> has joined the channel",
        "type": "message",
        "subtype": "channel_join",
        "ts": "1476016770.000065"
    },
    {
        "user": "U2M6027A6",
        "text": "<@U2M6027A6|sweetberry> has joined the channel",
        "type": "message",
        "subtype": "channel_join",
        "ts": "1476016947.000066"
    },
    {
        "user": "U2M62F7FC",
        "text": "<@U2M62F7FC|rem.hellige> has joined the channel",
        "type": "message",
        "subtype": "channel_join",
        "ts": "1476018668.000067"
    }
]