[
    {
        "user": "U24DHGLFQ",
        "text": "<@U24DHGLFQ|meshin> has joined the channel",
        "type": "message",
        "subtype": "channel_join",
        "ts": "1472035828.000049"
    },
    {
        "user": "U24E5A4BU",
        "text": "<@U24E5A4BU|danila> has joined the channel",
        "type": "message",
        "subtype": "channel_join",
        "ts": "1472036835.000050"
    },
    {
        "user": "U24LVTM4G",
        "text": "<@U24LVTM4G|fess_i> has joined the channel",
        "type": "message",
        "subtype": "channel_join",
        "ts": "1472074437.000051"
    }
]