[
    {
        "text": "",
        "username": "poll-subcurrent",
        "icons": {
            "image_48": "https:\/\/s3-us-west-2.amazonaws.com\/slack-files2\/bot_icons\/2015-12-08\/16191869266_48.png"
        },
        "attachments": [
            {
                "fallback": "\u0415\u0441\u043b\u0438 \u0431\u0443\u0434\u0435\u0442 \u0441\u043e\u0437\u0434\u0430\u043d \u043f\u0443\u0431\u043b\u0438\u0447\u043d\u044b\u0439 \u0430\u0440\u0445\u0438\u0432 \u0432\u0441\u0435\u0445 \u043a\u0430\u043d\u0430\u043b\u043e\u0432 \u044d\u0442\u043e\u0433\u043e \u0441\u043b\u0430\u043a\u0430. \u0411\u0443\u0434\u0438\u0442\u0435 \u043b\u0438 \u0432\u044b \u043b\u0438\u0447\u043d\u043e \u0438\u043c \u043f\u043e\u043b\u044c\u0437\u043e\u0432\u0430\u0442\u044c\u0441\u044f.",
                "text": "\n",
                "pretext": "A fellow team member has posted an anonymous poll using `\/poll`: Vote below or <https:\/\/www.getsubcurrent.com\/slackvote\/L3T4MdBmx7vNTHYZg|view results in your browser>.",
                "title": "\u0415\u0441\u043b\u0438 \u0431\u0443\u0434\u0435\u0442 \u0441\u043e\u0437\u0434\u0430\u043d \u043f\u0443\u0431\u043b\u0438\u0447\u043d\u044b\u0439 \u0430\u0440\u0445\u0438\u0432 \u0432\u0441\u0435\u0445 \u043a\u0430\u043d\u0430\u043b\u043e\u0432 \u044d\u0442\u043e\u0433\u043e \u0441\u043b\u0430\u043a\u0430. \u0411\u0443\u0434\u0438\u0442\u0435 \u043b\u0438 \u0432\u044b \u043b\u0438\u0447\u043d\u043e \u0438\u043c \u043f\u043e\u043b\u044c\u0437\u043e\u0432\u0430\u0442\u044c\u0441\u044f.",
                "id": 1,
                "color": "008cba",
                "fields": [
                    {
                        "title": "",
                        "value": "<https:\/\/www.getsubcurrent.com\/slackvote\/L3T4MdBmx7vNTHYZg\/?qId=C5HZLjxfG4yBmwn5Y&amp;vote=0|\u0411\u0443\u0434\u0443 \u0447\u0430\u0441\u0442\u043e>",
                        "short": false
                    },
                    {
                        "title": "",
                        "value": "<https:\/\/www.getsubcurrent.com\/slackvote\/L3T4MdBmx7vNTHYZg\/?qId=C5HZLjxfG4yBmwn5Y&amp;vote=1|\u0411\u0443\u0434\u0443 \u0440\u0435\u0434\u043a\u043e>",
                        "short": false
                    },
                    {
                        "title": "",
                        "value": "<https:\/\/www.getsubcurrent.com\/slackvote\/L3T4MdBmx7vNTHYZg\/?qId=C5HZLjxfG4yBmwn5Y&amp;vote=2|\u0421\u043a\u043e\u0440\u0435\u0435 \u0432\u0441\u0435\u0433\u043e \u043d\u0435 \u0431\u0443\u0434\u0443>",
                        "short": false
                    },
                    {
                        "title": "",
                        "value": "<https:\/\/www.getsubcurrent.com\/slackvote\/L3T4MdBmx7vNTHYZg\/?qId=C5HZLjxfG4yBmwn5Y&amp;vote=3|\u0422\u043e\u0447\u043d\u043e \u043d\u0435 \u0431\u0443\u0434\u0443>",
                        "short": false
                    },
                    {
                        "title": "",
                        "value": "<https:\/\/www.getsubcurrent.com\/slackvote\/L3T4MdBmx7vNTHYZg\/?qId=C5HZLjxfG4yBmwn5Y&amp;vote=4|\u042f \u043d\u0435 \u0445\u043e\u0447\u0443 \u043f\u043e\u0440\u0442\u0438\u0442\u044c \u0441\u0442\u0430\u0442\u0438\u0441\u0442\u0438\u043a\u0443, \u044f \u0445\u043e\u0447\u0443 \u0442\u043e\u043b\u044c\u043a\u043e \u043f\u043e\u0441\u043c\u043e\u0442\u0440\u0435\u0442\u044c \u0440\u0435\u0437\u0443\u043b\u044c\u0442\u0430\u0442\u044b.>",
                        "short": false
                    }
                ],
                "mrkdwn_in": [
                    "pretext"
                ]
            }
        ],
        "type": "message",
        "subtype": "bot_message",
        "ts": "1455109685.000027"
    },
    {
        "type": "message",
        "user": "U0G00FWH2",
        "text": "\u0412 <#C0L93QKDZ> \u043e\u0431\u0441\u0443\u0436\u0434\u0430\u0435\u0442\u0441\u044f \u0441\u043e\u0437\u0434\u0430\u043d\u0438\u0435 \u043f\u0443\u0431\u043b\u0438\u0447\u043d\u043e\u0433\u043e \u0430\u0440\u0445\u0438\u0432\u0430. \u043f\u0440\u043e\u0433\u043e\u043b\u043e\u0441\u0443\u0439\u0442\u0435 \u043f\u043b\u0438\u0437",
        "ts": "1455109709.000028"
    },
    {
        "type": "message",
        "user": "U0F6P8JAG",
        "text": "\u0421\u0442\u0440\u0430\u043d\u043d\u044b\u0439 \u0432\u043e\u043f\u0440\u043e\u0441, \u044f \u043e\u0436\u0438\u0434\u0430\u043b \u0434\u0440\u0443\u0433\u043e\u0439. \u0418\u043b\u0438 \u044d\u0442\u043e \u043e\u0442\u0434\u0435\u043b\u044c\u043d\u043e \u043e\u0446\u0435\u043d\u0438\u0442\u044c \u043f\u043b\u044e\u0441\u044b, \u0430 \u043e\u0442\u0434\u0435\u043b\u044c\u043d\u043e \u0431\u0443\u0434\u0435\u0442 \u043f\u0440\u043e \u043e\u0446\u0435\u043d\u0438\u0442\u044c \u043c\u0438\u043d\u0443\u0441\u044b?",
        "ts": "1455109741.000029"
    },
    {
        "type": "message",
        "user": "U0FD5HC1F",
        "text": "&gt; \u0411\u0443\u0434\u0438\u0442\u0435\n:cry:\n(\u0438\u0437\u0432\u0438\u043d\u0438\u0442\u0438)",
        "edited": {
            "user": "U0FD5HC1F",
            "ts": "1455109790.000000"
        },
        "ts": "1455109762.000030",
        "reactions": [
            {
                "name": "+1",
                "users": [
                    "U0G00FWH2",
                    "U0HJ93C3B",
                    "U0G0JFJTA"
                ],
                "count": 3
            }
        ]
    },
    {
        "text": "",
        "username": "poll-subcurrent",
        "icons": {
            "image_48": "https:\/\/s3-us-west-2.amazonaws.com\/slack-files2\/bot_icons\/2015-12-08\/16191869266_48.png"
        },
        "attachments": [
            {
                "fallback": "\u041a\u0430\u043a\u043e\u0439 \u0444\u043e\u0440\u043c\u0430\u0442 \u0430\u0440\u0445\u0438\u0432\u0430 \u0447\u0430\u0442\u0430 \u0432\u044b \u0431\u044b \u043f\u0440\u0435\u0434\u043f\u043e\u0447\u043b\u0438",
                "text": "\n",
                "pretext": "A fellow team member has posted an anonymous poll using `\/poll`: Vote below or <https:\/\/www.getsubcurrent.com\/slackvote\/GDuQbpRQg3MmWGtZa|view results in your browser>.",
                "title": "\u041a\u0430\u043a\u043e\u0439 \u0444\u043e\u0440\u043c\u0430\u0442 \u0430\u0440\u0445\u0438\u0432\u0430 \u0447\u0430\u0442\u0430 \u0432\u044b \u0431\u044b \u043f\u0440\u0435\u0434\u043f\u043e\u0447\u043b\u0438",
                "id": 1,
                "color": "008cba",
                "fields": [
                    {
                        "title": "",
                        "value": "<https:\/\/www.getsubcurrent.com\/slackvote\/GDuQbpRQg3MmWGtZa\/?qId=Kk9AdKqyCEbpFgJRs&amp;vote=0|\u041f\u0443\u0431\u043b\u0438\u0447\u043d\u044b\u0439, \u0438\u043d\u0434\u0435\u043a\u0441\u0438\u0440\u0443\u0435\u043c\u044b\u0439 \u0433\u0443\u0433\u043b\u043e\u043c, \u043b\u0435\u0433\u043a\u043e \u0433\u0443\u0433\u043b\u0438\u0442\u0441\u044f>",
                        "short": false
                    },
                    {
                        "title": "",
                        "value": "<https:\/\/www.getsubcurrent.com\/slackvote\/GDuQbpRQg3MmWGtZa\/?qId=Kk9AdKqyCEbpFgJRs&amp;vote=1|\u041f\u0443\u0431\u043b\u0438\u0447\u043d\u044b\u0439, \u0434\u043e\u0441\u0442\u0443\u043f\u043d\u044b\u0439 \u043f\u043e \u043f\u0440\u044f\u043c\u043e\u0439 \u0441\u0441\u044b\u043b\u043a\u0435, \u043d\u0435 \u0438\u043d\u0434\u0435\u043a\u0441\u0438\u0440\u0443\u0435\u0442\u0441\u044f>",
                        "short": false
                    },
                    {
                        "title": "",
                        "value": "<https:\/\/www.getsubcurrent.com\/slackvote\/GDuQbpRQg3MmWGtZa\/?qId=Kk9AdKqyCEbpFgJRs&amp;vote=2|\u041d\u0435 \u043f\u0443\u0431\u043b\u0438\u0447\u043d\u044b\u0439, \u0434\u043e\u0441\u0442\u0443\u043f \u043f\u043e \u0437\u0430\u043f\u043e\u0440\u043e\u0441\u0443 \u0447\u043b\u0435\u043d\u0430\u043c \u044d\u0442\u043e\u0433\u043e \u0447\u0430\u0442\u0438\u043a\u0430>",
                        "short": false
                    },
                    {
                        "title": "",
                        "value": "<https:\/\/www.getsubcurrent.com\/slackvote\/GDuQbpRQg3MmWGtZa\/?qId=Kk9AdKqyCEbpFgJRs&amp;vote=3|\u0427\u0442\u043e-\u0442\u043e \u0434\u0440\u0443\u0433\u043e\u0435>",
                        "short": false
                    },
                    {
                        "title": "",
                        "value": "<https:\/\/www.getsubcurrent.com\/slackvote\/GDuQbpRQg3MmWGtZa\/?qId=Kk9AdKqyCEbpFgJRs&amp;vote=4|\u042f \u043d\u0435 \u0445\u043e\u0447\u0443 \u043f\u043e\u0440\u0442\u0438\u0442\u044c \u0441\u0442\u0430\u0442\u0438\u0441\u0442\u0438\u043a\u0443, \u043f\u0440\u043e\u0441\u0442\u043e \u0445\u043e\u0447\u0443 \u043f\u043e\u0441\u043c\u043e\u0442\u0440\u0435\u0442\u044c \u0440\u0435\u0437\u0443\u043b\u044c\u0442\u0430\u0442\u044b>",
                        "short": false
                    }
                ],
                "mrkdwn_in": [
                    "pretext"
                ]
            }
        ],
        "type": "message",
        "subtype": "bot_message",
        "ts": "1455109823.000032"
    },
    {
        "type": "message",
        "user": "U0G00FWH2",
        "text": "\u0441 \u0433\u0440\u0430\u043c\u043c\u0430\u0442\u0438\u043a\u043e\u0439 \u0443 \u043c\u0435\u043d\u044f \u043f\u043b\u043e\u0445\u043e, \u043f\u0430\u0440\u0434\u043e\u043d :simple_smile:",
        "ts": "1455109895.000034"
    },
    {
        "text": "",
        "username": "poll-subcurrent",
        "icons": {
            "image_48": "https:\/\/s3-us-west-2.amazonaws.com\/slack-files2\/bot_icons\/2015-12-08\/16191869266_48.png"
        },
        "attachments": [
            {
                "fallback": "\u0418\u0437\u043c\u0435\u043d\u0438\u0442\u0441\u044f \u043b\u0438 \u043f\u043e\u0432\u0435\u0434\u0435\u043d\u0438\u0435 \u0432 \u0447\u0430\u0442\u0435, \u0435\u0441\u043b\u0438 \u0432\u044b \u0431\u0443\u0434\u0435\u0442\u0435 \u0437\u043d\u0430\u0442\u044c, \u0447\u0442\u043e \u0430\u0440\u0445\u0438\u0432\u044b \u0447\u0430\u0442\u0430 \u0438\u043d\u0434\u0435\u043a\u0441\u0438\u0440\u0443\u044e\u0442\u0441\u044f \u043f\u043e\u0438\u0441\u043a\u043e\u0432\u0438\u043a\u0430\u043c\u0438",
                "text": "\n",
                "pretext": "A fellow team member has posted an anonymous poll using `\/poll`: Vote below or <https:\/\/www.getsubcurrent.com\/slackvote\/HXr9BgueNHyLdZo4P|view results in your browser>.",
                "title": "\u0418\u0437\u043c\u0435\u043d\u0438\u0442\u0441\u044f \u043b\u0438 \u043f\u043e\u0432\u0435\u0434\u0435\u043d\u0438\u0435 \u0432 \u0447\u0430\u0442\u0435, \u0435\u0441\u043b\u0438 \u0432\u044b \u0431\u0443\u0434\u0435\u0442\u0435 \u0437\u043d\u0430\u0442\u044c, \u0447\u0442\u043e \u0430\u0440\u0445\u0438\u0432\u044b \u0447\u0430\u0442\u0430 \u0438\u043d\u0434\u0435\u043a\u0441\u0438\u0440\u0443\u044e\u0442\u0441\u044f \u043f\u043e\u0438\u0441\u043a\u043e\u0432\u0438\u043a\u0430\u043c\u0438",
                "id": 1,
                "color": "008cba",
                "fields": [
                    {
                        "title": "",
                        "value": "<https:\/\/www.getsubcurrent.com\/slackvote\/HXr9BgueNHyLdZo4P\/?qId=KynYbxEcjs4zQacKn&amp;vote=0|\u041d\u0435\u0442>",
                        "short": false
                    },
                    {
                        "title": "",
                        "value": "<https:\/\/www.getsubcurrent.com\/slackvote\/HXr9BgueNHyLdZo4P\/?qId=KynYbxEcjs4zQacKn&amp;vote=1|\u0414\u0430, \u0441\u0442\u0430\u043d\u0443 \u043f\u0438\u0441\u0430\u0442\u044c \u043c\u0435\u043d\u044c\u0448\u0435>",
                        "short": false
                    },
                    {
                        "title": "",
                        "value": "<https:\/\/www.getsubcurrent.com\/slackvote\/HXr9BgueNHyLdZo4P\/?qId=KynYbxEcjs4zQacKn&amp;vote=2|\u0414\u0430, \u0441\u0442\u0430\u043d\u0443 \u043f\u0438\u0441\u0430\u0442\u044c \u0430\u043a\u043a\u0443\u0440\u0430\u0442\u043d\u0435\u0435 \u0438 \u043e\u0441\u0442\u043e\u0440\u043e\u0436\u043d\u0435\u0435>",
                        "short": false
                    },
                    {
                        "title": "",
                        "value": "<https:\/\/www.getsubcurrent.com\/slackvote\/HXr9BgueNHyLdZo4P\/?qId=KynYbxEcjs4zQacKn&amp;vote=3|\u0414\u0430, \u043f\u0435\u0440\u0435\u0441\u0442\u0430\u043d\u0443 \u0438\u043b\u0438 \u043f\u043e\u0447\u0442\u0438 \u043f\u0435\u0440\u0435\u0441\u0442\u0430\u043d\u0443 \u043f\u043e\u043b\u044c\u0437\u043e\u0432\u0430\u0442\u044c\u0441\u044f \u0447\u0430\u0442\u043e\u043c \u0432\u043e\u043e\u0431\u0449\u0435>",
                        "short": false
                    }
                ],
                "mrkdwn_in": [
                    "pretext"
                ]
            }
        ],
        "type": "message",
        "subtype": "bot_message",
        "ts": "1455109947.000035"
    },
    {
        "type": "message",
        "user": "U0G8DRB40",
        "text": "\u043d\u0435 \u0440\u0430\u0431\u043e\u0442\u0430\u044e\u0442 \u0443 \u043c\u0435\u043d\u044f \u044d\u0442\u0438 \u043e\u043f\u0440\u043e\u0441\u044b",
        "ts": "1455110196.000036"
    },
    {
        "type": "message",
        "user": "U0G8DRB40",
        "text": "1.1",
        "ts": "1455110205.000037"
    },
    {
        "type": "message",
        "user": "U0G8DRB40",
        "text": "2.1",
        "ts": "1455110206.000038"
    },
    {
        "type": "message",
        "user": "U0G8DRB40",
        "text": "\u044f \u0437\u0430 \u043f\u043e\u043b\u043d\u0443\u044e \u0438 \u0432\u0441\u0435\u043e\u0431\u0449\u0443\u044e \u043f\u0440\u043e\u0437\u0440\u0430\u0447\u043d\u043e\u0441\u0442\u044c",
        "ts": "1455110235.000039"
    },
    {
        "type": "message",
        "user": "U0FD5HC1F",
        "text": "<@U0G00FWH2>: \u0442\u0432\u043e\u0438 \u0432\u043e\u043f\u0440\u043e\u0441\u044b \u0438\u0433\u043d\u043e\u0440\u044f\u0442 \u0432\u043e\u0437\u043c\u043e\u0436\u043d\u043e\u0441\u0442\u044c \u0430\u0440\u0445\u0438\u0432\u0438\u0440\u043e\u0432\u0430\u0442\u044c \u0442\u043e\u043b\u044c\u043a\u043e \u043d\u0435\u043a\u043e\u0442\u043e\u0440\u044b\u0435 \u043a\u0430\u043d\u0430\u043b\u044b, \u0447\u0442\u043e \u043c\u043e\u0436\u0435\u0442 \u0431\u044b\u0442\u044c \u0432\u0430\u0436\u043d\u043e \u0432 \u043a\u043e\u043d\u0442\u0435\u043a\u0441\u0442\u0435 \u043e\u0431\u0441\u0443\u0436\u0434\u0435\u043d\u0438\u044f",
        "ts": "1455110452.000040"
    },
    {
        "type": "message",
        "user": "U0FD5HC1F",
        "text": "\u0432 \u043a\u0440\u0430\u0439\u043d\u0435\u043c \u0441\u043b\u0443\u0447\u0430\u0435 \u043c\u043e\u0436\u043d\u043e \u0442\u043e\u043b\u044c\u043a\u043e <#C0E2XC7B5> \u0430\u0440\u0445\u0438\u0432\u0438\u0442\u044c, \u0430 \u0441\u043e\u043e\u0431\u0449\u0435\u043d\u0438\u044f, \u043a\u043e\u0442\u043e\u0440\u044b\u0435 \u0445\u043e\u0447\u0435\u0442\u0441\u044f \u0441\u043e\u0445\u0440\u0430\u043d\u0438\u0442\u044c, \u043a\u0438\u0434\u0430\u0442\u044c \u0442\u0443\u0434\u0430 \u0441 \u0440\u0430\u0437\u0440\u0435\u0448\u0435\u043d\u0438\u044f \u0430\u0432\u0442\u043e\u0440\u0430",
        "ts": "1455110501.000041"
    },
    {
        "type": "message",
        "user": "U0G00FWH2",
        "text": "\u0435\u0441\u043b\u0438 \u044d\u0442\u043e \u0432\u0430\u0436\u043d\u043e - \u0435\u0441\u0442\u044c \u043e\u0442\u0432\u0435\u0442 \u201c\u0447\u0442\u043e-\u0442\u043e \u0434\u0440\u0443\u0433\u043e\u0435\u201d :simple_smile: (\u0442\u043e\u043b\u044c\u043a\u043e 2 \u0438\u0437 3-\u0445 \u043e\u043f\u0440\u043e\u0441\u043e\u0432 \u043c\u043e\u0438)",
        "ts": "1455110504.000042"
    },
    {
        "type": "message",
        "user": "U0CTD4Q11",
        "text": "\u0412\u0441\u0435 \u043a\u0430\u043d\u0430\u043b\u044b \u0430\u0440\u0445\u0438\u0432\u0438\u0440\u043e\u0432\u0430\u0442\u044c \u043d\u0435 \u0431\u0443\u0434\u0435\u043c \u0442\u043e\u0447\u043d\u043e",
        "ts": "1455112132.000043"
    }
]