[
    {
        "user": "U2A8W166A",
        "text": "<@U2A8W166A|mikhail> has joined the channel",
        "type": "message",
        "subtype": "channel_join",
        "ts": "1473504244.000006"
    },
    {
        "user": "U2A9FH6JJ",
        "text": "<@U2A9FH6JJ|cypher> has joined the channel",
        "type": "message",
        "subtype": "channel_join",
        "ts": "1473514557.000007"
    },
    {
        "user": "U2AC0S4SU",
        "text": "<@U2AC0S4SU|stask> has joined the channel",
        "type": "message",
        "subtype": "channel_join",
        "ts": "1473571782.000008"
    }
]