[
    {
        "user": "U0KCV8AQ5",
        "type": "message",
        "subtype": "channel_join",
        "text": "<@U0KCV8AQ5|marryann> has joined the channel",
        "ts": "1453799420.000004"
    },
    {
        "user": "U0KE33M0C",
        "type": "message",
        "subtype": "channel_join",
        "text": "<@U0KE33M0C|no_login_found> has joined the channel",
        "ts": "1453830478.000005"
    },
    {
        "user": "U0KECNYF7",
        "type": "message",
        "subtype": "channel_join",
        "text": "<@U0KECNYF7|relav> has joined the channel",
        "ts": "1453834478.000006"
    },
    {
        "user": "U0KFKDWCV",
        "type": "message",
        "subtype": "channel_join",
        "text": "<@U0KFKDWCV|mage> has joined the channel",
        "ts": "1453864786.000007"
    }
]