[
    {
        "user": "U2KL1E63C",
        "text": "<@U2KL1E63C|serious0mega> has joined the channel",
        "type": "message",
        "subtype": "channel_join",
        "ts": "1475675409.000031"
    },
    {
        "user": "U2KS93BC2",
        "text": "<@U2KS93BC2|greenochre> has joined the channel",
        "type": "message",
        "subtype": "channel_join",
        "ts": "1475698106.000032"
    },
    {
        "user": "U2KT0A48Y",
        "text": "<@U2KT0A48Y|shipulin> has joined the channel",
        "type": "message",
        "subtype": "channel_join",
        "ts": "1475703419.000033"
    }
]