[
    {
        "user": "U2JM9J950",
        "text": "<@U2JM9J950|telvin> has joined the channel",
        "type": "message",
        "subtype": "channel_join",
        "ts": "1475510384.000026"
    },
    {
        "user": "U2JRG9QTB",
        "text": "<@U2JRG9QTB|spreading_mind> has joined the channel",
        "type": "message",
        "subtype": "channel_join",
        "ts": "1475531559.000027"
    },
    {
        "user": "U2JRM086T",
        "text": "<@U2JRM086T|evjava> has joined the channel",
        "type": "message",
        "subtype": "channel_join",
        "ts": "1475532393.000028"
    }
]