[
    {
        "user": "U1WQPNA2H",
        "text": "<@U1WQPNA2H|confusedperson> has joined the channel",
        "type": "message",
        "subtype": "channel_join",
        "ts": "1469980358.000018"
    },
    {
        "type": "message",
        "user": "U0G0KMGKH",
        "text": "\u0421\u043e\u0437\u0434\u0430\u043d \u0435\u0449\u0435 \u043e\u0434\u0438\u043d \u043c\u0435\u0440\u0442\u0432\u043e\u0440\u043e\u0436\u0434\u0435\u043d\u043d\u044b\u0439 \u043a\u0430\u043d\u0430\u043b: <#C1W8WQZBP>",
        "ts": "1469983184.000019"
    },
    {
        "user": "U1WQPJMAS",
        "text": "<@U1WQPJMAS|skyfogginer> has joined the channel",
        "type": "message",
        "subtype": "channel_join",
        "ts": "1469985884.000020"
    }
]