[
    {
        "user": "U2XJ609M3",
        "text": "<@U2XJ609M3|w96k> has joined the channel",
        "type": "message",
        "subtype": "channel_join",
        "ts": "1478093690.000129"
    },
    {
        "user": "U2XUYUEA1",
        "text": "<@U2XUYUEA1|sonder> has joined the channel",
        "type": "message",
        "subtype": "channel_join",
        "ts": "1478121917.000130"
    },
    {
        "user": "U2Y33TVPX",
        "text": "<@U2Y33TVPX|jan_lowa> has joined the channel",
        "type": "message",
        "subtype": "channel_join",
        "ts": "1478141066.000131"
    }
]