[
    {
        "user": "U2UC2C3LJ",
        "text": "<@U2UC2C3LJ|dragohole> has joined the channel",
        "type": "message",
        "subtype": "channel_join",
        "ts": "1477476324.000106",
        "reactions": [
            {
                "name": "+1::skin-tone-4",
                "users": [
                    "U15EHV05A"
                ],
                "count": 1
            }
        ]
    },
    {
        "user": "U2UDG3HDM",
        "text": "<@U2UDG3HDM|kotvaska> has joined the channel",
        "type": "message",
        "subtype": "channel_join",
        "ts": "1477485001.000107"
    },
    {
        "user": "U2UH1NG48",
        "text": "<@U2UH1NG48|rfz_0> has joined the channel",
        "type": "message",
        "subtype": "channel_join",
        "ts": "1477499463.000108"
    },
    {
        "user": "U2UHC7EAC",
        "text": "<@U2UHC7EAC|kopernik> has joined the channel",
        "type": "message",
        "subtype": "channel_join",
        "ts": "1477500559.000109"
    },
    {
        "user": "U2UM19J81",
        "text": "<@U2UM19J81|nlis> has joined the channel",
        "type": "message",
        "subtype": "channel_join",
        "ts": "1477512730.000110"
    },
    {
        "user": "U2UM8Q2BG",
        "text": "<@U2UM8Q2BG|oyra-oyra> has joined the channel",
        "type": "message",
        "subtype": "channel_join",
        "ts": "1477514980.000111"
    },
    {
        "type": "message",
        "user": "U0G8VK9SQ",
        "text": "\u0441\u0434\u0435\u043b\u0430\u043b\u0430 <#C2UMDE0KS|real_life_advice>",
        "ts": "1477515639.000112",
        "reactions": [
            {
                "name": "+1",
                "users": [
                    "U0FD5HC1F",
                    "U2Q17MG00",
                    "U0GQ50ESU",
                    "U2MKPHGDS",
                    "U1ZPGFN3Y",
                    "U0G0JFJTA"
                ],
                "count": 6
            }
        ]
    }
]