[
    {
        "type": "message",
        "user": "U0F6P8JAG",
        "text": "\u0412 \u043d\u0430\u0448\u0435\u043c \u043a\u0430\u043d\u0430\u043b\u0435 <#C0X49BTJM> \u0442\u0435\u043f\u0435\u0440\u044c \u0440\u0430\u0431\u043e\u0442\u0430\u0435\u0442 \u043c\u043e\u0441\u0442 \u0441 \u0430\u043d\u0433\u043b\u043e\u044f\u0437\u044b\u0447\u043d\u044b\u043c LW-\u0441\u043b\u0430\u043a\u043e\u043c (<https:\/\/wiki.lesswrong.com\/wiki\/Less_Wrong_Slack>, \u043a\u0430\u043d\u0430\u043b #irc_bridge) \u0438 IRC-\u043a\u0430\u043d\u0430\u043b\u043e\u043c #lw-slack \u043d\u0430 freenode. Enjoy!\n\u0421\u043f\u0430\u0441\u0438\u0431\u043e <@U0WR4PL7L> \u0437\u0430 \u043d\u0430\u0441\u0442\u0440\u043e\u0439\u043a\u0443.",
        "ts": "1460381049.000026",
        "reactions": [
            {
                "name": "pizza",
                "users": [
                    "U0WR4PL7L"
                ],
                "count": 1
            },
            {
                "name": "tada",
                "users": [
                    "U0H1U59BL",
                    "U0GQ50ESU"
                ],
                "count": 2
            }
        ]
    }
]