[
    {
        "user": "U2L30QUHW",
        "text": "<@U2L30QUHW|ricky-ticky> has joined the channel",
        "type": "message",
        "subtype": "channel_join",
        "ts": "1475746994.000034"
    },
    {
        "user": "U2L4Z8G9G",
        "text": "<@U2L4Z8G9G|andrey> has joined the channel",
        "type": "message",
        "subtype": "channel_join",
        "ts": "1475755175.000035"
    },
    {
        "user": "U2L4WGQFK",
        "text": "<@U2L4WGQFK|antimortine> has joined the channel",
        "type": "message",
        "subtype": "channel_join",
        "ts": "1475755775.000036"
    },
    {
        "user": "U2L6VCHP0",
        "text": "<@U2L6VCHP0|tairesh> has joined the channel",
        "type": "message",
        "subtype": "channel_join",
        "ts": "1475765617.000037"
    },
    {
        "user": "U2L733LVC",
        "text": "<@U2L733LVC|stepan> has joined the channel",
        "type": "message",
        "subtype": "channel_join",
        "ts": "1475766381.000038"
    },
    {
        "user": "U2L7GKD2B",
        "text": "<@U2L7GKD2B|tonick> has joined the channel",
        "type": "message",
        "subtype": "channel_join",
        "ts": "1475766730.000039"
    },
    {
        "user": "U2L6LNP4K",
        "text": "<@U2L6LNP4K|nick_krylov> has joined the channel",
        "type": "message",
        "subtype": "channel_join",
        "ts": "1475769821.000040"
    },
    {
        "user": "U2L76A57D",
        "text": "<@U2L76A57D|skif7075> has joined the channel",
        "type": "message",
        "subtype": "channel_join",
        "ts": "1475771907.000041"
    },
    {
        "user": "U2L8W10NR",
        "text": "<@U2L8W10NR|xantcha> has joined the channel",
        "type": "message",
        "subtype": "channel_join",
        "ts": "1475772070.000042"
    },
    {
        "user": "U2L8SB69L",
        "text": "<@U2L8SB69L|desrever> has joined the channel",
        "type": "message",
        "subtype": "channel_join",
        "ts": "1475772261.000043"
    },
    {
        "user": "U2L93E8MB",
        "text": "<@U2L93E8MB|aytel> has joined the channel",
        "type": "message",
        "subtype": "channel_join",
        "ts": "1475772889.000044"
    },
    {
        "user": "U2L9BQ352",
        "text": "<@U2L9BQ352|exzellenz> has joined the channel",
        "type": "message",
        "subtype": "channel_join",
        "ts": "1475774865.000045"
    },
    {
        "user": "U2LAKD750",
        "text": "<@U2LAKD750|o_odin> has joined the channel",
        "type": "message",
        "subtype": "channel_join",
        "ts": "1475777159.000046"
    },
    {
        "user": "U2LAF736K",
        "text": "<@U2LAF736K|tedted> has joined the channel",
        "type": "message",
        "subtype": "channel_join",
        "ts": "1475777405.000047"
    },
    {
        "user": "U2LA98Z5L",
        "text": "<@U2LA98Z5L|nitive> has joined the channel",
        "type": "message",
        "subtype": "channel_join",
        "ts": "1475777853.000048"
    },
    {
        "user": "U2LA3EQ03",
        "text": "<@U2LA3EQ03|camlost> has joined the channel",
        "type": "message",
        "subtype": "channel_join",
        "ts": "1475783019.000049"
    },
    {
        "user": "U2LDP43FG",
        "text": "<@U2LDP43FG|gvsmirnov> has joined the channel",
        "type": "message",
        "subtype": "channel_join",
        "ts": "1475792497.000050"
    }
]