[
    {
        "user": "U1BFVEDR8",
        "type": "message",
        "subtype": "channel_join",
        "text": "<@U1BFVEDR8|malooshibanec> has joined the channel",
        "ts": "1464129190.000012"
    },
    {
        "user": "U1BH89QTZ",
        "type": "message",
        "subtype": "channel_join",
        "text": "<@U1BH89QTZ|kat_djonson> has joined the channel",
        "ts": "1464154002.000013"
    },
    {
        "user": "U1BHGSVJ5",
        "type": "message",
        "subtype": "channel_join",
        "text": "<@U1BHGSVJ5|sheo> has joined the channel",
        "ts": "1464155752.000014"
    }
]