[
    {
        "user": "U1TLB50NQ",
        "text": "<@U1TLB50NQ|wronskian> has joined the channel",
        "type": "message",
        "subtype": "channel_join",
        "ts": "1469055522.000002"
    },
    {
        "type": "message",
        "user": "U0F6P8JAG",
        "text": "\u041f\u0435\u0440\u0435\u043f\u043e\u0434\u043d\u044f\u043b \u043f\u0440\u0438\u0433\u043b\u0430\u0448\u0430\u043b\u043a\u0443 \u043d\u0430 <http:\/\/slack.berekuk.ru\/>. \u0418 \u043f\u043e\u043f\u0440\u043e\u0441\u0438\u043b \u042e\u043b\u0438\u044f \u043f\u0440\u0438\u0431\u0438\u0442\u044c ip \u044d\u0442\u043e\u0433\u043e \u0441\u0430\u0439\u0442\u0430 \u043d\u0430 <http:\/\/slack.lesswrong.ru|slack.lesswrong.ru> \u0437\u0430\u043e\u0434\u043d\u043e.",
        "ts": "1469057750.000003"
    },
    {
        "type": "message",
        "user": "U0F6P8JAG",
        "text": "\u0418 \u043f\u043e\u0432\u0435\u0441\u0438\u043b \u0432\u0438\u0434\u0436\u0435\u0442 \u0440\u0435\u0433\u0438\u0441\u0442\u0440\u0430\u0446\u0438\u0438 \u0432 \u0441\u043b\u0430\u043a\u0435 \u043d\u0430 <http:\/\/lesswrong.ru|lesswrong.ru>, \u0445\u043e\u0445\u043e. \u0412 \u043b\u0435\u0432\u0443\u044e \u043f\u0430\u043d\u0435\u043b\u044c, \u043f\u043e\u0434 \u0431\u043b\u043e\u043a \u0432\u043a-\u0433\u0440\u0443\u043f\u043f\u044b.",
        "ts": "1469058112.000004",
        "reactions": [
            {
                "name": "panda_face",
                "users": [
                    "U1BH89QTZ"
                ],
                "count": 1
            }
        ]
    }
]