[
    {
        "user": "U2M0WDUQ7",
        "text": "<@U2M0WDUQ7|evgn> has joined the channel",
        "type": "message",
        "subtype": "channel_join",
        "ts": "1475911745.000055"
    },
    {
        "user": "U2LUTGED9",
        "text": "<@U2LUTGED9|a_kadmos> has joined the channel",
        "type": "message",
        "subtype": "channel_join",
        "ts": "1475920274.000056"
    },
    {
        "user": "U2M1ZP4GM",
        "text": "<@U2M1ZP4GM|karina> has joined the channel",
        "type": "message",
        "subtype": "channel_join",
        "ts": "1475936965.000057"
    },
    {
        "user": "U2M2QTHGU",
        "text": "<@U2M2QTHGU|chernov> has joined the channel",
        "type": "message",
        "subtype": "channel_join",
        "ts": "1475953408.000058"
    },
    {
        "user": "U2M3KA8MT",
        "text": "<@U2M3KA8MT|misha> has joined the channel",
        "type": "message",
        "subtype": "channel_join",
        "ts": "1475963762.000059"
    },
    {
        "user": "U2M1YAMUK",
        "text": "<@U2M1YAMUK|dxist> has joined the channel",
        "type": "message",
        "subtype": "channel_join",
        "ts": "1475964694.000060"
    },
    {
        "user": "U2M4186SW",
        "text": "<@U2M4186SW|angry_grasshopper> has joined the channel",
        "type": "message",
        "subtype": "channel_join",
        "ts": "1475966938.000061"
    },
    {
        "user": "U2M320SN7",
        "text": "<@U2M320SN7|fiva2> has joined the channel",
        "type": "message",
        "subtype": "channel_join",
        "ts": "1475994854.000062"
    }
]