[
    {
        "type": "message",
        "user": "U0CTD4Q11",
        "text": "\u0421\u043e\u0437\u0434\u0430\u043b <#C0L93QKDZ|meta> \u0434\u043b\u044f \u043e\u0431\u0441\u0443\u0436\u0434\u0435\u043d\u0438\u044f \u0443\u0441\u0442\u0440\u043e\u0439\u0441\u0442\u0432\u0430 \u0447\u0430\u0442\u0438\u043a\u0430",
        "ts": "1454586974.000021",
        "reactions": [
            {
                "name": "+1",
                "users": [
                    "U0F6P8JAG"
                ],
                "count": 1
            }
        ]
    }
]