[
    {
        "user": "U2T4MKT4K",
        "text": "<@U2T4MKT4K|bakuutin> has joined the channel",
        "type": "message",
        "subtype": "channel_join",
        "ts": "1477293475.000096"
    },
    {
        "user": "U2T6KF868",
        "text": "<@U2T6KF868|nkbolg> has joined the channel",
        "type": "message",
        "subtype": "channel_join",
        "ts": "1477297092.000097"
    },
    {
        "user": "U2T5AGVM1",
        "text": "<@U2T5AGVM1|ohar> has joined the channel",
        "type": "message",
        "subtype": "channel_join",
        "ts": "1477297869.000098"
    },
    {
        "user": "U2TBDNXE0",
        "text": "<@U2TBDNXE0|baroquerock> has joined the channel",
        "type": "message",
        "subtype": "channel_join",
        "ts": "1477320506.000099"
    },
    {
        "user": "U2TBZ6XSP",
        "text": "<@U2TBZ6XSP|andrnag> has joined the channel",
        "type": "message",
        "subtype": "channel_join",
        "ts": "1477326894.000100"
    }
]