[
    {
        "user": "U2TTF564T",
        "text": "<@U2TTF564T|aleshru> has joined the channel",
        "type": "message",
        "subtype": "channel_join",
        "ts": "1477409699.000101"
    },
    {
        "user": "U2U003A11",
        "text": "<@U2U003A11|ljk> has joined the channel",
        "type": "message",
        "subtype": "channel_join",
        "ts": "1477416115.000102"
    },
    {
        "user": "U2U12AVEX",
        "text": "<@U2U12AVEX|gram2005> has joined the channel",
        "type": "message",
        "subtype": "channel_join",
        "ts": "1477419691.000103"
    },
    {
        "user": "U2U2ZT5ME",
        "text": "<@U2U2ZT5ME|dok> has joined the channel",
        "type": "message",
        "subtype": "channel_join",
        "ts": "1477421149.000104"
    },
    {
        "user": "U2U36TZ4G",
        "text": "<@U2U36TZ4G|dpetrouk> has joined the channel",
        "type": "message",
        "subtype": "channel_join",
        "ts": "1477421855.000105"
    }
]