[
    {
        "user": "U2MQ6E9N3",
        "text": "<@U2MQ6E9N3|bekabaka> has joined the channel",
        "type": "message",
        "subtype": "channel_join",
        "ts": "1476173554.000071"
    },
    {
        "user": "U2N071398",
        "text": "<@U2N071398|omelian> has joined the channel",
        "type": "message",
        "subtype": "channel_join",
        "ts": "1476199560.000072"
    },
    {
        "user": "U2N4V8H3N",
        "text": "<@U2N4V8H3N|max> has joined the channel",
        "type": "message",
        "subtype": "channel_join",
        "ts": "1476219504.000073"
    },
    {
        "user": "U2N8J9VCH",
        "text": "<@U2N8J9VCH|danatela> has joined the channel",
        "type": "message",
        "subtype": "channel_join",
        "ts": "1476254029.000074"
    }
]