[
    {
        "user": "U2SRD70D9",
        "text": "<@U2SRD70D9|robertlis> has joined the channel",
        "type": "message",
        "subtype": "channel_join",
        "ts": "1477146610.000089"
    },
    {
        "user": "U2STKMKN2",
        "text": "<@U2STKMKN2|richardwagner> has joined the channel",
        "type": "message",
        "subtype": "channel_join",
        "ts": "1477156525.000090"
    },
    {
        "user": "U2T0A1THD",
        "text": "<@U2T0A1THD|artem> has joined the channel",
        "type": "message",
        "subtype": "channel_join",
        "ts": "1477190862.000091"
    }
]