[
    {
        "user": "U1N4EQTHP",
        "type": "message",
        "subtype": "channel_join",
        "text": "<@U1N4EQTHP|alx> has joined the channel",
        "ts": "1467376804.000030"
    },
    {
        "user": "U1N5YNWNB",
        "type": "message",
        "subtype": "channel_join",
        "text": "<@U1N5YNWNB|ikozlov> has joined the channel",
        "ts": "1467387050.000031"
    },
    {
        "user": "U1N6K5VV1",
        "type": "message",
        "subtype": "channel_join",
        "text": "<@U1N6K5VV1|toshiro> has joined the channel",
        "ts": "1467400121.000032"
    }
]