[
    {
        "user": "U2WMZQSSK",
        "text": "<@U2WMZQSSK|jake_crosvild> has joined the channel",
        "type": "message",
        "subtype": "channel_join",
        "ts": "1477984600.000126"
    },
    {
        "user": "U2WN61P46",
        "text": "<@U2WN61P46|tiger100> has joined the channel",
        "type": "message",
        "subtype": "channel_join",
        "ts": "1477988380.000127"
    },
    {
        "user": "U2X0VDUUT",
        "text": "<@U2X0VDUUT|incmach> has joined the channel",
        "type": "message",
        "subtype": "channel_join",
        "ts": "1478022605.000128"
    }
]