[
    {
        "user": "U2WA84B6D",
        "text": "<@U2WA84B6D|m1t9> has joined the channel",
        "type": "message",
        "subtype": "channel_join",
        "ts": "1477923660.000121"
    },
    {
        "user": "U2WCFBAJZ",
        "text": "<@U2WCFBAJZ|loulett> has joined the channel",
        "type": "message",
        "subtype": "channel_join",
        "ts": "1477931835.000122"
    },
    {
        "user": "U2WGHSGJZ",
        "text": "<@U2WGHSGJZ|shama> has joined the channel",
        "type": "message",
        "subtype": "channel_join",
        "ts": "1477946705.000123"
    },
    {
        "user": "U2WJ2QG5C",
        "text": "<@U2WJ2QG5C|light> has joined the channel",
        "type": "message",
        "subtype": "channel_join",
        "ts": "1477955579.000124"
    },
    {
        "user": "U2WKAPG3E",
        "text": "<@U2WKAPG3E|grey108> has joined the channel",
        "type": "message",
        "subtype": "channel_join",
        "ts": "1477964304.000125"
    }
]