[
    {
        "user": "U0XN97V52",
        "type": "message",
        "subtype": "channel_join",
        "text": "<@U0XN97V52|alex25> has joined the channel",
        "ts": "1459772354.000018"
    },
    {
        "user": "U0XRP48HY",
        "type": "message",
        "subtype": "channel_join",
        "text": "<@U0XRP48HY|dragonfly> has joined the channel",
        "ts": "1459789886.000019"
    },
    {
        "user": "U0XS4T76Z",
        "type": "message",
        "subtype": "channel_join",
        "text": "<@U0XS4T76Z|alexbougaenko> has joined the channel",
        "ts": "1459794471.000020"
    },
    {
        "user": "U0XSC3JB0",
        "type": "message",
        "subtype": "channel_join",
        "text": "<@U0XSC3JB0|ignat_zakrevsky> has joined the channel",
        "ts": "1459797041.000021"
    }
]