[
    {
        "user": "U1G2E7MFF",
        "type": "message",
        "subtype": "channel_join",
        "text": "<@U1G2E7MFF|kasiazyabra> has joined the channel",
        "ts": "1465640706.000005"
    },
    {
        "user": "U1G421QV7",
        "type": "message",
        "subtype": "channel_join",
        "text": "<@U1G421QV7|nbumakov> has joined the channel",
        "ts": "1465678137.000002"
    },
    {
        "user": "U1G47J1QA",
        "type": "message",
        "subtype": "channel_join",
        "text": "<@U1G47J1QA|p.o.> has joined the channel",
        "ts": "1465678256.000003"
    },
    {
        "user": "U1G3VHWDN",
        "type": "message",
        "subtype": "channel_join",
        "text": "<@U1G3VHWDN|3ap> has joined the channel",
        "ts": "1465680450.000004"
    },
    {
        "user": "U1G3SCTJS",
        "type": "message",
        "subtype": "channel_join",
        "text": "<@U1G3SCTJS|grin67> has joined the channel",
        "ts": "1465681146.000005"
    },
    {
        "user": "U1G46LETX",
        "type": "message",
        "subtype": "channel_join",
        "text": "<@U1G46LETX|aurum408> has joined the channel",
        "ts": "1465686891.000006"
    }
]