[
    {
        "type": "message",
        "user": "U0G8VK9SQ",
        "text": "",
        "attachments": [
            {
                "fallback": "[November 4th, 2016 2:49 PM] whaf: \u041a\u043e\u0442\u0438\u043a\u0438-\u0445\u0430\u043e\u0442\u0438\u043a\u0438 \u043f\u0440\u0438\u0433\u043b\u0430\u0448\u0430\u044e\u0442\u0441\u044f \u0432 \u0434\u0436\u0430\u0431\u0431\u0435\u0440-\u043a\u043e\u043d\u0444\u043e\u0447\u043a\u0443 \u043d\u0430 *lw@conference.bitcheese.net*, \u0433\u0434\u0435 \u043d\u0435 \u043f\u0440\u0438\u0434\u0451\u0442\u0441\u044f \u043c\u0438\u0440\u0438\u0442\u044c\u0441\u044f \u0441 \u0442\u043e\u0440\u043c\u043e\u0437\u043d\u0443\u0442\u043e\u0441\u0442\u044c\u044e \u0441\u043b\u0430\u043a\u0430 \u0438 \u0443\u0433\u0440\u043e\u0437\u043e\u0439 \u0431\u0430\u043d\u0445\u0430\u043c\u043c\u0435\u0440\u0430.",
                "ts": "1478256554.003891",
                "author_subname": "whaf",
                "channel_id": "C0GKHDHC3",
                "channel_name": "chaos",
                "is_msg_unfurl": true,
                "text": "\u041a\u043e\u0442\u0438\u043a\u0438-\u0445\u0430\u043e\u0442\u0438\u043a\u0438 \u043f\u0440\u0438\u0433\u043b\u0430\u0448\u0430\u044e\u0442\u0441\u044f \u0432 \u0434\u0436\u0430\u0431\u0431\u0435\u0440-\u043a\u043e\u043d\u0444\u043e\u0447\u043a\u0443 \u043d\u0430 *lw@conference.bitcheese.net*, \u0433\u0434\u0435 \u043d\u0435 \u043f\u0440\u0438\u0434\u0451\u0442\u0441\u044f \u043c\u0438\u0440\u0438\u0442\u044c\u0441\u044f \u0441 \u0442\u043e\u0440\u043c\u043e\u0437\u043d\u0443\u0442\u043e\u0441\u0442\u044c\u044e \u0441\u043b\u0430\u043a\u0430 \u0438 \u0443\u0433\u0440\u043e\u0437\u043e\u0439 \u0431\u0430\u043d\u0445\u0430\u043c\u043c\u0435\u0440\u0430.",
                "author_link": "https:\/\/lesswrongru.slack.com\/team\/whaf",
                "author_icon": "https:\/\/avatars.slack-edge.com\/2016-10-23\/94991062386_9ecb0b72d75f079b79bf_48.png",
                "mrkdwn_in": [
                    "text"
                ],
                "color": "D0D0D0",
                "from_url": "https:\/\/lesswrongru.slack.com\/archives\/chaos\/p1478256554003891",
                "is_share": true,
                "footer": "Posted in #chaos"
            }
        ],
        "ts": "1478256960.000138"
    },
    {
        "type": "message",
        "user": "U2MKPHGDS",
        "text": "",
        "attachments": [
            {
                "fallback": "[November 4th, 2016 3:27 PM] pion: \u0442\u0435\u043c \u0432\u0440\u0435\u043c\u0435\u043d\u0435\u043c \u0441\u043e\u0437\u0434\u0430\u043b\u0430 \u043a\u0430\u043d\u0430\u043b <#C2Z0RV36J|literally> \u0433\u0434\u0435 \u043d\u0435\u043b\u044c\u0437\u044f \u0438\u043c\u0435\u0442\u044c \u0432 \u0432\u0438\u0434\u0443 \u043d\u0435 \u0442\u043e \u0447\u0442\u043e \u0433\u043e\u0432\u043e\u0440\u0438\u0448\u044c. \u0422\u0430\u043c \u0432\u0441\u0435 \u0431\u0443\u0434\u0435\u0442 \u043f\u043e\u043d\u0438\u043c\u0430\u0442\u044c\u0441\u044f \u0431\u0443\u043a\u0432\u0430\u043b\u044c\u043d\u043e.",
                "ts": "1478262440.001088",
                "author_subname": "pion",
                "channel_id": "C0L93QKDZ",
                "channel_name": "meta",
                "is_msg_unfurl": true,
                "text": "\u0442\u0435\u043c \u0432\u0440\u0435\u043c\u0435\u043d\u0435\u043c \u0441\u043e\u0437\u0434\u0430\u043b\u0430 \u043a\u0430\u043d\u0430\u043b <#C2Z0RV36J|literally> \u0433\u0434\u0435 \u043d\u0435\u043b\u044c\u0437\u044f \u0438\u043c\u0435\u0442\u044c \u0432 \u0432\u0438\u0434\u0443 \u043d\u0435 \u0442\u043e \u0447\u0442\u043e \u0433\u043e\u0432\u043e\u0440\u0438\u0448\u044c. \u0422\u0430\u043c \u0432\u0441\u0435 \u0431\u0443\u0434\u0435\u0442 \u043f\u043e\u043d\u0438\u043c\u0430\u0442\u044c\u0441\u044f \u0431\u0443\u043a\u0432\u0430\u043b\u044c\u043d\u043e.",
                "author_link": "https:\/\/lesswrongru.slack.com\/team\/pion",
                "author_icon": "https:\/\/avatars.slack-edge.com\/2016-02-03\/20215880870_b35380f6c8baefb897fe_48.jpg",
                "mrkdwn_in": [
                    "text"
                ],
                "color": "D0D0D0",
                "from_url": "https:\/\/lesswrongru.slack.com\/archives\/meta\/p1478262440001088",
                "is_share": true,
                "footer": "Posted in #meta"
            }
        ],
        "ts": "1478263326.000139"
    },
    {
        "user": "U2Y9QSBA6",
        "text": "<@U2Y9QSBA6|kevinandspacey> has joined the channel",
        "type": "message",
        "subtype": "channel_join",
        "ts": "1478264267.000140"
    },
    {
        "user": "U2YNXBY6N",
        "text": "<@U2YNXBY6N|andreik> has joined the channel",
        "type": "message",
        "subtype": "channel_join",
        "ts": "1478319902.000141"
    }
]