[
    {
        "user": "U1BJD7KSR",
        "type": "message",
        "subtype": "channel_join",
        "text": "<@U1BJD7KSR|abbath> has joined the channel",
        "ts": "1464166055.000015"
    },
    {
        "user": "U1BHTMG03",
        "type": "message",
        "subtype": "channel_join",
        "text": "<@U1BHTMG03|densom> has joined the channel",
        "ts": "1464174421.000016"
    },
    {
        "user": "U1BLFF50V",
        "type": "message",
        "subtype": "channel_join",
        "text": "<@U1BLFF50V|valentin_nemcev> has joined the channel",
        "ts": "1464184652.000017"
    }
]