[
    {
        "user": "U2SUDR9S7",
        "text": "<@U2SUDR9S7|trootootoo> has joined the channel",
        "type": "message",
        "subtype": "channel_join",
        "ts": "1477207246.000092"
    },
    {
        "user": "U2T13RZ1A",
        "text": "<@U2T13RZ1A|alisa_k> has joined the channel",
        "type": "message",
        "subtype": "channel_join",
        "ts": "1477222284.000093"
    },
    {
        "user": "U2T2K1NPR",
        "text": "<@U2T2K1NPR|staenrey> has joined the channel",
        "type": "message",
        "subtype": "channel_join",
        "ts": "1477241463.000094"
    },
    {
        "user": "U2T3VDTEW",
        "text": "<@U2T3VDTEW|alesguzik> has joined the channel",
        "type": "message",
        "subtype": "channel_join",
        "ts": "1477258735.000095"
    }
]