[
    {
        "user": "U0D0R0D4P",
        "old_name": "general",
        "name": "announcements",
        "type": "message",
        "subtype": "channel_name",
        "text": "<@U0D0R0D4P|muyyd> has renamed the channel from \"general\" to \"announcements\"",
        "ts": "1451729042.000327"
    },
    {
        "user": "U0HK1PPJ6",
        "type": "message",
        "subtype": "channel_join",
        "text": "<@U0HK1PPJ6|lyuba> has joined the channel",
        "ts": "1451776343.000328"
    }
]