[
    {
        "user": "U2KS93BC2",
        "text": "<@U2KS93BC2|greenochre> has joined the channel",
        "type": "message",
        "subtype": "channel_join",
        "ts": "1475930837.000004"
    },
    {
        "type": "message",
        "user": "U2KS93BC2",
        "text": "\u0410 \u043a\u0430\u043a \u0432 \u044d\u0442\u043e\u043c \u043a\u0430\u043d\u0430\u043b\u0435 \u043f\u0440\u043e\u0447\u0435\u0441\u0442\u044c \u044d\u0442\u043e\u0442 \u0441\u0430\u043c\u044b\u0439  pinned message? \u0421\u043f\u0440\u0430\u0432\u0430 \u043e\u043d \u0432\u044b\u0433\u043b\u044f\u0434\u0438\u0442 \u0432\u043e\u0442 \u0442\u0430\u043a, \u0438 \u043a\u0443\u0434\u0430 \u044f \u043d\u0438 \u043a\u043b\u0438\u043a\u0430\u044e - \u043d\u0435 \u043e\u0442\u043a\u0440\u044b\u0432\u0430\u0435\u0442\u0441\u044f \u0446\u0435\u043b\u0438\u043a\u043e\u043c",
        "ts": "1475930945.000005"
    },
    {
        "type": "message",
        "subtype": "file_share",
        "text": "<@U2KS93BC2|greenochre> uploaded a file: <https:\/\/lesswrongru.slack.com\/files\/greenochre\/F2M1J8VRC\/pasted_image_at_2016_10_08_03_49_pm.png|Pasted image at 2016-10-08, 3:49 PM>",
        "file": {
            "id": "F2M1J8VRC",
            "created": 1475930948,
            "timestamp": 1475930948,
            "name": "Pasted image at 2016_10_08 03_49 PM.png",
            "title": "Pasted image at 2016-10-08, 3:49 PM",
            "mimetype": "image\/png",
            "filetype": "png",
            "pretty_type": "PNG",
            "user": "U2KS93BC2",
            "editable": false,
            "size": 47494,
            "mode": "hosted",
            "is_external": false,
            "external_type": "",
            "is_public": true,
            "public_url_shared": false,
            "display_as_bot": false,
            "username": "",
            "url_private": "https:\/\/files.slack.com\/files-pri\/T0CTD4Q0K-F2M1J8VRC\/pasted_image_at_2016_10_08_03_49_pm.png?t=xoxe-12931160019-103607625319-102215183440-059257f7d7",
            "url_private_download": "https:\/\/files.slack.com\/files-pri\/T0CTD4Q0K-F2M1J8VRC\/download\/pasted_image_at_2016_10_08_03_49_pm.png?t=xoxe-12931160019-103607625319-102215183440-059257f7d7",
            "thumb_64": "https:\/\/files.slack.com\/files-tmb\/T0CTD4Q0K-F2M1J8VRC-919f76c321\/pasted_image_at_2016_10_08_03_49_pm_64.png?t=xoxe-12931160019-103607625319-102215183440-059257f7d7",
            "thumb_80": "https:\/\/files.slack.com\/files-tmb\/T0CTD4Q0K-F2M1J8VRC-919f76c321\/pasted_image_at_2016_10_08_03_49_pm_80.png?t=xoxe-12931160019-103607625319-102215183440-059257f7d7",
            "thumb_360": "https:\/\/files.slack.com\/files-tmb\/T0CTD4Q0K-F2M1J8VRC-919f76c321\/pasted_image_at_2016_10_08_03_49_pm_360.png?t=xoxe-12931160019-103607625319-102215183440-059257f7d7",
            "thumb_360_w": 360,
            "thumb_360_h": 232,
            "thumb_480": "https:\/\/files.slack.com\/files-tmb\/T0CTD4Q0K-F2M1J8VRC-919f76c321\/pasted_image_at_2016_10_08_03_49_pm_480.png?t=xoxe-12931160019-103607625319-102215183440-059257f7d7",
            "thumb_480_w": 480,
            "thumb_480_h": 309,
            "thumb_160": "https:\/\/files.slack.com\/files-tmb\/T0CTD4Q0K-F2M1J8VRC-919f76c321\/pasted_image_at_2016_10_08_03_49_pm_160.png?t=xoxe-12931160019-103607625319-102215183440-059257f7d7",
            "image_exif_rotation": 1,
            "original_w": 618,
            "original_h": 398,
            "permalink": "https:\/\/lesswrongru.slack.com\/files\/greenochre\/F2M1J8VRC\/pasted_image_at_2016_10_08_03_49_pm.png",
            "permalink_public": "https:\/\/slack-files.com\/T0CTD4Q0K-F2M1J8VRC-2f4a06abcc",
            "channels": [
                "C0KQH8MBL"
            ],
            "groups": [
    
            ],
            "ims": [
    
            ],
            "comments_count": 0
        },
        "user": "U2KS93BC2",
        "upload": true,
        "display_as_bot": false,
        "username": "<@U2KS93BC2|greenochre>",
        "bot_id": null,
        "ts": "1475930950.000006"
    },
    {
        "type": "message",
        "user": "U0F6P8JAG",
        "text": "\u042d\u0442\u043e \u0438\u0437-\u0437\u0430 \u043b\u0438\u043c\u0438\u0442\u0430 \u043d\u0430 10000 \u0441\u043e\u043e\u0431\u0449\u0435\u043d\u0438\u0439 \u0432 \u0441\u043b\u0430\u043a\u0435. \u0418\u0437\u0432\u043b\u0451\u043a \u0447\u0435\u0440\u0435\u0437 chrome developer tools :)\n\n\u041a\u0430\u043a \u044d\u0442\u043e \u0434\u0435\u043b\u0430\u0435\u0442\u0441\u044f \u0432\u0436\u0438\u0432\u0443\u044e: <https:\/\/www.youtube.com\/watch?v=wxNuxDdUMNk>\n\u041a\u0430\u043a \u044d\u0442\u043e \u0434\u0435\u043b\u0430\u0435\u0442\u0441\u044f \u0437\u0434\u0435\u0441\u044c:\nI) \u0412\u043d\u0430\u0447\u0430\u043b\u0430 \u0432\u044b\u0431\u0438\u0440\u0430\u0435\u0442\u0441\u044f \u0438\u0441\u043f\u044b\u0442\u0443\u0435\u043c\u044b\u0439 (\u043e\u0433\u043b\u0430\u0448\u0430\u044e\u0449\u0438\u0439 \u043d\u0435\u043a\u043e\u0435 \u0438\u043d\u0442\u0435\u0440\u0435\u0441\u043d\u043e\u0435 \u0443\u0431\u0435\u0436\u0434\u0435\u043d\u0438\u0435), \u0441\u043b\u0435\u0434\u043e\u0432\u0430\u0442\u0435\u043b\u044c \u0438 \u0441\u0443\u0434\u044c\u044f, \u043e\u0431\u044a\u044f\u0432\u043b\u044f\u0435\u0442\u0441\u044f \u0441\u0442\u0430\u0440\u0442, \u043a\u043e\u0433\u0434\u0430 \u0432\u0441\u0435 \u0442\u0440\u0438 \u043d\u0430\u0445\u043e\u0434\u044f\u0442\u0441\u044f \u0432 \u043e\u043d\u043b\u0430\u0439\u043d\u0435.\nII) \u0418\u0441\u043f\u044b\u0442\u0443\u0435\u043c\u044b\u0439 \u043d\u0430\u0447\u0438\u043d\u0430\u0435\u0442 \u0438\u0437\u043b\u0430\u0433\u0430\u0442\u044c \u0441\u0432\u043e\u044e \u0442\u043e\u0447\u043a\u0443 \u0437\u0440\u0435\u043d\u0438\u044f, \u0441\u043b\u0435\u0434\u043e\u0432\u0430\u0442\u0435\u043b\u044c \u0437\u0430\u0434\u0430\u0435\u0442 \u0443\u0442\u043e\u0447\u043d\u044f\u044e\u0449\u0438\u0435 \u0438 \u043d\u0430\u0432\u043e\u0434\u044f\u0449\u0438\u0435 \u0432\u043e\u043f\u0440\u043e\u0441\u044b, \u043f\u0440\u043e\u044f\u0441\u043d\u044f\u0435\u0442 \u0442\u0435\u0440\u043c\u0438\u043d\u044b \u0438 \u0442. \u0434.\nIII) \u0421\u0443\u0434\u044c\u044f \u0432\u043c\u0435\u0448\u0438\u0432\u0430\u0435\u0442\u0441\u044f \u0442\u043e\u043b\u044c\u043a\u043e \u043f\u043e \u043c\u0435\u0442\u0435: \u0441\u043e\u0431\u043b\u044e\u0434\u0435\u043d\u0438\u044e \u0440\u0435\u0433\u043b\u0430\u043c\u0435\u043d\u0442\u0430 \u043e\u0431\u0441\u0443\u0436\u0434\u0435\u043d\u0438\u044f, \u0442\u043e\u043c\u0443, \u0447\u0442\u043e \u0441\u043b\u0435\u0434\u043e\u0432\u0430\u0442\u0435\u043b\u044c \u043d\u0435 \u043d\u0430\u0447\u0438\u043d\u0430\u0435\u0442 \u0441\u043f\u043e\u0440\u0438\u0442\u044c \u0438 \u0438\u0437\u043b\u0430\u0433\u0430\u0442\u044c \u0441\u0432\u043e\u044e \u0442\u043e\u0447\u043a\u0443 \u0437\u0440\u0435\u043d\u0438\u044f \u0438 \u0442. \u0434. \u0420\u0435\u0448\u0435\u043d\u0438\u044f \u0441\u0443\u0434\u044c\u0438 \u0432\u044b\u043f\u043e\u043b\u043d\u044f\u044e\u0442\u0441\u044f \u0432\u0441\u0435\u043c\u0438 \u0443\u0447\u0430\u0441\u0442\u043d\u0438\u043a\u0430\u043c\u0438 \u0431\u0435\u0437 \u0432\u043e\u043f\u0440\u043e\u0441\u043e\u0432, \u0440\u0435\u0444\u043b\u0435\u043a\u0441\u0438\u044f - \u043f\u043e\u0442\u043e\u043c.\nIV) \u0423\u043f\u0440\u0430\u0436\u043d\u0435\u043d\u0438\u0435 \u0437\u0430\u043a\u0430\u043d\u0447\u0438\u0432\u0430\u0435\u0442\u0441\u044f, \u043a\u043e\u0433\u0434\u0430 \u043b\u044e\u0431\u043e\u0439 \u0438\u0437 \u0442\u0440\u0435\u0445 \u0443\u0447\u0430\u0441\u0442\u043d\u0438\u043a\u043e\u0432 \u043f\u043e\u0441\u0447\u0438\u0442\u0430\u0435\u0442 \u044d\u0442\u043e \u043d\u0443\u0436\u043d\u044b\u043c. \u041f\u043e\u0441\u043b\u0435 \u044d\u0442\u043e\u0433\u043e \u0441\u0432\u043e\u044e \u0440\u0435\u0444\u043b\u0435\u043a\u0441\u0438\u044e \u0432\u044b\u0441\u043a\u0430\u0437\u044b\u0432\u0430\u044e\u0442 \u0438\u0441\u043f\u044b\u0442\u0443\u0435\u043c\u044b\u0439, \u0441\u043b\u0435\u0434\u043e\u0432\u0430\u0442\u0435\u043b\u044c \u0438 \u0441\u0443\u0434\u044c\u044f.\nV) \u0412\u043e \u0432\u0440\u0435\u043c\u044f \u0443\u043f\u0440\u0430\u0436\u043d\u0435\u043d\u0438\u044f \u0432 \u043a\u0430\u043d\u0430\u043b\u0435 \u043c\u043e\u0433\u0443\u0442 \u0433\u043e\u0432\u043e\u0440\u0438\u0442\u044c \u0442\u043e\u043b\u044c\u043a\u043e \u044d\u0442\u0438 \u0442\u0440\u043e\u0435. \u0412 \u043e\u0441\u0442\u0430\u043b\u044c\u043d\u043e\u0435 \u0432\u0440\u0435\u043c\u044f \u043c\u043e\u0433\u0443\u0442 \u0433\u043e\u0432\u043e\u0440\u0438\u0442\u044c \u0432\u0441\u0435, \u043e\u0431\u0441\u0443\u0436\u0434\u0430\u044f \u043c\u0435\u0442\u0443 \u043f\u0440\u043e\u0448\u0435\u0434\u0448\u0438\u0445 \u0443\u043f\u0440\u0430\u0436\u043d\u0435\u043d\u0438\u0439 (\u043a\u0442\u043e \u0447\u0442\u043e \u0438 \u043a\u0430\u043a \u0441\u043a\u0430\u0437\u0430\u043b), \u043f\u043e \u0441\u043e\u0434\u0435\u0440\u0436\u0430\u043d\u0438\u044e \u0443\u0431\u0435\u0436\u0434\u0435\u043d\u0438\u0439 - \u0432 \u0434\u0440\u0443\u0433\u0438\u0435 \u043a\u0430\u043d\u0430\u043b\u044b, \u0430 \u0442\u0430\u043a\u0436\u0435 \u043f\u0440\u0435\u0434\u043b\u0430\u0433\u0430\u044f \u043d\u043e\u0432\u044b\u0435 \u0442\u0435\u043c\u044b \u0438 \u0441\u0435\u0431\u044f \u0432 \u043a\u0430\u043a\u043e\u0439-\u043b\u0438\u0431\u043e \u0440\u043e\u043b\u0438. \u0422\u0430\u043a\u0436\u0435 \u043c\u043e\u0436\u043d\u043e \u0443\u043b\u0443\u0447\u0448\u0430\u0442\u044c \u0438 \u0434\u043e\u0440\u0430\u0431\u0430\u0442\u044b\u0432\u0430\u0442\u044c \u044d\u0442\u043e\u0442 \u0440\u0435\u0433\u043b\u0430\u043c\u0435\u043d\u0442.",
        "attachments": [
            {
                "service_name": "YouTube",
                "service_url": "https:\/\/www.youtube.com\/",
                "title": "20140928 7 \u0421\u043b\u0435\u0434\u0441\u0442\u0432\u0438\u0435 \u043d\u0430\u0434 \u0443\u0431\u0435\u0436\u0434\u0435\u043d\u0438\u0435\u043c",
                "title_link": "https:\/\/www.youtube.com\/watch?v=wxNuxDdUMNk",
                "author_name": "Lesswrong.ru",
                "author_link": "https:\/\/www.youtube.com\/channel\/UCDuUW15DOp4UDqxe2QrfsNA",
                "thumb_url": "https:\/\/i.ytimg.com\/vi\/wxNuxDdUMNk\/hqdefault.jpg",
                "thumb_width": 480,
                "thumb_height": 360,
                "fallback": "YouTube Video: 20140928 7 \u0421\u043b\u0435\u0434\u0441\u0442\u0432\u0438\u0435 \u043d\u0430\u0434 \u0443\u0431\u0435\u0436\u0434\u0435\u043d\u0438\u0435\u043c",
                "video_html": "<iframe width=\"400\" height=\"300\" src=\"https:\/\/www.youtube.com\/embed\/wxNuxDdUMNk?feature=oembed&autoplay=1&iv_load_policy=3\" frameborder=\"0\" allowfullscreen><\/iframe>",
                "video_html_width": 400,
                "video_html_height": 300,
                "from_url": "https:\/\/www.youtube.com\/watch?v=wxNuxDdUMNk",
                "service_icon": "https:\/\/a.slack-edge.com\/2089\/img\/unfurl_icons\/youtube.png",
                "id": 1
            }
        ],
        "ts": "1475931309.000007"
    },
    {
        "type": "message",
        "user": "U0F6P8JAG",
        "text": "\u0415\u0441\u043b\u0438 \u044f \u043f\u0440\u0430\u0432\u0438\u043b\u044c\u043d\u043e \u043f\u043e\u043c\u043d\u044e, \u043d\u0438 \u043e\u0434\u043d\u043e\u0433\u043e \u0443\u0441\u043f\u0435\u0448\u043d\u043e\u0433\u043e \u0441\u043b\u0435\u0434\u0441\u0442\u0432\u0438\u044f \u0432 \u044d\u0442\u043e\u043c \u043a\u0430\u043d\u0430\u043b\u0435 \u0442\u0430\u043a \u0438 \u043d\u0435 \u0441\u043b\u0443\u0447\u0438\u043b\u043e\u0441\u044c.",
        "ts": "1475931342.000009"
    },
    {
        "type": "message",
        "user": "U0F6P8JAG",
        "text": "\u041f\u0435\u0440\u0435\u043d\u0451\u0441 \u0432 \u0445\u0430\u043a\u043f\u0430\u0434, <https:\/\/lesswrong-ru.hackpad.com\/--cmNMJhG0OIx#:h=\u0412-slack-\u0447\u0430\u0442\u0435>\n\u041a\u0441\u0442\u0430\u0442\u0438, \u043f\u043e \u044d\u0442\u043e\u0439 \u0441\u0441\u044b\u043b\u043a\u0435 (\u0438 \u043f\u043e \u0434\u0440\u0443\u0433\u043e\u0439, <https:\/\/lesswrong-ru.hackpad.com\/--cc5zmpPMUsA>) \u0435\u0441\u0442\u044c \u043c\u043d\u043e\u0433\u043e \u0434\u043e\u043f\u043e\u043b\u043d\u0438\u0442\u0435\u043b\u044c\u043d\u044b\u0445 \u043c\u0430\u0442\u0435\u0440\u0438\u0430\u043b\u043e\u0432.",
        "ts": "1475931498.000010"
    },
    {
        "type": "message",
        "user": "U2KS93BC2",
        "text": "\u0423\u0445 \u0442\u044b, \u043a\u0440\u0443\u0442\u0430\u044f \u0438\u0434\u0435\u044f. \u0410 \u043f\u043e \u043a\u0430\u043a\u043e\u043c\u0443 \u043a\u0440\u0438\u0442\u0435\u0440\u0438\u044e \u0438\u043d\u0442\u0435\u0440\u0435\u0441\u043d\u044b\u0435 \u0443\u0431\u0435\u0436\u0434\u0435\u043d\u0438\u044f \u043e\u0442\u043b\u0438\u0447\u0430\u044e\u0442\u0441\u044f \u043e\u0442 \u043d\u0435\u0438\u043d\u0442\u0435\u0440\u0435\u0441\u043d\u044b\u0445?",
        "ts": "1475931506.000011"
    },
    {
        "type": "message",
        "user": "U0F6P8JAG",
        "text": "\u201c\u0418\u043d\u0442\u0435\u0440\u0435\u0441\u043d\u043e\u0435\u201d = \u201c\u043a\u0442\u043e-\u0442\u043e \u0441\u043e\u0433\u043b\u0430\u0441\u0438\u043b\u0441\u044f \u0435\u043c\u0443 \u043e\u043f\u043f\u043e\u043d\u0438\u0440\u043e\u0432\u0430\u0442\u044c\u201d.",
        "ts": "1475931544.000012"
    },
    {
        "type": "message",
        "user": "U0F6P8JAG",
        "text": "\u041f\u043e \u043a\u0440\u0430\u0439\u043d\u0435\u0439 \u043c\u0435\u0440\u0435 \u0442\u0430\u043a \u043e\u0431\u044b\u0447\u043d\u043e \u0431\u044b\u043b\u043e \u043d\u0430 \u043e\u0444\u043b\u0430\u0439\u043d\u043e\u0432\u044b\u0445 \u0432\u0441\u0442\u0440\u0435\u0447\u0430\u0445, \u0441\u043d\u0430\u0447\u0430\u043b\u0430 \u043d\u0430\u0445\u043e\u0434\u0438\u043c \u0438\u0441\u043f\u044b\u0442\u0443\u0435\u043c\u044b\u0445 \u0441 \u0443\u0431\u0435\u0436\u0434\u0435\u043d\u0438\u044f\u043c\u0438, \u043f\u043e\u0442\u043e\u043c \u043f\u043e\u0434\u0431\u0438\u0440\u0430\u0435\u043c \u0438\u043c \u043f\u0430\u0440\u044b.",
        "ts": "1475931575.000013"
    },
    {
        "type": "message",
        "user": "U2KS93BC2",
        "text": "\u0417\u0434\u043e\u0440\u043e\u0432\u043e, \u0441\u043f\u0430\u0441\u0438\u0431\u043e, \u043f\u043e\u0448\u043b\u0430 \u0447\u0438\u0442\u0430\u0442\u044c \u043f\u043e \u0441\u0441\u044b\u043b\u043a\u0430\u043c",
        "ts": "1475931702.000014"
    },
    {
        "user": "U0F6P8JAG",
        "topic": "\u041a\u0430\u043d\u0430\u043b \u0434\u043b\u044f \u0443\u043f\u0440\u0430\u0436\u043d\u0435\u043d\u0438\u044f \"\u0421\u043b\u0435\u0434\u0441\u0442\u0432\u0438\u0435 \u043d\u0430\u0434 \u0443\u0431\u0435\u0436\u0434\u0435\u043d\u0438\u0435\u043c\". \u0427\u0438\u0442\u0430\u0442\u044c \u0442\u0443\u0442: <https:\/\/lesswrong-ru.hackpad.com\/--cmNMJhG0OIx>",
        "text": "<@U0F6P8JAG|berekuk> set the channel topic: \u041a\u0430\u043d\u0430\u043b \u0434\u043b\u044f \u0443\u043f\u0440\u0430\u0436\u043d\u0435\u043d\u0438\u044f \"\u0421\u043b\u0435\u0434\u0441\u0442\u0432\u0438\u0435 \u043d\u0430\u0434 \u0443\u0431\u0435\u0436\u0434\u0435\u043d\u0438\u0435\u043c\". \u0427\u0438\u0442\u0430\u0442\u044c \u0442\u0443\u0442: <https:\/\/lesswrong-ru.hackpad.com\/--cmNMJhG0OIx>",
        "type": "message",
        "subtype": "channel_topic",
        "ts": "1475932501.000015"
    },
    {
        "user": "U2M2QTHGU",
        "text": "<@U2M2QTHGU|chernov> has joined the channel",
        "type": "message",
        "subtype": "channel_join",
        "ts": "1475953799.000016"
    }
]