[
    {
        "user": "U2MKPHGDS",
        "text": "<@U2MKPHGDS|gryphon> has left the channel",
        "type": "message",
        "subtype": "channel_leave",
        "ts": "1478514511.000002"
    },
    {
        "user": "U2Z8ASUKC",
        "text": "<@U2Z8ASUKC|alexanderaa> has joined the channel",
        "type": "message",
        "subtype": "channel_join",
        "ts": "1478531510.000003"
    },
    {
        "user": "U3061KTP0",
        "text": "<@U3061KTP0|maryedetvnebesa> has joined the channel",
        "type": "message",
        "subtype": "channel_join",
        "ts": "1478561682.000002"
    }
]