[
    {
        "user": "U0F6P8JAG",
        "type": "message",
        "subtype": "channel_join",
        "text": "<@U0F6P8JAG|berekuk> has joined the channel",
        "ts": "1449596517.000002"
    },
    {
        "user": "U0F6P8JAG",
        "purpose": "\u041f\u0438\u0448\u0435\u043c \u043f\u0440\u0438\u043b\u043e\u0436\u0435\u043d\u0438\u0435 \u0434\u043b\u044f \u0437\u0430\u043f\u0438\u0441\u044b\u0432\u0430\u043d\u0438\u044f \u043f\u0440\u0435\u0434\u0441\u043a\u0430\u0437\u0430\u043d\u0438\u0439. https:\/\/lesswrong-ru.hackpad.com\/--zU7wTI9J4Mc",
        "type": "message",
        "subtype": "channel_purpose",
        "text": "<@U0F6P8JAG|berekuk> set the channel purpose: \u041f\u0438\u0448\u0435\u043c \u043f\u0440\u0438\u043b\u043e\u0436\u0435\u043d\u0438\u0435 \u0434\u043b\u044f \u0437\u0430\u043f\u0438\u0441\u044b\u0432\u0430\u043d\u0438\u044f \u043f\u0440\u0435\u0434\u0441\u043a\u0430\u0437\u0430\u043d\u0438\u0439. https:\/\/lesswrong-ru.hackpad.com\/--zU7wTI9J4Mc",
        "ts": "1449596517.000003"
    },
    {
        "user": "U0G00FWH2",
        "inviter": "U0F6P8JAG",
        "type": "message",
        "subtype": "channel_join",
        "text": "<@U0G00FWH2|random> has joined the channel",
        "ts": "1449596527.000004"
    },
    {
        "user": "U0FGKCY31",
        "type": "message",
        "subtype": "channel_join",
        "text": "<@U0FGKCY31|deep_blue_hexagon> has joined the channel",
        "ts": "1449601811.000005"
    }
]