[
    {
        "user": "U0CTGJMR9",
        "type": "message",
        "subtype": "channel_join",
        "text": "<@U0CTGJMR9|fil0sof> has joined the channel",
        "ts": "1449648468.000002"
    },
    {
        "user": "U0E9QC62F",
        "type": "message",
        "subtype": "channel_join",
        "text": "<@U0E9QC62F|shannar> has joined the channel",
        "ts": "1449656894.000003"
    },
    {
        "user": "U0G8VK9SQ",
        "type": "message",
        "subtype": "channel_join",
        "text": "<@U0G8VK9SQ|whaf> has joined the channel",
        "ts": "1449690854.000004"
    }
]