[
    {
        "type": "message",
        "user": "U0G8VK9SQ",
        "text": "\u044f \u0441\u0434\u0435\u043b\u0430\u043b\u0430 \u0437\u0430\u043a\u0440\u044b\u0442\u0438\u0435 \u0441\u0442\u0430\u0432\u043e\u043a",
        "ts": "1450045844.000041",
        "reactions": [
            {
                "name": "+1",
                "users": [
                    "U0G00FWH2",
                    "U0F6P8JAG"
                ],
                "count": 2
            }
        ]
    },
    {
        "text": "<@U0G8VK9SQ|whaf> now has 1 points!",
        "username": "Prowd",
        "bot_id": "B0F9A9E1F",
        "icons": {
            "image_48": "https:\/\/s3-us-west-2.amazonaws.com\/slack-files2\/bot_icons\/2015-11-25\/15317729122_48.png"
        },
        "attachments": [
            {
                "fallback": "View the <http:\/\/prowd.io\/leaderboard\/8WrY89JBJn9tSxeKw|leaderboard>",
                "text": "View the <http:\/\/prowd.io\/leaderboard\/8WrY89JBJn9tSxeKw|leaderboard>",
                "title": "\n+1 from <@U0CTD4Q11|microfed>",
                "id": 1,
                "color": "875ca5",
                "mrkdwn_in": [
                    "text",
                    "title"
                ]
            }
        ],
        "type": "message",
        "subtype": "bot_message",
        "ts": "1450064568.000043"
    }
]