[
    {
        "user": "U0FD5HC1F",
        "type": "message",
        "subtype": "channel_join",
        "text": "<@U0FD5HC1F|quilfe> has joined the channel",
        "ts": "1451842943.000240"
    },
    {
        "type": "message",
        "user": "U0FD5HC1F",
        "text": "\u041a \u0442\u043e\u043c\u0443, \u0447\u0442\u043e \u0432\u044b\u0448\u0435. \u041c\u043d\u0435 \u043a\u0430\u0436\u0435\u0442\u0441\u044f \u0440\u0430\u0437\u0443\u043c\u043d\u044b\u043c, \u0435\u0441\u043b\u0438 \u0432\u044b\u0431\u043e\u0440 \u0432\u0435\u0440\u043e\u044f\u0442\u043d\u043e\u0441\u0442\u0435\u0439 \u0434\u0438\u0441\u043a\u0440\u0435\u0442\u043d\u044b\u0439, \u0434\u0435\u043b\u0430\u0442\u044c \u0448\u0430\u0433 \u043c\u0435\u043d\u044c\u0448\u0435 \u0432\u0431\u043b\u0438\u0437\u0438 0 \u0438 1. \u041c\u0435\u0436\u0434\u0443, \u043d\u0430\u043f\u0440\u0438\u043c\u0435\u0440, 70% \u0438 70,5% \u0440\u0430\u0437\u043d\u0438\u0446\u0430 \u043c\u0435\u043d\u044c\u0448\u0435, \u0447\u0435\u043c \u043c\u0435\u0436\u0434\u0443 99% \u0438 99,5%, \u043d\u0430 \u0448\u043a\u0430\u043b\u0435 \u043b\u043e\u0433\u0430\u0440\u0438\u0444\u043c\u043e\u0432 \u0448\u0430\u043d\u0441\u043e\u0432 \u044d\u0442\u043e \u043e\u0441\u043e\u0431\u0435\u043d\u043d\u043e \u0437\u0430\u043c\u0435\u0442\u043d\u043e. \u0421\u043c. \u043d\u0430\u043f\u0440\u0438\u043c\u0435\u0440 <http:\/\/lesswrong.com\/lw\/mp\/0_and_1_are_not_probabilities\/>",
        "attachments": [
            {
                "text": "Followup to:\u00a0 Infinite Certainty\u00a0 1, 2, and 3 are all integers, and so is -4.\u00a0 If you keep counting up, or keep counting down, you're bound to encounter a whole",
                "fallback": "Followup to:\u00a0 Infinite Certainty\u00a0 1, 2, and 3 are all integers, and so is -4.\u00a0 If you keep counting up, or keep counting down, you're bound to encounter a whole",
                "from_url": "http:\/\/lesswrong.com\/lw\/mp\/0_and_1_are_not_probabilities\/",
                "id": 1
            }
        ],
        "ts": "1451843158.000241"
    },
    {
        "type": "message",
        "user": "U0FD5HC1F",
        "text": "\u044f \u0431\u044b \u0441\u0434\u0435\u043b\u0430\u043b, \u043d\u0430\u043f\u0440\u0438\u043c\u0435\u0440, 70%, 80%, 85%, 90%, 93%, 95%, 97%, 99%, 99,9%, \u0430\u043d\u0430\u043b\u043e\u0433\u0438\u0447\u043d\u043e \u0441\u043e \u0441\u0442\u043e\u0440\u043e\u043d\u044b \u043d\u0443\u043b\u044f (\u0430 \u0432 \u0441\u0435\u0440\u0435\u0434\u0438\u043d\u0435 \u0441 \u0440\u0430\u0437\u043d\u0438\u0446\u0435\u0439 \u0432 10%), \u043d\u043e \u043c\u043e\u0436\u043d\u043e \u0438 \u0447\u0430\u0449\u0435",
        "ts": "1451843208.000243"
    },
    {
        "type": "message",
        "user": "U0FD5HC1F",
        "text": "\u043d\u0435 \u0432\u0438\u0436\u0443, \u043f\u043e\u0447\u0435\u043c\u0443 \u0431\u044b \u0431\u0430\u0439\u0435\u0441\u043e\u0432\u0441\u043a\u0430\u044f \u0432\u0435\u0440\u043e\u044f\u0442\u043d\u043e\u0441\u0442\u044c \u0432\u0435\u043b\u0430 \u0431\u044b \u0441\u0435\u0431\u044f \u0438\u043d\u0430\u0447\u0435, \u0447\u0435\u043c \u0447\u0430\u0441\u0442\u043e\u0442\u043d\u0430\u044f, \u0432 \u0434\u0430\u043d\u043d\u043e\u043c \u0441\u043b\u0443\u0447\u0430\u0435, \u0432\u0435\u0434\u044c \u043d\u0430 \u043f\u0440\u043e\u0442\u044f\u0436\u0435\u043d\u0438\u0438 \u043c\u043d\u043e\u0433\u0438\u0445 \u0441\u0442\u0430\u0432\u043e\u043a \u043e\u043d\u0430 \u0431\u0443\u0434\u0435\u0442 \u0432\u0435\u0441\u0442\u0438 \u0441\u0435\u0431\u044f \u0442\u0430\u043a \u0436\u0435",
        "ts": "1451843292.000244"
    },
    {
        "type": "message",
        "user": "U0FD5HC1F",
        "text": "&gt; Mark you: the path of Bayesianity is strict. What probability shall you assign each morning, to the proposition, \"The sun shall rise?\" (We shall discount such quibbles as cloudy days, and that the Earth orbits the Sun.) Perhaps one who did not follow Bayesianity would be humble, and give a probability of 99.9%. But we who follow Bayesianity shall discard all considerations of modesty and arrogance, and scheme only to maximize our Final Judgment. Like an obsessive video-game player, we care only about this numerical score. We're going to face this Sun-shall-rise issue 365 times per year, so we might be able to improve our Final Judgment considerably by tweaking our probability assignment.\n<http:\/\/www.yudkowsky.net\/rational\/technical\/>",
        "ts": "1451843299.000245"
    },
    {
        "type": "message",
        "user": "U0FD5HC1F",
        "text": "&gt; As it stands, even if the Sun rises every morning, every year our Final Judgment will decrease by a factor of 0.7 (.999^365), roughly -0.52 bits. Every two years, our Final Judgment will decrease more than if we found ourselves ignorant of a coinflip's outcome! Intolerable. If we increase our daily probability of sunrise to 99.99%, then each year our Final Judgment will decrease only by a factor of 0.964. Better. Still, in the unlikely event that we live exactly 70 years and then die, our Final Judgment will only be 7.75% of what it might have been. What if we assign a 99.999% probability to the sunrise? Then after 70 years, our Final Judgment will be multiplied by 77.4%.",
        "ts": "1451843318.000246"
    },
    {
        "type": "message",
        "user": "U0FD5HC1F",
        "text": "\u043d\u0430 \u043f\u0440\u0430\u043a\u0442\u0438\u043a\u0435 \u043f\u043e\u0434\u043e\u0431\u043d\u044b\u0435 \u0441\u043e\u0431\u044b\u0442\u0438\u044f \u0431\u0443\u0434\u0443\u0442 \u0432\u044b\u043f\u0430\u0434\u0430\u0442\u044c \u0440\u0435\u0436\u0435, \u0442\u0430\u043a \u0447\u0442\u043e \u043d\u0430\u043c \u043d\u0435 \u043d\u0443\u0436\u043d\u043e 6 \u0437\u043d\u0430\u043a\u043e\u0432 \u043f\u043e\u0441\u043b\u0435 \u0437\u0430\u043f\u044f\u0442\u043e\u0439, \u043d\u043e 95% \u0438 ~100% \u044f\u0432\u043d\u043e \u043d\u0435\u0434\u043e\u0441\u0442\u0430\u0442\u043e\u0447\u043d\u043e",
        "ts": "1451843398.000247"
    },
    {
        "type": "message",
        "user": "U0H1U59BL",
        "text": "\u0414\u0435\u043b\u043e \u043d\u0435 \u0432 \u0442\u043e\u043c, \u0447\u0442\u043e \u0432\u0435\u0440\u043e\u044f\u0442\u043d\u043e\u0441\u0442\u044c \u043a\u0430\u043a-\u0442\u043e \u0441\u0435\u0431\u044f \u0432\u0435\u0434\u0451\u0442, \u0430 \u0432 \u0442\u043e\u043c, \u0447\u0442\u043e \u0434\u043b\u044f \u0441\u043e\u0441\u0442\u0430\u0432\u043b\u0435\u043d\u0438\u044f \u043f\u0440\u0435\u0434\u0441\u043a\u0430\u0437\u0430\u043d\u0438\u044f \u0442\u0435\u0431\u0435 \u043d\u0443\u0436\u043d\u043e \u0431\u0443\u0434\u0435\u0442 \u0441\u0434\u0435\u043b\u0430\u0442\u044c \u0432\u044b\u0431\u043e\u0440 \u043c\u0435\u0436\u0434\u0443 97% \u0438 99%, \u043a \u043f\u0440\u0438\u043c\u0435\u0440\u0443. \u042f \u043d\u0435 \u0434\u0443\u043c\u0430\u044e, \u0447\u0442\u043e \u0434\u043b\u044f \u0431\u043e\u043b\u044c\u0448\u0438\u043d\u0441\u0442\u0432\u0430 \u043b\u044e\u0434\u0435\u0439 \u0442\u0430\u043a\u043e\u0439 \u0432\u044b\u0431\u043e\u0440 \u0431\u044b\u043b \u0431\u044b \u0447\u0435\u043c-\u0442\u043e \u0431\u043e\u043b\u0435\u0435, \u0447\u0435\u043c \u0432\u044b\u0431\u043e\u0440\u043e\u043c \u043d\u0430\u0443\u0433\u0430\u0434. \u041d\u043e \u044d\u0442\u043e \u0434\u0430\u0436\u0435 \u043d\u0435 \u0441\u0430\u043c\u043e\u0435 \u0433\u043b\u0430\u0432\u043d\u043e\u0435. \u0413\u043b\u0430\u0432\u043d\u0435\u0435 \u0432\u043e \u0432\u0441\u0435\u0439 \u044d\u0442\u043e\u0439 \u0437\u0430\u0442\u0435\u0435 \u0443\u0432\u0438\u0434\u0435\u0442\u044c \u0432 \u0438\u0442\u043e\u0433\u0435 \u043d\u0430\u0441\u043a\u043e\u043b\u044c\u043a\u043e \u0432\u0435\u0440\u043d\u044b \u0431\u044b\u043b\u0438 \u0442\u0432\u043e\u0438 \u0432\u0435\u0440\u043e\u044f\u0442\u043d\u043e\u0441\u0442\u0438.",
        "ts": "1451843428.000248"
    },
    {
        "type": "message",
        "user": "U0FD5HC1F",
        "text": "\u044f \u0434\u0443\u043c\u0430\u044e, \u0447\u0442\u043e \u0440\u0430\u0437\u043d\u0438\u0446\u0430 \u043c\u0435\u0436\u0434\u0443 97% \u0438 99% \u0431\u043e\u043b\u0435\u0435 \u0447\u0435\u043c \u0437\u0430\u043c\u0435\u0442\u043d\u0430",
        "ts": "1451843465.000249"
    },
    {
        "type": "message",
        "user": "U0H1U59BL",
        "text": "\u0412 \u0442\u0430\u043a\u043e\u043c \u0441\u043b\u0443\u0447\u0430\u0435 \u0434\u043b\u044f \u0442\u043e\u0433\u043e, \u0447\u0442\u043e\u0431\u044b \u0440\u0430\u0437\u043b\u0438\u0447\u0438\u0442\u044c \u0440\u0435\u0437\u0443\u043b\u044c\u0442\u0430\u0442\u044b \u0434\u043b\u044f 97% \u0438 99% \u043d\u0443\u0436\u043d\u043e \u0431\u0443\u0434\u0435\u0442 \u043a\u0430\u043a\u043e\u0435-\u0442\u043e \u0431\u043e\u043b\u044c\u0448\u0435 \u043a\u043e\u043b\u0438\u0447\u0435\u0441\u0442\u0432\u043e \u043f\u0440\u0435\u0434\u0441\u043a\u0430\u0437\u0430\u043d\u0438\u0439 \u0434\u0435\u043b\u0430\u0442\u044c \u0438\u043c\u0435\u043d\u043d\u043e \u043f\u043e \u043a\u0430\u0436\u0434\u043e\u043c\u0443 \u0438\u0437 \u043d\u0438\u0445.",
        "ts": "1451843470.000250"
    },
    {
        "type": "message",
        "user": "U0FD5HC1F",
        "text": "\"\u0432 \u0442\u0430\u043a\u0438\u0445 \u0441\u043b\u0443\u0447\u0430\u044f\u0445 \u044f \u043d\u0435\u043f\u0440\u0430\u0432 \u043f\u0440\u0438\u043c\u0435\u0440\u043d\u043e \u0440\u0430\u0437 \u0438\u0437 30\" \u0438 \"\u0438\u0437 100\" \u0441\u043e\u043e\u0442\u0432.",
        "ts": "1451843488.000251"
    },
    {
        "type": "message",
        "user": "U0H1U59BL",
        "text": "\u041c\u043e\u0436\u0435\u0448\u044c \u043f\u0440\u0438\u0432\u0435\u0441\u0442\u0438 \u043f\u0440\u0438\u043c\u0435\u0440 \u043f\u0440\u0435\u0434\u0441\u043a\u0430\u0437\u0430\u043d\u0438\u044f, \u0433\u0434\u0435 \u0442\u044b \u0431\u044b \u0440\u0430\u0437\u043b\u0438\u0447\u0430\u043b \u0442\u0430\u043a\u0438\u0435 \u0432\u0435\u043b\u0438\u0447\u0438\u043d\u044b?",
        "ts": "1451843515.000252"
    },
    {
        "type": "message",
        "user": "U0FD5HC1F",
        "text": "\u043f\u043e \u043a\u0440\u0430\u0439\u043d\u0435\u0439 \u043c\u0435\u0440\u0435 \u0432\u043e\u0437\u043c\u043e\u0436\u043d\u043e\u0441\u0442\u044c \u0442\u0430\u043a \u0437\u0430\u043f\u0438\u0441\u0430\u0442\u044c, \u044f \u0434\u0443\u043c\u0430\u044e, \u0434\u043e\u043b\u0436\u043d\u0430 \u0431\u044b\u0442\u044c. \u041f\u043e\u043d\u044f\u0442\u043d\u043e, \u0447\u0442\u043e \u0447\u0435\u043c \u0432\u044b\u0448\u0435 \u043c\u0430\u043a\u0441\u0438\u043c\u0430\u043b\u044c\u043d\u043e\u0435 \u0437\u043d\u0430\u0447\u0435\u043d\u0438\u0435, \u043a\u043e\u0442\u043e\u0440\u043e\u0435 \u0442\u044b \u0434\u0430\u0435\u0448\u044c \u0437\u0430\u043f\u043e\u043b\u043d\u0438\u0442\u044c, \u0442\u0435\u043c \u0441\u0438\u043b\u044c\u043d\u0435\u0435 \u0442\u044b \u043f\u043e\u0434\u0442\u0430\u043b\u043a\u0438\u0432\u0430\u0435\u0448\u044c \u043a\u043e\u0433\u043e-\u0442\u043e \u043a \u0441\u0432\u0435\u0440\u0445\u0443\u0432\u0435\u0440\u0435\u043d\u043d\u043e\u0441\u0442\u0438 \u0438 \u043e\u043d, \u0432\u0435\u0440\u043e\u044f\u0442\u043d\u043e, \u043f\u043e\u0442\u0435\u0440\u044f\u0435\u0442 \u043e\u0447\u043a\u0438. \u041d\u043e \u044d\u0442\u043e \u043d\u0435 \u0442\u043e \u0447\u0442\u043e\u0431\u044b \u043f\u0440\u0438\u0447\u0438\u043d\u0430 \u0442\u0430\u043a \u043d\u0435 \u0434\u0435\u043b\u0430\u0442\u044c.",
        "edited": {
            "user": "U0FD5HC1F",
            "ts": "1451843629.000000"
        },
        "ts": "1451843580.000253"
    },
    {
        "type": "message",
        "user": "U0H1U59BL",
        "text": "\u042f \u043f\u0440\u043e \u0441\u0432\u0435\u0440\u0445\u0443\u0432\u0435\u0440\u0435\u043d\u043d\u043e\u0441\u0442\u044c \u043d\u0438\u0447\u0435\u0433\u043e \u043d\u0435 \u0433\u043e\u0432\u043e\u0440\u0438\u043b, \u043d\u0435 \u0441\u0447\u0438\u0442\u0430\u044e \u044d\u0442\u043e \u0432\u0430\u0436\u043d\u044b\u043c.",
        "ts": "1451843658.000255"
    },
    {
        "type": "message",
        "user": "U0H1U59BL",
        "text": "\u041f\u043e\u0434 \u043f\u043e\u0434\u0442\u0430\u043b\u043a\u0438\u0432\u0430\u043d\u0438\u0435, \u0442\u043e\u0447\u043d\u0435\u0435.",
        "ts": "1451843667.000256"
    },
    {
        "type": "message",
        "user": "U0FD5HC1F",
        "text": "\u041d\u0443, \u043a \u043f\u0440\u0438\u043c\u0435\u0440\u0443, 96% \u044f \u0431\u044b \u043d\u0430\u0437\u043d\u0430\u0447\u0438\u043b \u0442\u043e\u043c\u0443, \u0447\u0442\u043e \u043f\u0440\u0430\u0432, \u0432 \u043a\u0430\u043a\u043e\u043c \u0433\u043e\u0440\u043e\u0434\u0435 \u0432 \u043f\u043e\u0435\u0437\u0434\u043a\u0435 \u044f \u0432\u0438\u0434\u0435\u043b \u043a\u0430\u043a\u0443\u044e-\u0442\u043e \u0437\u0430\u043f\u043e\u043c\u043d\u0438\u0432\u0448\u0443\u044e\u0441\u044f \u0434\u0435\u0442\u0430\u043b\u044c (\u0434\u0443\u043c\u0430\u044e, \u0447\u0442\u043e \u043e\u0448\u0438\u0431\u0443\u0441\u044c, \u0432\u043e\u0437\u043c\u043e\u0436\u043d\u043e, \u0440\u0430\u0437 \u0438\u0437 20), \u043f\u043e\u0441\u0442\u0430\u0432\u0438\u0432 \u0432\u043c\u0435\u0441\u0442\u043e \u044d\u0442\u043e\u0433\u043e 99%, \u044f \u043f\u043e\u0442\u0435\u0440\u044f\u044e 2 \u0431\u0438\u0442\u0430 \u0442\u043e\u0447\u043d\u043e\u0441\u0442\u0438, \u043a\u043e\u0433\u0434\u0430 \u0432\u0441\u0451-\u0442\u0430\u043a\u0438 \u043f\u0440\u043e\u0438\u0433\u0440\u0430\u044e (\u0432 \u0441\u0440\u0435\u0434\u043d\u0435\u043c \u043c\u0435\u043d\u044c\u0448\u0435, \u043d\u043e \u0432\u0441\u0451 \u0436\u0435). 99% \u044f \u0431\u044b \u043d\u0430\u0437\u043d\u0430\u0447\u0438\u043b, \u0441\u043a\u0430\u0436\u0435\u043c, \u0442\u043e\u043c\u0443, \u0447\u0442\u043e \u0432\u0435\u0440\u043d\u043e \u043f\u043e\u043c\u043d\u044e \u0442\u0435\u043e\u0440\u0435\u043c\u0443 \u043a\u043e\u0441\u0438\u043d\u0443\u0441\u043e\u0432 (\u043f\u043e\u0441\u043b\u0435 \u0442\u043e\u0433\u043e, \u043a\u0430\u043a \u043c\u0438\u043d\u0443\u0442\u0443 \u043f\u043e\u0434\u0443\u043c\u0430\u044e \u0438 \u043f\u043e\u0432\u0441\u043f\u043e\u043c\u0438\u043d\u0430\u044e). 99,9% \u0442\u043e\u043c\u0443, \u0447\u0442\u043e \u0441 \u0443\u0442\u0440\u0430 \u0430\u0432\u0442\u043e\u0431\u0443\u0441 \u043f\u043e\u0434\u043e\u0439\u0434\u0435\u0442 \u043d\u0430 \u043e\u0441\u0442\u0430\u043d\u043e\u0432\u043a\u0443 (\u0442. \u0435. \u0433\u0434\u0435-\u0442\u043e \u0440\u0430\u0437 \u0432 \u0442\u0440\u0438 \u0433\u043e\u0434\u0430 \u043f\u0440\u0430\u0432\u0434\u0430 \u043f\u0440\u043e\u0438\u0441\u0445\u043e\u0434\u0438\u0442 \u0442\u0430\u043a\u043e\u0435, \u0447\u0442\u043e \u0434\u043e\u0440\u043e\u0433\u0438 \u043f\u0435\u0440\u0435\u043a\u0440\u044b\u0432\u0430\u044e\u0442 etc.)",
        "ts": "1451843848.000257"
    },
    {
        "type": "message",
        "user": "U0FD5HC1F",
        "text": "(\u0441\u043c. \u0432\u044b\u0448\u0435 \u043f\u0440\u043e \u0421\u043e\u043b\u043d\u0446\u0435, \u043c\u043e\u0439 \u0441\u0438\u0441\u0442\u0435\u043c\u0430\u0442\u0438\u0447\u0435\u0441\u043a\u0438\u0439 \u043f\u0440\u043e\u0438\u0433\u0440\u044b\u0448, \u0435\u0441\u043b\u0438 \u044f \u0431\u0443\u0434\u0443 \u043a\u0430\u0436\u0434\u044b\u0439 \u0440\u0430\u0437 \u0433\u043e\u0432\u043e\u0440\u0438\u0442\u044c 99,9 \u0432\u043c\u0435\u0441\u0442\u043e 99,9999..., \u043d\u0430\u043f\u0440\u0438\u043c\u0435\u0440)",
        "ts": "1451843908.000258"
    },
    {
        "type": "message",
        "user": "U0H1U59BL",
        "text": "\u0412\u043e\u0442 \u043f\u043e\u043b\u044c\u0437\u043e\u0432\u0430\u0442\u0435\u043b\u044f \u0441\u043b\u0443\u0447\u0430\u0439\u043d\u043e\u0433\u043e \u043d\u0430\u0448\u0451\u043b \u0441 &gt;1200 \u043f\u0440\u0435\u0434\u0441\u043a\u0430\u0437\u0430\u043d\u0438\u0439 - \u0443 \u043d\u0435\u0433\u043e 50% \u0431\u043e\u043b\u044c\u0448\u0435 \u043f\u043e\u0445\u043e\u0436\u0435 \u043d\u0430 60, 70% \u043d\u0430 78, 100% \u043d\u0430 93 (\u043d\u0430 \u0433\u043b\u0430\u0437).",
        "ts": "1451843963.000259"
    },
    {
        "type": "message",
        "user": "U0H1U59BL",
        "text": "\u042f \u043a \u0442\u043e\u043c\u0443, \u0447\u0442\u043e \u0442\u044b \u043a\u043e\u043d\u0435\u0447\u043d\u043e \u043c\u043e\u0436\u0435\u0448\u044c \u0434\u0443\u043c\u0430\u0442\u044c, \u0447\u0442\u043e \u0442\u044b \u043c\u043e\u0436\u0435\u0448\u044c \u0440\u0430\u0437\u043b\u0438\u0447\u0430\u0442\u044c 97% \u0438 99%, \u043d\u043e \u043f\u043e\u043a\u0430 \u0440\u0435\u0437\u0443\u043b\u044c\u0442\u0430\u0442\u044b \u044d\u0442\u043e\u0433\u043e \u043d\u0435 \u043f\u043e\u043a\u0430\u0436\u0443\u0442 - \u044d\u0442\u043e \u043d\u0435 \u0431\u043e\u043b\u0435\u0435, \u0447\u0435\u043c \u0438\u043b\u043b\u044e\u0437\u0438\u044f.",
        "ts": "1451843993.000260"
    },
    {
        "type": "message",
        "user": "U0H1U59BL",
        "text": "\u0421\u0441\u044b\u043b\u043a\u0443 \u0437\u0430\u0431\u044b\u043b. \u0422\u0430\u043c \u043a\u0441\u0442\u0430\u0442\u0438 \u043f\u0440\u043e\u0446\u0435\u043d\u0442\u044b \u043d\u0435 \u043d\u0430 \u0433\u043b\u0430\u0437 \u0434\u0430\u0436\u0435 \u0435\u0441\u0442\u044c \u0432 \u0442\u0430\u0431\u043b\u0438\u0447\u043a\u0435: <http:\/\/predictionbook.com\/users\/JoshuaZ>",
        "ts": "1451844055.000261"
    },
    {
        "type": "message",
        "user": "U0H1U59BL",
        "text": "\u041a\u0441\u0442\u0430\u0442\u0438 \u0443 \u043d\u0438\u0445 \u0442\u0430\u043c \u0432\u0438\u0434\u0438\u043c\u043e \u043c\u043e\u0436\u043d\u043e \u043b\u044e\u0431\u043e\u0439 \u043f\u0440\u043e\u0446\u0435\u043d\u0442 \u0432\u044b\u0441\u0442\u0430\u0432\u043b\u044f\u0442\u044c, \u044f \u0434\u0443\u043c\u0430\u043b \u0441\u043d\u0430\u0447\u0430\u043b\u0430, \u0447\u0442\u043e \u0442\u043e\u043b\u044c\u043a\u043e \u0442\u0435, \u0447\u0442\u043e \u043d\u0430 \u0433\u0440\u0430\u0444\u0438\u043a\u0435.",
        "ts": "1451844154.000262"
    },
    {
        "type": "message",
        "user": "U0G0KMGKH",
        "text": "betapp - \u0442\u0430\u043c \u043f\u0440\u0435\u0434\u0441\u043a\u0430\u0437\u0430\u043d\u0438\u044f \u0442\u043e \u0431\u0443\u0434\u0443\u0442 \u043f\u0440\u0438\u0432\u0430\u0442\u043d\u044b\u0435 - \u0438\u0437\u0432\u0435\u0441\u0442\u043d\u044b\u0435 \u0442\u043e\u043b\u044c\u043a\u043e \u0430\u0432\u0442\u043e\u0440\u0443? \u0418\u043b\u0438 \u043a\u0430\u043a?",
        "ts": "1451858705.000263"
    }
]