[
    {
        "user": "U0CTD4Q11",
        "type": "message",
        "subtype": "channel_join",
        "text": "<@U0CTD4Q11|microfed> has joined the channel",
        "ts": "1450129866.000002"
    },
    {
        "user": "U0CTD4Q11",
        "purpose": "Channel without any moderation!",
        "type": "message",
        "subtype": "channel_purpose",
        "text": "<@U0CTD4Q11|microfed> set the channel purpose: Channel without any moderation!",
        "ts": "1450129866.000003"
    },
    {
        "user": "U0FQW7HH7",
        "inviter": "U0CTD4Q11",
        "type": "message",
        "subtype": "channel_join",
        "text": "<@U0FQW7HH7|netochka-nezvanova> has joined the channel",
        "ts": "1450129867.000004"
    },
    {
        "user": "U0CTD4Q11",
        "topic": "\u0417\u0430\u0445\u043e\u0434\u0438\u0442\u0435 \u043d\u0430 \u0441\u0432\u043e\u0439 \u0441\u0442\u0440\u0430\u0445 \u0438 \u0440\u0438\u0441\u043a. \u041c\u043e\u0434\u0435\u0440\u0438\u0440\u043e\u0432\u0430\u0442\u044c \u0447\u0443\u0436\u0438\u0435 \u0441\u043e\u043e\u0431\u0449\u0435\u043d\u0438\u044f \u0437\u0434\u0435\u0441\u044c \u043d\u0435\u043b\u044c\u0437\u044f.",
        "type": "message",
        "subtype": "channel_topic",
        "text": "<@U0CTD4Q11|microfed> set the channel topic: \u0417\u0430\u0445\u043e\u0434\u0438\u0442\u0435 \u043d\u0430 \u0441\u0432\u043e\u0439 \u0441\u0442\u0440\u0430\u0445 \u0438 \u0440\u0438\u0441\u043a. \u041c\u043e\u0434\u0435\u0440\u0438\u0440\u043e\u0432\u0430\u0442\u044c \u0447\u0443\u0436\u0438\u0435 \u0441\u043e\u043e\u0431\u0449\u0435\u043d\u0438\u044f \u0437\u0434\u0435\u0441\u044c \u043d\u0435\u043b\u044c\u0437\u044f.",
        "ts": "1450129909.000005"
    },
    {
        "user": "U0F6P8JAG",
        "type": "message",
        "subtype": "channel_join",
        "text": "<@U0F6P8JAG|berekuk> has joined the channel",
        "ts": "1450131485.000006"
    },
    {
        "user": "U0CTPBG5Q",
        "type": "message",
        "subtype": "channel_join",
        "text": "<@U0CTPBG5Q|remlin> has joined the channel",
        "ts": "1450135484.000007"
    }
]