[
    {
        "type": "message",
        "user": "U0D0R0D4P",
        "text": "<https:\/\/lesswrongru.slack.com\/archives\/open\/p1451609742005744>",
        "attachments": [
            {
                "color": "4D394B",
                "from_url": "https:\/\/lesswrongru.slack.com\/archives\/open\/p1451609742005744",
                "fallback": "[December 31st, 2015 4:55 PM] netochka-nezvanova: <http:\/\/funkyimg.com\/i\/25REt.jpeg> \u0441 \u043d\u043e\u0432\u044b\u043c \u0433\u043e\u0434\u043e\u043c",
                "author_subname": "netochka-nezvanova",
                "ts": "1451609742.005744",
                "text": "<http:\/\/funkyimg.com\/i\/25REt.jpeg> \u0441 \u043d\u043e\u0432\u044b\u043c \u0433\u043e\u0434\u043e\u043c",
                "author_link": "https:\/\/lesswrongru.slack.com\/team\/netochka-nezvanova",
                "author_icon": "https:\/\/secure.gravatar.com\/avatar\/9b0868543591a528f3c39136447fc94d.jpg?s=48&d=https%3A%2F%2Fslack.global.ssl.fastly.net%2F66f9%2Fimg%2Favatars%2Fava_0003-48.png",
                "mrkdwn_in": [
                    "text"
                ],
                "id": 1
            }
        ],
        "ts": "1451616750.000134"
    }
]