[
    {
        "type": "message",
        "user": "U0D0R0D4P",
        "text": "<https:\/\/www.youtube.com\/watch?v=OL61JreooRk>",
        "attachments": [
            {
                "service_name": "YouTube",
                "service_url": "https:\/\/www.youtube.com\/",
                "title": "Are Women As Horny As Men?",
                "title_link": "https:\/\/www.youtube.com\/watch?v=OL61JreooRk",
                "author_name": "lastpictures",
                "author_link": "https:\/\/www.youtube.com\/user\/lastpictures",
                "thumb_url": "https:\/\/i.ytimg.com\/vi\/OL61JreooRk\/hqdefault.jpg",
                "thumb_width": 480,
                "thumb_height": 360,
                "fallback": "YouTube Video: Are Women As Horny As Men?",
                "video_html": "<iframe width=\"400\" height=\"225\" src=\"https:\/\/www.youtube.com\/embed\/OL61JreooRk?feature=oembed&autoplay=1&iv_load_policy=3\" frameborder=\"0\" allowfullscreen><\/iframe>",
                "video_html_width": 400,
                "video_html_height": 225,
                "from_url": "https:\/\/www.youtube.com\/watch?v=OL61JreooRk",
                "id": 1
            }
        ],
        "ts": "1462166966.000002"
    },
    {
        "type": "message",
        "user": "U0D0R0D4P",
        "text": "\u0418\u043d\u0442\u0435\u0440\u0435\u0441\u043d\u0430\u044f \u043f\u0435\u0440\u0441\u043f\u0435\u043a\u0442\u0438\u0432\u0430  :simple_smile:",
        "ts": "1462166987.000004"
    },
    {
        "type": "message",
        "user": "U0D0R0D4P",
        "text": ":underage:",
        "ts": "1462167029.000005"
    },
    {
        "type": "message",
        "user": "U0D0R0D4P",
        "text": "\u0410\u0432\u0442\u043e\u0440\u044b \u043d\u0435 \u0441\u043b\u0438\u0448\u043a\u043e\u043c \u0432\u043d\u0438\u043c\u0430\u0442\u0435\u043b\u044c\u043d\u044b \u043a \u0434\u0435\u0442\u0430\u043b\u044f\u043c, \u043d\u043e  \u043e\u043d\u0438 \u0438 \u043d\u0435 \u0437\u0430\u044f\u0432\u043b\u044f\u044e\u0442, \u0447\u0442\u043e \u044d\u0442\u043e \u043c\u0430\u043a\u0441\u0438\u043c\u0430\u043b\u044c\u043d\u043e \u0442\u043e\u0447\u043d\u0430\u044f \u043c\u043e\u0434\u0435\u043b\u044c \u0442\u0430\u043a\u043e\u0433\u043e \u043c\u0438\u0440\u0430. \u041e\u0441\u0442\u043e\u0440\u043e\u0436\u043d\u043e \u043f\u0440\u0438 \u043f\u0440\u043e\u0441\u043c\u043e\u0442\u0440\u0435.",
        "edited": {
            "user": "U0D0R0D4P",
            "ts": "1462167163.000000"
        },
        "ts": "1462167081.000006"
    }
]