[
    {
        "type": "message",
        "user": "U0F6P8JAG",
        "text": "<https:\/\/xkcd.com\/1734\/>\n\u0420\u044d\u043d\u0434\u0435\u043b \u0441\u0435\u0433\u043e\u0434\u043d\u044f \u0432 \u0442\u0435\u043c\u0443, \u0445\u043e\u0442\u044f \u0447\u0442\u043e-\u0442\u043e \u043e\u0431\u043b\u0435\u043d\u0438\u043b\u0441\u044f.",
        "attachments": [
            {
                "title": "Reductionism",
                "title_link": "http:\/\/xkcd.com\/1734\/",
                "author_name": "xkcd",
                "author_link": "http:\/\/xkcd.com\/",
                "image_url": "http:\/\/imgs.xkcd.com\/comics\/reductionism.png",
                "image_width": 317,
                "image_height": 89,
                "image_bytes": 10066,
                "text": "[Title text] \"\"I've noticed you physics people can be a little on the reductionist side.\" \"That's ridiculous. Name ONE reductionist word I've ever said.\"\"",
                "fallback": "xkcd: Reductionism",
                "service_icon": "https:\/\/a.slack-edge.com\/2089\/img\/unfurl_icons\/xkcd.png",
                "id": 1
            }
        ],
        "ts": "1474057054.000057"
    }
]