[
    {
        "type": "message",
        "user": "U0D0R0D4P",
        "text": "<https:\/\/www.youtube.com\/watch?v=ohmajJTcpNk>",
        "attachments": [
            {
                "service_name": "YouTube",
                "service_url": "https:\/\/www.youtube.com\/",
                "title": "Face2Face: Real-time Face Capture and Reenactment of RGB Videos (CVPR 2016 Oral)",
                "title_link": "https:\/\/www.youtube.com\/watch?v=ohmajJTcpNk",
                "author_name": "Matthias Niessner",
                "author_link": "https:\/\/www.youtube.com\/channel\/UCXN2nYjVT0cR9G61RPEzK5Q",
                "thumb_url": "https:\/\/i.ytimg.com\/vi\/ohmajJTcpNk\/hqdefault.jpg",
                "thumb_width": 480,
                "thumb_height": 360,
                "fallback": "YouTube Video: Face2Face: Real-time Face Capture and Reenactment of RGB Videos (CVPR 2016 Oral)",
                "video_html": "<iframe width=\"400\" height=\"300\" src=\"https:\/\/www.youtube.com\/embed\/ohmajJTcpNk?feature=oembed&autoplay=1&iv_load_policy=3\" frameborder=\"0\" allowfullscreen><\/iframe>",
                "video_html_width": 400,
                "video_html_height": 300,
                "from_url": "https:\/\/www.youtube.com\/watch?v=ohmajJTcpNk",
                "id": 1
            }
        ],
        "ts": "1458375125.000003",
        "reactions": [
            {
                "name": "+1",
                "users": [
                    "U0F6P8JAG"
                ],
                "count": 1
            }
        ]
    },
    {
        "type": "message",
        "user": "U0D0R0D4P",
        "text": "\u043d\u0443 \u0431\u043b\u044f :simple_smile:",
        "ts": "1458375134.000005"
    },
    {
        "type": "message",
        "user": "U0FGKCY31",
        "text": "<https:\/\/lesswrongru.slack.com\/archives\/chaos\/p1458375125000003>\n\u044d\u0442\u043e \u0433\u043e\u0440\u0430\u0437\u0434\u043e \u043e\u043f\u0430\u0441\u043d\u0435\u0435 \u0447\u0435\u043c \u0413\u041c\u041e",
        "attachments": [
            {
                "color": "4D394B",
                "from_url": "https:\/\/lesswrongru.slack.com\/archives\/chaos\/p1458375125000003",
                "fallback": "[March 19th, 2016 1:12 AM] muyyd: <https:\/\/www.youtube.com\/watch?v=ohmajJTcpNk>",
                "author_subname": "muyyd",
                "ts": "1458375125.000003",
                "text": "<https:\/\/www.youtube.com\/watch?v=ohmajJTcpNk>",
                "title": "Face2Face: Real-time Face Capture and Reenactment of RGB Videos (CVPR 2016 Oral)",
                "title_link": "https:\/\/www.youtube.com\/watch?v=ohmajJTcpNk",
                "author_name": "\u041c\u0438\u0445\u0430\u0438\u043b \u041c\u044e\u0438\u0438\u0434",
                "author_link": "https:\/\/lesswrongru.slack.com\/team\/muyyd",
                "author_icon": "https:\/\/avatars.slack-edge.com\/2015-12-06\/16024424435_97ffb2b59dc3f706c010_48.jpg",
                "mrkdwn_in": [
                    "text"
                ],
                "id": 1
            }
        ],
        "edited": {
            "user": "U0FGKCY31",
            "ts": "1458377189.000000"
        },
        "ts": "1458377161.000006"
    },
    {
        "type": "message",
        "user": "U0FGKCY31",
        "text": "\u0417\u0430\u0431\u0430\u0432\u043d\u043e\u0435 \u0432\u0438\u0434\u0435\u043e \u0432\u043e\u0442 \u043f\u043e\u043f\u0430\u043b\u043e\u0441\u044c\n<https:\/\/www.youtube.com\/watch?v=k0MI0dQMzg4>",
        "attachments": [
            {
                "service_name": "YouTube",
                "service_url": "https:\/\/www.youtube.com\/",
                "title": "How To Be A Cyborg - EPIC HOW TO",
                "title_link": "https:\/\/www.youtube.com\/watch?v=k0MI0dQMzg4",
                "author_name": "AWE me",
                "author_link": "https:\/\/www.youtube.com\/user\/AweMeChannel",
                "thumb_url": "https:\/\/i.ytimg.com\/vi\/k0MI0dQMzg4\/hqdefault.jpg",
                "thumb_width": 480,
                "thumb_height": 360,
                "fallback": "YouTube Video: How To Be A Cyborg - EPIC HOW TO",
                "video_html": "<iframe width=\"400\" height=\"225\" src=\"https:\/\/www.youtube.com\/embed\/k0MI0dQMzg4?feature=oembed&autoplay=1&iv_load_policy=3\" frameborder=\"0\" allowfullscreen><\/iframe>",
                "video_html_width": 400,
                "video_html_height": 225,
                "from_url": "https:\/\/www.youtube.com\/watch?v=k0MI0dQMzg4",
                "id": 1
            }
        ],
        "ts": "1458377268.000009"
    },
    {
        "type": "message",
        "user": "U0D0R0D4P",
        "text": "\u0412 \u043f\u043e\u0441\u043b\u0435\u0434\u043d\u0435\u0435 \u0432\u0440\u0435\u043c\u044f \u043a\u0430\u0440\u0442\u0438\u043d\u044b \u0431\u0443\u0434\u0443\u0449\u0435\u0433\u043e \u043c\u0435\u043d\u044f \u0447\u0430\u0441\u0442\u0435\u043d\u044c\u043a\u043e \u043f\u0443\u0433\u0430\u044e\u0442. humans need not apply \u0432\u0438\u0434\u0435\u043e, \u0430 \u0442\u0435\u043f\u0435\u0440\u044c \u0435\u0449\u0435 \u0438 \u044d\u0442\u043e.",
        "ts": "1458381514.000011"
    }
]