[
    {
        "type": "message",
        "user": "U0F6P8JAG",
        "text": "<https:\/\/karabatov.s3.amazonaws.com\/Pictures\/friendfeed.com\/star-trek-humans.png>",
        "attachments": [
            {
                "fallback": "553x5363px image",
                "image_url": "https:\/\/karabatov.s3.amazonaws.com\/Pictures\/friendfeed.com\/star-trek-humans.png",
                "image_width": 553,
                "image_height": 5363,
                "image_bytes": 496536,
                "from_url": "https:\/\/karabatov.s3.amazonaws.com\/Pictures\/friendfeed.com\/star-trek-humans.png",
                "id": 1
            }
        ],
        "ts": "1476706087.001209",
        "reactions": [
            {
                "name": "laughing",
                "users": [
                    "U0L4B5338"
                ],
                "count": 1
            },
            {
                "name": "joy",
                "users": [
                    "U0G8DRB40"
                ],
                "count": 1
            }
        ]
    }
]