[
    {
        "type": "message",
        "user": "U0G8DRB40",
        "text": "\u0443 \u0420\u043e\u0437\u044b \u043a\u0430\u043a\u0438\u0435-\u0442\u043e \u0437\u0430\u043e\u0431\u043b\u0430\u0447\u043d\u044b\u0435 \u0441\u0442\u0430\u043d\u0434\u0430\u0440\u0442\u044b... \u0437\u0443\u0431 \u0434\u0430\u044e, \u0443 \u043d\u0435\u0451  \u043d\u0435\u0442 \u043c\u0443\u0436\u0438\u043a\u0430 :simple_smile:",
        "ts": "1459534743.000003"
    },
    {
        "type": "message",
        "user": "U0G8DRB40",
        "text": "\u0410\u0440\u043c\u0435\u0439\u0441\u043a\u0430\u044f \u044d\u043b\u043e\u043a\u0432\u0435\u043d\u0446\u0438\u044f. \u0411\u0443\u0434\u044c \u043c\u043d\u0435 \u0441\u0435\u0439\u0447\u0430\u0441 18, \u044f \u043c\u043e\u0436\u0435\u0442 \u0431\u044b \u0434\u0430\u0436\u0435 \u043f\u043e\u0448\u0435\u043b \u043d\u0430 \u0441\u0440\u043e\u0447\u043a\u0443... <https:\/\/www.youtube.com\/watch?v=7sbFAgd2PBE>",
        "attachments": [
            {
                "service_name": "YouTube",
                "service_url": "https:\/\/www.youtube.com\/",
                "title": "\u0421\u0430\u043c\u044b\u0439 \u043f\u043e\u043d\u044f\u0442\u043d\u044b\u0439 \u0438\u043d\u0441\u0442\u0440\u0443\u043a\u0442\u0430\u0436 \u043f\u043e \u0432\u043e\u0436\u0434\u0435\u043d\u0438\u044e \u0442\u0430\u043d\u043a\u0430 \u0432 \u0430\u0440\u043c\u0438\u0438",
                "title_link": "https:\/\/www.youtube.com\/watch?v=7sbFAgd2PBE",
                "author_name": "NashaRussiaOfficial",
                "author_link": "https:\/\/www.youtube.com\/user\/NashaRussiaOfficial",
                "thumb_url": "https:\/\/i.ytimg.com\/vi\/7sbFAgd2PBE\/hqdefault.jpg",
                "thumb_width": 480,
                "thumb_height": 360,
                "fallback": "YouTube Video: \u0421\u0430\u043c\u044b\u0439 \u043f\u043e\u043d\u044f\u0442\u043d\u044b\u0439 \u0438\u043d\u0441\u0442\u0440\u0443\u043a\u0442\u0430\u0436 \u043f\u043e \u0432\u043e\u0436\u0434\u0435\u043d\u0438\u044e \u0442\u0430\u043d\u043a\u0430 \u0432 \u0430\u0440\u043c\u0438\u0438",
                "video_html": "<iframe width=\"400\" height=\"300\" src=\"https:\/\/www.youtube.com\/embed\/7sbFAgd2PBE?feature=oembed&autoplay=1&iv_load_policy=3\" frameborder=\"0\" allowfullscreen><\/iframe>",
                "video_html_width": 400,
                "video_html_height": 300,
                "from_url": "https:\/\/www.youtube.com\/watch?v=7sbFAgd2PBE",
                "id": 1
            }
        ],
        "edited": {
            "user": "U0G8DRB40",
            "ts": "1459534861.000000"
        },
        "ts": "1459534803.000004"
    },
    {
        "type": "message",
        "user": "U0FGKCY31",
        "text": "\u0425\u0435\u0445. \u041d\u0443 \u0432\u0441\u0451 \u0442\u0430\u043c \u0441\u043b\u043e\u0436\u043d\u043e \u0432 \u044d\u0442\u043e\u043c homestuck \u0441\u043e \u0432\u0437\u0430\u0438\u043c\u043e\u043e\u0442\u043d\u043e\u0448\u0435\u043d\u0438\u044f\u043c\u0438. \u041c\u043e\u0433\u0443 \u043c\u0438\u043b\u043b\u0438\u0441\u043f\u043e\u0439\u043b\u0435\u0440 \u0441\u0434\u0435\u043b\u0430\u0442\u044c \u0434\u0430\u0431\u044b \u0442\u044b \u0441\u043c\u043e\u0433 \u0432\u0435\u0440\u0438\u0444\u0438\u0446\u0438\u0440\u043e\u0432\u0430\u0442\u044c \u0441\u0432\u043e\u0451 \u043f\u0440\u0435\u0434\u0441\u043a\u0430\u0437\u0430\u043d\u0438\u0435.",
        "ts": "1459575317.000002"
    }
]