[
    {
        "type": "message",
        "user": "U0D0R0D4P",
        "text": "<http:\/\/wildmorrealty.com\/wp-content\/uploads\/denied.jpg>",
        "attachments": [
            {
                "fallback": "369x298px image",
                "image_url": "http:\/\/wildmorrealty.com\/wp-content\/uploads\/denied.jpg",
                "image_width": 369,
                "image_height": 298,
                "image_bytes": 98262,
                "from_url": "http:\/\/wildmorrealty.com\/wp-content\/uploads\/denied.jpg",
                "id": 1
            }
        ],
        "ts": "1474138064.000059",
        "reactions": [
            {
                "name": "question",
                "users": [
                    "U0FD5HC1F"
                ],
                "count": 1
            }
        ]
    },
    {
        "type": "message",
        "user": "U0D0R0D4P",
        "text": ":slightly_smiling_face:",
        "ts": "1474138076.000061"
    }
]