[
    {
        "type": "message",
        "user": "U0G8DRB40",
        "text": "\u0430 \u0432\u043e\u0442 \u043a\u043e\u043c\u0443 \u043f\u0435\u0440\u0432\u043e\u0441\u043e\u0440\u0442\u043d\u044b\u0445 \u0434\u0443\u0445\u043e\u0432\u043d\u044b\u0445 \u0441\u043a\u0440\u0435\u043f \u0438 \u043f\u0430\u0442\u0440\u0438\u043e\u0442\u0438\u0437\u044c\u043c\u0443?  <https:\/\/www.youtube.com\/watch?v=bMfIcObO5rU>",
        "attachments": [
            {
                "service_name": "YouTube",
                "service_url": "https:\/\/www.youtube.com\/",
                "title": "\u0414\u0435\u0442\u0438 \u043f\u0440\u043e\u0442\u0438\u0432 \u0432\u043e\u043b\u0448\u0435\u0431\u043d\u0438\u043a\u043e\u0432",
                "title_link": "https:\/\/www.youtube.com\/watch?v=bMfIcObO5rU",
                "author_name": "\u0414\u0435\u0442\u0438 \u043f\u0440\u043e\u0442\u0438\u0432 \u0412\u043e\u043b\u0448\u0435\u0431\u043d\u0438\u043a\u043e\u0432",
                "author_link": "https:\/\/www.youtube.com\/channel\/UCw7CC0Ts_AGuRHtt8wHQE2w",
                "thumb_url": "https:\/\/i.ytimg.com\/vi\/bMfIcObO5rU\/hqdefault.jpg",
                "thumb_width": 480,
                "thumb_height": 360,
                "fallback": "YouTube Video: \u0414\u0435\u0442\u0438 \u043f\u0440\u043e\u0442\u0438\u0432 \u0432\u043e\u043b\u0448\u0435\u0431\u043d\u0438\u043a\u043e\u0432",
                "video_html": "<iframe width=\"400\" height=\"225\" src=\"https:\/\/www.youtube.com\/embed\/bMfIcObO5rU?feature=oembed&autoplay=1&iv_load_policy=3\" frameborder=\"0\" allowfullscreen><\/iframe>",
                "video_html_width": 400,
                "video_html_height": 225,
                "from_url": "https:\/\/www.youtube.com\/watch?v=bMfIcObO5rU",
                "id": 1
            }
        ],
        "ts": "1457213879.000002"
    },
    {
        "type": "message",
        "user": "U0FGKCY31",
        "text": ":\u043d\u0435\u0440\u0432\u043d\u044b\u0439 \u0441\u043c\u0435\u0445:",
        "ts": "1457248534.000002"
    },
    {
        "type": "message",
        "user": "U0FGKCY31",
        "text": "\u0410 \u0432 \u043a\u043e\u043c\u043c\u0435\u043d\u0442\u0430\u0440\u0438\u044f\u0445 \u0442\u0430\u043c, \u043a\u0441\u0442\u0430\u0442\u0438, \u043c\u043d\u043e\u0433\u043e \u0438\u043d\u0432\u0435\u0440\u0442\u0438\u0440\u043e\u0432\u0430\u043d\u043d\u043e\u0439 \u0433\u043b\u0443\u043f\u043e\u0441\u0442\u0438 \u043f\u043e\u043f\u0430\u0434\u0430\u0435\u0442\u0441\u044f...",
        "ts": "1457249035.000003"
    }
]