[
    {
        "type": "message",
        "user": "U0G8DRB40",
        "text": "\u0430 \u0447\u0442\u043e, \u044d\u0442\u043e \u0431\u044b\u043b\u0430 \u0446\u0438\u0442\u0430\u0442\u0430 \u0438\u0437 \u0447\u0435\u0433\u043e-\u0442\u043e \u043a\u0440\u0443\u043f\u043d\u043e\u0433\u043e?",
        "ts": "1459607246.000002"
    },
    {
        "type": "message",
        "user": "U0FGKCY31",
        "text": "<@U0G8DRB40>: \u0430\u0433\u0430",
        "ts": "1459610940.000003"
    },
    {
        "type": "message",
        "user": "U0FGKCY31",
        "text": "<http:\/\/www.mspaintadventures.ru\/>\n<http:\/\/www.mspaintadventures.com\/>",
        "ts": "1459610974.000004"
    },
    {
        "type": "message",
        "user": "U0G8DRB40",
        "text": "\u044f\u0441\u043d\u043e.",
        "ts": "1459611048.000005"
    },
    {
        "type": "message",
        "user": "U0H1U59BL",
        "text": "<https:\/\/www.youtube.com\/watch?v=FCjjVSmop5Q>",
        "attachments": [
            {
                "service_name": "YouTube",
                "service_url": "https:\/\/www.youtube.com\/",
                "title": "internet irl",
                "title_link": "https:\/\/www.youtube.com\/watch?v=FCjjVSmop5Q",
                "author_name": "chickenfingers991",
                "author_link": "https:\/\/www.youtube.com\/user\/chickenfingers991",
                "thumb_url": "https:\/\/i.ytimg.com\/vi\/FCjjVSmop5Q\/hqdefault.jpg",
                "thumb_width": 480,
                "thumb_height": 360,
                "fallback": "YouTube Video: internet irl",
                "video_html": "<iframe width=\"400\" height=\"225\" src=\"https:\/\/www.youtube.com\/embed\/FCjjVSmop5Q?feature=oembed&autoplay=1&iv_load_policy=3\" frameborder=\"0\" allowfullscreen><\/iframe>",
                "video_html_width": 400,
                "video_html_height": 225,
                "from_url": "https:\/\/www.youtube.com\/watch?v=FCjjVSmop5Q",
                "id": 1
            }
        ],
        "ts": "1459616933.000006"
    }
]