[
    {
        "type": "message",
        "user": "U0G8DRB40",
        "text": "\u0430\u043b\u044c\u0442\u0435\u0440\u043d\u0430\u0442\u0438\u0432\u043d\u0430\u044f \u043c\u0430\u0442\u0435\u043c\u0430\u0442\u0438\u043a\u0430  <https:\/\/www.youtube.com\/watch?v=1k8AxQ77cu8>",
        "attachments": [
            {
                "service_name": "YouTube",
                "service_url": "https:\/\/www.youtube.com\/",
                "title": "\u0410\u043d\u0435\u043a\u0434\u043e\u0442 \u043f\u0440\u043e \u0442\u0430\u043d\u043a",
                "title_link": "https:\/\/www.youtube.com\/watch?v=1k8AxQ77cu8",
                "author_name": "DIMON DIMON",
                "author_link": "https:\/\/www.youtube.com\/channel\/UCUvACtkGeAQ1skGSlV4Dv_w",
                "thumb_url": "https:\/\/i.ytimg.com\/vi\/1k8AxQ77cu8\/hqdefault.jpg",
                "thumb_width": 480,
                "thumb_height": 360,
                "fallback": "YouTube Video: \u0410\u043d\u0435\u043a\u0434\u043e\u0442 \u043f\u0440\u043e \u0442\u0430\u043d\u043a",
                "video_html": "<iframe width=\"400\" height=\"300\" src=\"https:\/\/www.youtube.com\/embed\/1k8AxQ77cu8?feature=oembed&autoplay=1&iv_load_policy=3\" frameborder=\"0\" allowfullscreen><\/iframe>",
                "video_html_width": 400,
                "video_html_height": 300,
                "from_url": "https:\/\/www.youtube.com\/watch?v=1k8AxQ77cu8",
                "id": 1
            }
        ],
        "ts": "1460297482.000002"
    }
]