[
    {
        "type": "message",
        "user": "U0FD5HC1F",
        "text": "\u042d\u0442\u043e \u0442\u043e\u0442 \u0441\u0430\u043c\u044b\u0439, \u043a\u043e\u0442\u043e\u0440\u044b\u0439 \u0434\u043e\u043a\u043b\u0430\u0434 \u043f\u0440\u043e \u044d\u043b\u044c\u0444\u043e\u0432 \u0447\u0438\u0442\u0430\u043b \u043d\u0430 LW?",
        "ts": "1473580335.000032"
    },
    {
        "type": "message",
        "user": "U0FD5HC1F",
        "text": "\u0432\u043e\u0437\u043c\u043e\u0436\u043d\u044b\u0435 \u0435\u0434\u0438\u043d\u043e\u043c\u044b\u0448\u043b\u0435\u043d\u043d\u0438\u043a\u0438:\n\n<http:\/\/alfirin.ru\/journal-17\/Civil01.html>\n<http:\/\/acantharia.livejournal.com\/905434.html>",
        "edited": {
            "user": "U0FD5HC1F",
            "ts": "1473581513.000000"
        },
        "ts": "1473581451.000033"
    }
]