[
    {
        "type": "message",
        "user": "U0FS0PUM8",
        "text": "<https:\/\/lesswrongru.slack.com\/archives\/order\/p1476529997000355>\n\u0430 \u0438\u043d\u0442\u0435\u0440\u0435\u0441 \u043a \u041c\u041c\u041c? \u0438\u043d\u0442\u0435\u0440\u0435\u0441\u044b \u043a \u043b\u0435\u0447\u0435\u043d\u0438\u044e \u0442\u0440\u0430\u0432\u0430\u043c\u0438?",
        "attachments": [
            {
                "from_url": "https:\/\/lesswrongru.slack.com\/archives\/order\/p1476529997000355",
                "fallback": "[October 15th, 2016 4:13 AM] berekuk: (\u0418\u043d\u0442\u0435\u0440\u0435\u0441 \u043a \u041d\u041b\u041f \u0441\u0430\u043c \u043f\u043e \u0441\u0435\u0431\u0435 \u044f\u0432\u043b\u044f\u0435\u0442\u0441\u044f \u0441\u043b\u0430\u0431\u044b\u043c \u0441\u0432\u0438\u0434\u0435\u0442\u0435\u043b\u044c\u0441\u0442\u0432\u043e\u043c \u043d\u0435\u0430\u0434\u0435\u043a\u0432\u0430\u0442\u043d\u043e\u0441\u0442\u0438 \u0447\u0435\u043b\u043e\u0432\u0435\u043a\u0430, \u043a\u0441\u0442\u0430\u0442\u0438. \u0427\u0438\u0441\u0442\u043e \u043f\u043e \u043e\u043f\u044b\u0442\u0443.)",
                "ts": "1476529997.000355",
                "author_subname": "berekuk",
                "channel_id": "C0G0Z4A9H",
                "channel_name": "order",
                "is_msg_unfurl": true,
                "text": "(\u0418\u043d\u0442\u0435\u0440\u0435\u0441 \u043a \u041d\u041b\u041f \u0441\u0430\u043c \u043f\u043e \u0441\u0435\u0431\u0435 \u044f\u0432\u043b\u044f\u0435\u0442\u0441\u044f \u0441\u043b\u0430\u0431\u044b\u043c \u0441\u0432\u0438\u0434\u0435\u0442\u0435\u043b\u044c\u0441\u0442\u0432\u043e\u043c \u043d\u0435\u0430\u0434\u0435\u043a\u0432\u0430\u0442\u043d\u043e\u0441\u0442\u0438 \u0447\u0435\u043b\u043e\u0432\u0435\u043a\u0430, \u043a\u0441\u0442\u0430\u0442\u0438. \u0427\u0438\u0441\u0442\u043e \u043f\u043e \u043e\u043f\u044b\u0442\u0443.)",
                "author_name": "Vyacheslav Matyukhin",
                "author_link": "https:\/\/lesswrongru.slack.com\/team\/berekuk",
                "author_icon": "https:\/\/secure.gravatar.com\/avatar\/c4b6aeeac2ce08e88cc81c7443a3ef55.jpg?s=48&d=https%3A%2F%2Fa.slack-edge.com%2F66f9%2Fimg%2Favatars%2Fava_0025-48.png",
                "mrkdwn_in": [
                    "text"
                ],
                "id": 1,
                "footer": "Posted in #order"
            }
        ],
        "ts": "1476530320.001189"
    },
    {
        "type": "message",
        "user": "U0F6P8JAG",
        "text": "<@U0FS0PUM8>: \u0433\u043e\u0440\u0430\u0437\u0434\u043e \u0431\u043e\u043b\u0435\u0435 \u0441\u0438\u043b\u044c\u043d\u044b\u0435 \u0441\u0432\u0438\u0434\u0435\u0442\u0435\u043b\u044c\u0441\u0442\u0432\u0430, \u0434\u0430.",
        "ts": "1476530383.001191"
    },
    {
        "type": "message",
        "user": "U1BJD7KSR",
        "text": "\u0418\u043d\u0442\u0435\u0440\u0435\u0441 \u043a \u041c\u041c\u041c, \u0447\u0442\u043e\u0431\u044b \u043b\u043e\u0445\u043e\u0432 \u0440\u0430\u0437\u0432\u043e\u0434\u0438\u0442\u044c \u043d\u0435 \u0441\u0447\u0438\u0442\u0430\u0435\u0442\u0441\u044f",
        "ts": "1476530547.001192"
    },
    {
        "type": "message",
        "user": "U0F6P8JAG",
        "text": "\u041f\u0440\u043e\u0431\u043b\u0435\u043c\u0430 \u0432 \u0442\u043e\u043c, \u0447\u0442\u043e \u041d\u041b\u041f - \u044d\u0442\u043e \u0441\u0431\u043e\u0440\u043d\u0430\u044f \u0441\u043e\u043b\u044f\u043d\u043a\u0430 \u0438\u0434\u0435\u0439 \u043e\u0447\u0435\u043d\u044c \u0440\u0430\u0437\u043d\u043e\u0433\u043e \u0443\u0440\u043e\u0432\u043d\u044f \u0434\u043e\u0441\u0442\u043e\u0432\u0435\u0440\u043d\u043e\u0441\u0442\u0438, \u0438 \u043c\u043d\u043e\u0433\u0438\u0435 \u0438\u0437 \u043d\u0438\u0445 \u0432\u043f\u043e\u043b\u043d\u0435 \u043f\u043e\u043b\u0435\u0437\u043d\u044b. \u0410 \u043d\u0435\u043a\u043e\u0442\u043e\u0440\u044b\u0435 - \u0447\u0443\u0448\u044c.",
        "ts": "1476530561.001193"
    },
    {
        "type": "message",
        "user": "U1BJD7KSR",
        "text": "\u0418 \u0442\u0440\u0430\u0432\u044b \u0442\u043e\u0436\u0435 \u0440\u0430\u0437\u043d\u044b\u0435 \u0431\u044b\u0432\u0430\u044e\u0442",
        "ts": "1476530563.001194",
        "reactions": [
            {
                "name": "trollface",
                "users": [
                    "U0FS0PUM8",
                    "U0GQ50ESU"
                ],
                "count": 2
            }
        ]
    },
    {
        "type": "message",
        "user": "U0F6P8JAG",
        "text": "<@U1BJD7KSR>: \u044d\u0442\u043e \u043a \u0447\u0435\u043c\u0443?",
        "ts": "1476530608.001195"
    },
    {
        "type": "message",
        "user": "U0F6P8JAG",
        "text": "\u0412 \u0441\u043c\u044b\u0441\u043b\u0435 \u044f \u043f\u0440\u0430\u0432\u0434\u0430 \u043d\u0435 \u043f\u043e\u043d\u044f\u043b, \u044d\u0442\u043e \u043f\u0440\u043e\u0442\u0438\u0432 \u041d\u041b\u041f \u0438\u043b\u0438 \u0432 \u0437\u0430\u0449\u0438\u0442\u0443 \u0442\u0440\u0430\u0432?",
        "edited": {
            "user": "U0F6P8JAG",
            "ts": "1476530638.000000"
        },
        "ts": "1476530632.001196"
    },
    {
        "type": "message",
        "user": "U1BJD7KSR",
        "text": "\u041d\u0438 \u0442\u043e, \u043d\u0438 \u0434\u0440\u0443\u0433\u043e\u0435",
        "ts": "1476530651.001198",
        "reactions": [
            {
                "name": "ok_hand",
                "users": [
                    "U0F6P8JAG"
                ],
                "count": 1
            }
        ]
    },
    {
        "user": "U0G0KMGKH",
        "text": "<@U0G0KMGKH|philipb> has joined the channel",
        "type": "message",
        "subtype": "channel_join",
        "ts": "1476535909.001199"
    },
    {
        "user": "U0G0KMGKH",
        "text": "<@U0G0KMGKH|philipb> has left the channel",
        "type": "message",
        "subtype": "channel_leave",
        "ts": "1476535917.001200"
    },
    {
        "type": "message",
        "user": "U0FD5HC1F",
        "text": "<https:\/\/www.facebook.com\/kat.bilbo\/posts\/1227826450591988?comment_id=1228640080510625&amp;comment_tracking=%7B%22tn%22%3A%22R%22%7D>\n&gt; \u0412\u044b \u0445\u043e\u0442\u044c \u0437\u043d\u0430\u0435\u0442\u0435 \u0447\u0442\u043e \"\u044d\u043b\u044c\u0444\" \u0432 \u041a\u0430\u0437\u0430\u043d\u0438 \u0441\u043b\u043e\u0432\u043e \u043e\u0441\u043a\u043e\u0440\u0431\u0438\u0442\u0435\u043b\u044c\u043d\u043e\u0435 \u0438 \u043d\u0435\u043f\u0440\u0438\u043b\u0438\u0447\u043d\u043e\u0435?\n<@U0HJ93C3B> \u0442\u0430\u043a \u043b\u0438 \u044d\u0442\u043e? :slightly_smiling_face:",
        "edited": {
            "user": "U0FD5HC1F",
            "ts": "1476547114.000000"
        },
        "ts": "1476547109.001201"
    },
    {
        "type": "message",
        "user": "U0HJ93C3B",
        "text": "<@U0FD5HC1F> \u043c\u043e\u0436\u0435\u0442, \u044d\u0442\u043e \u0447\u0442\u043e-\u0442\u043e \u0432\u043d\u0443\u0442\u0440\u0438\u0441\u0443\u0431\u043a\u0443\u043b\u044c\u0442\u0443\u0440\u043d\u043e\u0435. \u041c\u043d\u0435 \u043e\u0431 \u044d\u0442\u043e\u043c \u043d\u0438\u0447\u0435\u0433\u043e \u043d\u0435 \u0438\u0437\u0432\u0435\u0441\u0442\u043d\u043e.",
        "ts": "1476548467.001204"
    },
    {
        "type": "message",
        "user": "U0F6P8JAG",
        "text": "<https:\/\/www.math.brown.edu\/~res\/farm.pdf>\n\u041a\u0438\u0441\u043b\u043e\u0442\u0430.\n(via <https:\/\/www.facebook.com\/malcolmocean\/posts\/10157477167490156>)",
        "attachments": [
            {
                "title": "Malcolm Ocean - A child's book on infinity: Life on the... | Facebook",
                "title_link": "https:\/\/www.facebook.com\/malcolmocean\/posts\/10157477167490156",
                "text": "A child's book on infinity: Life on the Infinite Farm.Potentially a kid who dug this book would be able to solve mathematical puzzles that baffle many...",
                "fallback": "Malcolm Ocean - A child's book on infinity: Life on the... | Facebook",
                "from_url": "https:\/\/www.facebook.com\/malcolmocean\/posts\/10157477167490156",
                "service_icon": "https:\/\/static.xx.fbcdn.net\/rsrc.php\/yV\/r\/hzMapiNYYpW.ico",
                "service_name": "facebook.com",
                "id": 1
            }
        ],
        "ts": "1476553211.001205",
        "reactions": [
            {
                "name": "+1",
                "users": [
                    "U0G0KMGKH"
                ],
                "count": 1
            }
        ]
    },
    {
        "type": "message",
        "user": "U211W67K4",
        "text": "o_O",
        "ts": "1476568807.001207"
    }
]