[
    {
        "user": "U2T4MKT4K",
        "text": "<@U2T4MKT4K|bakuutin> has joined the channel",
        "type": "message",
        "subtype": "channel_join",
        "ts": "1477300709.001293"
    },
    {
        "type": "message",
        "user": "U0G00FWH2",
        "text": "<https:\/\/scontent-cdg2-1.xx.fbcdn.net\/v\/t1.0-9\/14441003_10101319438531404_5677446086649902166_n.jpg?oh=5fae01880a18f6593da235feb85d5d6f&amp;oe=58A9CA64>",
        "attachments": [
            {
                "fallback": "480x467px image",
                "image_url": "https:\/\/scontent-cdg2-1.xx.fbcdn.net\/v\/t1.0-9\/14441003_10101319438531404_5677446086649902166_n.jpg?oh=5fae01880a18f6593da235feb85d5d6f&oe=58A9CA64",
                "image_width": 480,
                "image_height": 467,
                "image_bytes": 24135,
                "from_url": "https:\/\/scontent-cdg2-1.xx.fbcdn.net\/v\/t1.0-9\/14441003_10101319438531404_5677446086649902166_n.jpg?oh=5fae01880a18f6593da235feb85d5d6f&oe=58A9CA64",
                "id": 1
            }
        ],
        "ts": "1477311687.001294"
    },
    {
        "type": "message",
        "user": "U0G00FWH2",
        "text": "\u043d\u0430\u0442\u043a\u043d\u0443\u043b\u0441\u044f \u043d\u0430 \u043a\u043b\u0435\u0432\u0443\u044e \u0444\u0435\u0439\u0441\u0431\u0443\u0447\u043d\u0443\u044e \u0433\u0440\u0443\u043f\u043f\u0443 \"Radical Rationalist Memes\u201d <https:\/\/www.facebook.com\/groups\/173525906362575\/>",
        "edited": {
            "user": "U0G00FWH2",
            "ts": "1477311721.000000"
        },
        "ts": "1477311708.001296"
    },
    {
        "type": "message",
        "user": "U0F6P8JAG",
        "text": "\u041e, \u044d\u0442\u043e \u0436\u0435 \u0441\u0438\u0431\u043b\u0438\u043d\u0433 Dank EA Memes.",
        "ts": "1477312698.001298"
    },
    {
        "type": "message",
        "user": "U0F6P8JAG",
        "text": "<https:\/\/www.facebook.com\/groups\/1479475219034058\/> - \u0434\u043b\u044f \u0442\u0435\u0445 \u043a\u0442\u043e \u043d\u0435 \u0432 \u043a\u0443\u0440\u0441\u0435.",
        "ts": "1477312715.001299"
    },
    {
        "type": "message",
        "user": "U0FD5HC1F",
        "text": "\u041c\u043d\u0435 \u0440\u0435\u043a\u043e\u043c\u0435\u043d\u0434\u0430\u0446\u0438\u0438 \u0444\u0435\u0439\u0441\u0431\u0443\u043a\u0430 \u0440\u0435\u0433\u0443\u043b\u044f\u0440\u043d\u043e \u0447\u0442\u043e-\u0442\u043e \u0442\u0430\u043a\u043e\u0435 \u0441\u043e\u0432\u0435\u0442\u0443\u044e\u0442.",
        "ts": "1477312754.001300"
    },
    {
        "type": "message",
        "user": "U0F6P8JAG",
        "text": "<@U0FD5HC1F>: \u0432 \u0441\u043c\u044b\u0441\u043b\u0435, \u0435\u0441\u0442\u044c \u0431\u043e\u043b\u044c\u0448\u0435?",
        "ts": "1477312831.001301"
    },
    {
        "type": "message",
        "user": "U0FD5HC1F",
        "text": "<https:\/\/www.facebook.com\/TrolleyProblemMemes\/> \u043d\u0430\u043f\u0440\u0438\u043c\u0435\u0440",
        "ts": "1477312871.001302"
    },
    {
        "type": "message",
        "user": "U0FD5HC1F",
        "text": "\u0418\u043b\u0438 \u0440\u0435\u0447\u044c \u043e \u043a\u0430\u043a\u043e\u043c-\u0442\u043e \u0431\u043e\u043b\u0435\u0435 \u043a\u043e\u043d\u043a\u0440\u0435\u0442\u043d\u043e\u043c \u043a\u0440\u0438\u0442\u0435\u0440\u0438\u0438?",
        "ts": "1477312884.001303"
    },
    {
        "user": "U0G0JFJTA",
        "text": "<@U0G0JFJTA|alaric> has joined the channel",
        "type": "message",
        "subtype": "channel_join",
        "ts": "1477313789.001304"
    },
    {
        "type": "message",
        "user": "U0G0JFJTA",
        "text": "\u0421\u043b\u0443\u0447\u0430\u0439\u043d\u043e \u043d\u0430\u0439\u0434\u0435\u043d\u043d\u043e\u0435 \u043d\u0430 \u043f\u0440\u043e\u0441\u0442\u043e\u0440\u0430\u0445 :slightly_smiling_face: <https:\/\/twitter.com\/seize_the_crown\/status\/789560114764185600>",
        "attachments": [
            {
                "fallback": "<https:\/\/twitter.com\/seize_the_crown|@seize_the_crown>: \u0445\u043e\u0447\u0443, \u0447\u0442\u043e\u0431\u044b \u044d\u043b\u0438\u0435\u0437\u0435\u0440 \u044e\u0434\u043a\u043e\u0432\u0441\u043a\u0438 \u0436\u0435\u043d\u0438\u043b\u0441\u044f \u043d\u0430 \u0430\u0441\u0435 \u043a\u0430\u0437\u0430\u043d\u0446\u0435\u0432\u043e\u0439 \u0438 \u043e\u043d\u0438 \u0440\u043e\u0434\u0438\u043b\u0438 \u0430\u043d\u0442\u0438\u0445\u0440\u0438\u0441\u0442\u0430! (\u0438\u0437\u0432\u0438\u043d\u0438\u0442\u0435)",
                "ts": 1477080775,
                "author_name": "nothing",
                "author_link": "https:\/\/twitter.com\/seize_the_crown\/status\/789560114764185600",
                "author_icon": "https:\/\/pbs.twimg.com\/profile_images\/741248268496162816\/D0fqa1Jc_normal.jpg",
                "author_subname": "@seize_the_crown",
                "text": "\u0445\u043e\u0447\u0443, \u0447\u0442\u043e\u0431\u044b \u044d\u043b\u0438\u0435\u0437\u0435\u0440 \u044e\u0434\u043a\u043e\u0432\u0441\u043a\u0438 \u0436\u0435\u043d\u0438\u043b\u0441\u044f \u043d\u0430 \u0430\u0441\u0435 \u043a\u0430\u0437\u0430\u043d\u0446\u0435\u0432\u043e\u0439 \u0438 \u043e\u043d\u0438 \u0440\u043e\u0434\u0438\u043b\u0438 \u0430\u043d\u0442\u0438\u0445\u0440\u0438\u0441\u0442\u0430! (\u0438\u0437\u0432\u0438\u043d\u0438\u0442\u0435)",
                "service_name": "twitter",
                "service_url": "https:\/\/twitter.com\/",
                "from_url": "https:\/\/twitter.com\/seize_the_crown\/status\/789560114764185600",
                "id": 1,
                "footer": "Twitter",
                "footer_icon": "https:\/\/a.slack-edge.com\/6e067\/img\/services\/twitter_pixel_snapped_32.png"
            }
        ],
        "ts": "1477313842.001305",
        "reactions": [
            {
                "name": "heart",
                "users": [
                    "U0G0F43UH"
                ],
                "count": 1
            },
            {
                "name": "yudkowsky",
                "users": [
                    "U0G0F43UH"
                ],
                "count": 1
            }
        ]
    },
    {
        "type": "message",
        "user": "U2T4MKT4K",
        "text": "\u0410\u0441\u044f \u0437\u0430\u043c\u0443\u0436\u0435\u043c \u0436\u0435",
        "ts": "1477314051.001307"
    },
    {
        "type": "message",
        "user": "U0G0JFJTA",
        "text": "\u042e\u0434\u043a\u043e\u0432\u0441\u043a\u0438\u0439 \u0442\u043e\u0436\u0435 \u0436\u0435\u043d\u0430\u0442.",
        "ts": "1477314064.001308"
    },
    {
        "type": "message",
        "user": "U0G0JFJTA",
        "text": "\u041d\u043e, \u043d\u0430\u0441\u043a\u043e\u043b\u044c\u043a\u043e \u044f \u0441\u043b\u044b\u0448\u0430\u043b, \u0438 \u0442\u0430\u043c, \u0438 \u0442\u0430\u043c - \u043e\u0442\u043a\u0440\u044b\u0442\u044b\u0435 \u043e\u0442\u043d\u043e\u0448\u0435\u043d\u0438\u044f :slightly_smiling_face:",
        "ts": "1477314089.001309"
    },
    {
        "type": "message",
        "user": "U0G00FWH2",
        "text": "\u044d\u0442\u043e, \u043a\u0441\u0442\u0430\u0442\u0438, \u043f\u0440\u0438\u0437\u043d\u0430\u043a \u0441\u0435\u043a\u0442\u044b :slightly_smiling_face: \u0433\u0434\u0435 \u0434\u043e\u043c\u0438\u043d\u0430\u043d\u0442\u043d\u044b\u0439 \u0430\u043b\u044c\u0444\u0430 \u0441\u0430\u043c\u0435\u0446 \u0438\u0441\u043f\u043e\u043b\u044c\u0437\u0443\u0435\u0442 \u0441\u0432\u043e\u0435 \u043f\u043e\u043b\u043e\u0436\u0435\u043d\u0438\u0435 \u0447\u0442\u043e\u0431\u044b \u043d\u0430\u0441\u043b\u0430\u0436\u0434\u0430\u0442\u044c\u0441\u044f \u043a\u043e\u043c\u043f\u0430\u043d\u0438\u0435\u0439 \u043c\u043d\u043e\u0436\u0435\u0441\u0442\u0432\u0430 \u044e\u043d\u044b\u0445 \u0434\u0435\u0432",
        "ts": "1477314312.001310"
    },
    {
        "type": "message",
        "user": "U0G00FWH2",
        "text": "\u0442\u0430\u043a \u0434\u0435\u043b\u0430\u044e\u0442 \u0441\u0430\u0435\u043d\u0442\u043e\u043b\u043e\u0433\u0438 \u0438 \u043f\u0440\u043e\u0447\u0438\u0435 \u043a\u0430\u0441\u0442\u0430\u043d\u0435\u0434\u044b.",
        "ts": "1477314349.001311"
    },
    {
        "type": "message",
        "user": "U2KS93BC2",
        "text": "\u0410\u0441\u044f \u0442\u0435\u0440\u043f\u0435\u0442\u044c \u043d\u0435 \u043c\u043e\u0436\u0435\u0442 \u042e\u0434\u043a\u043e\u0432\u0441\u043a\u043e\u0433\u043e \u0436\u0435",
        "ts": "1477314356.001312"
    },
    {
        "type": "message",
        "user": "U2KS93BC2",
        "text": "\u041e\u043d\u0430 \u0434\u0430\u0436\u0435 \u043e\u0442\u0434\u0435\u043b\u044c\u043d\u044b\u0439 \u043f\u043e\u0441\u0442 \u043d\u0430\u043f\u0438\u0441\u0430\u043b\u0430 \u043e \u0442\u043e\u043c \u043a\u0430\u043a \u0438\u043c\u0435\u043d\u043d\u043e \u043e\u043d \u0443\u0436\u0430\u0441\u043d\u043e \u043d\u0435\u043f\u0440\u0438\u0432\u043b\u0435\u043a\u0430\u0442\u0435\u043b\u0435\u043d",
        "ts": "1477314370.001313"
    },
    {
        "type": "message",
        "user": "U2KS93BC2",
        "text": "\u0422\u0430\u043a \u0447\u0442\u043e \u0432\u044b\u043d\u0443\u0436\u0434\u0430\u0442\u044c \u0435\u0435 \u043d\u0430 \u043d\u0435\u043c \u0436\u0435\u043d\u0438\u0442\u044c\u0441\u044f - \u044d\u0442\u043e \u043d\u0430\u0441\u0438\u043b\u0438\u0435, \u043d\u0438\u043d\u0430\u0434\u0430 \u0442\u0430\u043a",
        "ts": "1477314391.001314"
    },
    {
        "type": "message",
        "user": "U1BJD7KSR",
        "text": "\u041c\u043e\u0436\u043d\u043e \u0438 \u043d\u0435 \u0436\u0435\u043d\u0438\u0442\u044c\u0441\u044f",
        "ts": "1477314437.001315"
    },
    {
        "type": "message",
        "user": "U2KS93BC2",
        "text": "\u043d\u0443, \u0437\u0430\u043d\u0438\u043c\u0430\u0442\u044c\u0441\u044f \u0441\u0435\u043a\u0441\u043e\u043c \u0441 \u043d\u0435\u043f\u0440\u0438\u044f\u0442\u043d\u044b\u043c \u0447\u0435\u043b\u043e\u0432\u0435\u043a\u043e\u043c \u0442\u043e\u0436\u0435 \u043d\u0435 \u0430\u043b\u0435",
        "ts": "1477314630.001316"
    },
    {
        "type": "message",
        "user": "U0G00FWH2",
        "text": "<https:\/\/scontent-cdg2-1.xx.fbcdn.net\/v\/t1.0-0\/s480x480\/14517374_10101326215819664_8641486380056286422_n.jpg?oh=17080e471f70bbaa3b792b17e4279906&amp;oe=589D071F>",
        "attachments": [
            {
                "fallback": "480x246px image",
                "image_url": "https:\/\/scontent-cdg2-1.xx.fbcdn.net\/v\/t1.0-0\/s480x480\/14517374_10101326215819664_8641486380056286422_n.jpg?oh=17080e471f70bbaa3b792b17e4279906&oe=589D071F",
                "image_width": 480,
                "image_height": 246,
                "image_bytes": 16803,
                "from_url": "https:\/\/scontent-cdg2-1.xx.fbcdn.net\/v\/t1.0-0\/s480x480\/14517374_10101326215819664_8641486380056286422_n.jpg?oh=17080e471f70bbaa3b792b17e4279906&oe=589D071F",
                "id": 1
            }
        ],
        "ts": "1477314939.001317"
    },
    {
        "type": "message",
        "user": "U0FD5HC1F",
        "text": "\u0435\u0441\u043b\u0438 \u042e\u0434\u043a\u043e\u0432\u0441\u043a\u0438\u0439 \u0440\u043e\u0434\u0438\u0442 \u0430\u043d\u0442\u0438\u0445\u0440\u0438\u0441\u0442\u0430, \u0442\u043e \u0442\u043e\u0442 \u0431\u0443\u0434\u0435\u0442 \u0438\u043c\u0435\u0442\u044c, \u0445\u043c, \u043d\u0435\u0431\u0438\u043e\u043b\u043e\u0433\u0438\u0447\u0435\u0441\u043a\u0443\u044e \u043f\u0440\u0438\u0440\u043e\u0434\u0443",
        "ts": "1477314981.001319",
        "reactions": [
            {
                "name": "laughing",
                "users": [
                    "U0FGKCY31"
                ],
                "count": 1
            }
        ]
    },
    {
        "type": "message",
        "user": "U0G0JFJTA",
        "text": "\u0410 \u0434\u0435\u0439\u0441\u0442\u0432\u0438\u0442\u0435\u043b\u044c\u043d\u043e. \u041f\u043e\u0447\u0435\u043c\u0443 \u0438\u0441\u0445\u043e\u0434\u043d\u0443\u044e \u0444\u0440\u0430\u0437\u0443 \u0441\u043b\u0435\u0434\u0443\u0435\u0442 \u043f\u043e\u043d\u0438\u043c\u0430\u0442\u044c \u0431\u0443\u043a\u0432\u0430\u043b\u044c\u043d\u043e? :slightly_smiling_face:",
        "edited": {
            "user": "U0G0JFJTA",
            "ts": "1477315133.000000"
        },
        "ts": "1477315127.001320"
    },
    {
        "type": "message",
        "user": "U0FD5HC1F",
        "text": "\"\u0422\u044b \u0437\u0430\u043d\u0438\u043c\u0430\u043b\u0441\u044f \u0441 \u043d\u0438\u043c _\u043d\u0430\u0443\u043a\u043e\u0439_?\" (\u0441)",
        "ts": "1477315192.001322",
        "reactions": [
            {
                "name": "heavy_plus_sign",
                "users": [
                    "U2KS93BC2",
                    "U0G0F43UH"
                ],
                "count": 2
            }
        ]
    },
    {
        "type": "message",
        "user": "U0FGKCY31",
        "text": "\u042f \u0442\u0443\u0442 \u0441\u043a\u043e\u0440\u043e \u0438\u043a\u0430\u0442\u044c \u043d\u0430\u0447\u043d\u0443.",
        "ts": "1477315230.001323"
    },
    {
        "type": "message",
        "user": "U0F6P8JAG",
        "text": "\u041a\u0440\u0438\u0442\u0435\u0440\u0438\u0439 - \u0447\u0442\u043e \u0433\u0440\u0443\u043f\u043f\u0430 \u0431\u043b\u0438\u0437\u043a\u0430 \u043a \u044f\u0434\u0440\u0443 \u043b\u0432-\u043a\u043b\u0430\u0441\u0442\u0435\u0440\u0430 \u0440\u0430\u0446\u0438\u043e\u043d\u0430\u043b\u0438\u0441\u0442\u043e\u0432. \u0422\u0430\u043a \u0447\u0442\u043e trolley problems \u0432\u0441\u0451 \u0436\u0435 \u043d\u0435 \u0442\u043e.",
        "attachments": [
            {
                "fallback": "[October 24th, 2016 3:41 PM] quilfe: \u0418\u043b\u0438 \u0440\u0435\u0447\u044c \u043e \u043a\u0430\u043a\u043e\u043c-\u0442\u043e \u0431\u043e\u043b\u0435\u0435 \u043a\u043e\u043d\u043a\u0440\u0435\u0442\u043d\u043e\u043c \u043a\u0440\u0438\u0442\u0435\u0440\u0438\u0438?",
                "ts": "1477312884.001303",
                "author_subname": "quilfe",
                "channel_id": "C0GKHDHC3",
                "channel_name": "chaos",
                "is_msg_unfurl": true,
                "text": "\u0418\u043b\u0438 \u0440\u0435\u0447\u044c \u043e \u043a\u0430\u043a\u043e\u043c-\u0442\u043e \u0431\u043e\u043b\u0435\u0435 \u043a\u043e\u043d\u043a\u0440\u0435\u0442\u043d\u043e\u043c \u043a\u0440\u0438\u0442\u0435\u0440\u0438\u0438?",
                "author_name": "Quilfe Iula-Ostar",
                "author_link": "https:\/\/lesswrongru.slack.com\/team\/quilfe",
                "author_icon": "https:\/\/secure.gravatar.com\/avatar\/488fb0614d5b167060b91cd15f19bb3d.jpg?s=48&d=https%3A%2F%2Fa.slack-edge.com%2F66f9%2Fimg%2Favatars%2Fava_0018-48.png",
                "mrkdwn_in": [
                    "text"
                ],
                "color": "D0D0D0",
                "from_url": "https:\/\/lesswrongru.slack.com\/archives\/chaos\/p1477312884001303",
                "is_share": true,
                "footer": "Posted in #chaos"
            }
        ],
        "ts": "1477315446.001324"
    },
    {
        "type": "message",
        "user": "U0FGKCY31",
        "text": "\u041a\u0430\u043a \u043d\u0430\u0439\u0442\u0438 \u044d\u0442\u043e\u0442 \u043f\u043e\u0441\u0442?",
        "attachments": [
            {
                "fallback": "[October 24th, 2016 6:06 PM] greenochre: \u041e\u043d\u0430 \u0434\u0430\u0436\u0435 \u043e\u0442\u0434\u0435\u043b\u044c\u043d\u044b\u0439 \u043f\u043e\u0441\u0442 \u043d\u0430\u043f\u0438\u0441\u0430\u043b\u0430 \u043e \u0442\u043e\u043c \u043a\u0430\u043a \u0438\u043c\u0435\u043d\u043d\u043e \u043e\u043d \u0443\u0436\u0430\u0441\u043d\u043e \u043d\u0435\u043f\u0440\u0438\u0432\u043b\u0435\u043a\u0430\u0442\u0435\u043b\u0435\u043d",
                "ts": "1477314370.001313",
                "author_subname": "greenochre",
                "channel_id": "C0GKHDHC3",
                "channel_name": "chaos",
                "is_msg_unfurl": true,
                "text": "\u041e\u043d\u0430 \u0434\u0430\u0436\u0435 \u043e\u0442\u0434\u0435\u043b\u044c\u043d\u044b\u0439 \u043f\u043e\u0441\u0442 \u043d\u0430\u043f\u0438\u0441\u0430\u043b\u0430 \u043e \u0442\u043e\u043c \u043a\u0430\u043a \u0438\u043c\u0435\u043d\u043d\u043e \u043e\u043d \u0443\u0436\u0430\u0441\u043d\u043e \u043d\u0435\u043f\u0440\u0438\u0432\u043b\u0435\u043a\u0430\u0442\u0435\u043b\u0435\u043d",
                "author_name": "Daria Andrieieva",
                "author_link": "https:\/\/lesswrongru.slack.com\/team\/greenochre",
                "author_icon": "https:\/\/avatars.slack-edge.com\/2016-10-05\/87877098432_a5fb0d900b3cccc1b6a6_48.jpg",
                "mrkdwn_in": [
                    "text"
                ],
                "color": "D0D0D0",
                "from_url": "https:\/\/lesswrongru.slack.com\/archives\/chaos\/p1477314370001313",
                "is_share": true,
                "footer": "Posted in #chaos"
            }
        ],
        "ts": "1477315569.001325"
    },
    {
        "type": "message",
        "user": "U0G0JFJTA",
        "text": "<@U0FD5HC1F> \u041c\u043d\u0435 \u0441\u043a\u043e\u0440\u0435\u0435 \u0432\u0441\u043f\u043e\u043c\u043d\u0438\u043b\u0438\u0441\u044c \u043f\u043e\u0438\u0441\u043a\u0438 \u043c\u0435\u0442\u0430\u0444\u043e\u0440\u0438\u0447\u0435\u0441\u043a\u043e\u0433\u043e \u0441\u043c\u044b\u0441\u043b\u0430 \u0432\u043e \u0444\u0440\u0430\u0437\u0435 \"\u0414\u0440\u0430\u043a\u043e \u041c\u0430\u043b\u0444\u043e\u0439 \u0437\u0430\u043b\u0435\u0442\u0435\u043b \u043e\u0442 \u041c\u0430\u043b\u044c\u0447\u0438\u043a\u0430-\u041a\u043e\u0442\u043e\u0440\u044b\u0439-\u0412\u044b\u0436\u0438\u043b\" :slightly_smiling_face:",
        "ts": "1477315589.001326"
    },
    {
        "type": "message",
        "user": "U0FGKCY31",
        "text": "\u041a\u0441\u0442\u0430\u0442\u0438, \u0432 \u043f\u043e\u0441\u043b\u0435\u0434\u043d\u0435\u0439 \u0432\u0435\u0440\u0441\u0438\u0438 \u043f\u0435\u0440\u0435\u0432\u043e\u0434\u0430 \u0444\u0440\u0430\u0437\u0430 \u0432\u0441\u0451 \u0435\u0449\u0451 \u0442\u0430?",
        "ts": "1477315779.001327"
    },
    {
        "type": "message",
        "user": "U0FD5HC1F",
        "text": "<@U0F6P8JAG> \u0430, <https:\/\/www.facebook.com\/groups\/1479475219034058\/> \u0437\u0430\u043a\u0440\u044b\u0442\u0430, \u043d\u0435 \u0432\u0438\u0434\u043d\u0430 \u0435\u0435 \u0431\u043b\u0438\u0437\u043e\u0441\u0442\u044c. \u0421\u0430\u043c \u043f\u043e \u0441\u0435\u0431\u0435 \u042d\u0410 \u0440\u0430\u0437\u0432\u0435 \u0441\u0438\u043b\u044c\u043d\u043e \u0431\u043b\u0438\u0437\u043e\u043a \u043a \u044f\u0434\u0440\u0443 \u043b\u0432-\u043a\u043b\u0430\u0441\u0442\u0435\u0440\u0430 \u0440\u0430\u0446\u0438\u043e\u043d\u0430\u043b\u0438\u0441\u0442\u043e\u0432?",
        "ts": "1477315780.001328"
    },
    {
        "type": "message",
        "user": "U0F6P8JAG",
        "text": "<@U0FD5HC1F>: \u0434\u0430, \u043e\u0447\u0435\u043d\u044c \u0431\u043b\u0438\u0437\u043e\u043a.",
        "ts": "1477315805.001329"
    },
    {
        "type": "message",
        "user": "U0G0JFJTA",
        "text": "<@U0FGKCY31> \u0414\u0430, \u0438\u0431\u043e \u0432\u0441\u0451 \u0440\u0430\u0432\u043d\u043e \u043d\u0435\u043f\u043e\u043d\u044f\u0442\u043d\u043e, \u043d\u0430 \u0447\u0442\u043e \u0435\u0451 \u043c\u0435\u043d\u044f\u0442\u044c.",
        "ts": "1477315815.001330"
    },
    {
        "type": "message",
        "user": "U0FGKCY31",
        "text": "\"\u0414\u0440\u0430\u043a\u043e \u041c\u0430\u043b\u0444\u043e\u0439 \u0432 \u043f\u043e\u043b\u043e\u0436\u0435\u043d\u0438\u0438 \u0438\u0437-\u0437\u0430 \u041c\u0430\u043b\u044c\u0447\u0438\u043a\u0430-\u041a\u043e\u0442\u043e\u0440\u044b\u0439-\u0412\u044b\u0436\u0438\u043b.\"\n\u041a\u0430\u043a \u0432\u0430\u0440\u0438\u0430\u043d\u0442.(\u0437\u043d\u0430\u044e \u043d\u0435\u0434\u043e\u0441\u0442\u0430\u0442\u043a\u0438 \u0435\u0441\u0442\u044c \u0438 \u0437\u0434\u0435\u0441\u044c)",
        "ts": "1477315947.001331"
    },
    {
        "type": "message",
        "user": "U2KS93BC2",
        "text": "<@U0FGKCY31> \u041e\u0442\u043a\u0440\u044b\u0442\u044c \u0424\u0411 \u0410\u0441\u0438 \u0438 \u043f\u0440\u043e\u043b\u0438\u0441\u0442\u0430\u0442\u044c, \u043a\u0430\u043a \u044f \u0441\u0434\u0435\u043b\u0430\u043b\u0430 \u0442\u043e\u043b\u044c\u043a\u043e \u0447\u0442\u043e - \u043a\u0441\u0442\u0430\u0442\u0438, \u044f \u0437\u0430\u043f\u043e\u043c\u043d\u0438\u043b\u0430 \u043f\u043e\u0441\u0442 \u043d\u0435\u043f\u0440\u0430\u0432\u0438\u043b\u044c\u043d\u043e, \u0410\u0441\u044f \u0442\u0430\u043c \u043d\u0435 \u043f\u0438\u0441\u0430\u043b\u0430, \u0447\u0442\u043e \u043e\u043d \u0435\u0439 \u0433\u043b\u0443\u0431\u043e\u043a\u043e \u043d\u0435\u043f\u0440\u0438\u044f\u0442\u0435\u043d, \u043f\u0440\u043e\u0441\u0442\u043e \u043f\u0438\u0441\u0430\u043b\u0430, \u0447\u0442\u043e \u0434\u043e\u0431\u0430\u0432\u0438\u043b\u0430 \u0435\u0433\u043e \u0440\u0430\u0434\u0438 \u043a\u0443\u043b\u044c\u0442\u043e\u0432\u043e\u0441\u0442\u0438 \u0432 \u0441\u0440\u0435\u0434\u0435 \u0434\u0440\u0443\u0437\u0435\u0439 \u0438 \u0448\u0443\u0442\u0438\u043b\u0430 \u043d\u0430 \u0441\u0447\u0435\u0442 \u0442\u043e\u0433\u043e, \u0447\u0430\u0441\u0442\u043e \u043b\u0438 \u043e\u043d \u043c\u043e\u0435\u0442\u0441\u044f <https:\/\/www.facebook.com\/asya.kazantseva\/posts\/940642562724916> (\u0432 \u043a\u043e\u043c\u043c\u0435\u043d\u0442\u0430\u0445)",
        "attachments": [
            {
                "title": "Asya Kazantseva - \u0418\u043d\u0442\u0435\u0440\u0435\u0441\u043d\u043e \u0431\u044b\u043b\u043e \u0431\u044b, \u043a\u043e\u043d\u0435\u0447\u043d\u043e, \u043d\u0430\u043f\u0438\u0441\u0430\u0442\u044c... | Facebook",
                "title_link": "https:\/\/www.facebook.com\/asya.kazantseva\/posts\/940642562724916",
                "text": "\u0418\u043d\u0442\u0435\u0440\u0435\u0441\u043d\u043e \u0431\u044b\u043b\u043e \u0431\u044b, \u043a\u043e\u043d\u0435\u0447\u043d\u043e, \u043d\u0430\u043f\u0438\u0441\u0430\u0442\u044c \u043a\u043d\u0438\u0433\u0443 \u043f\u0440\u043e \u0434\u0435\u0432\u0443\u0448\u043a\u0443, \u043a\u043e\u0442\u043e\u0440\u0430\u044f \u043f\u0443\u0442\u0435\u0448\u0435\u0441\u0442\u0432\u0443\u0435\u0442 \u043f\u043e \u043c\u0438\u0440\u0443 \u0438 \u0441\u0442\u0430\u0440\u0430\u0435\u0442\u0441\u044f \u0441\u043a\u043b\u0435\u0438\u0442\u044c \u0432\u0441\u0435\u0445 \u0434\u043e\u0441\u0442\u0430\u0442\u043e\u0447\u043d\u043e \u0441\u0438\u043c\u043f\u0430\u0442\u0438\u0447\u043d\u044b\u0445 \u043a\u0443\u043b\u044c\u0442\u0443\u0440\u043d\u043e \u0437\u043d\u0430\u0447\u0438\u043c\u044b\u0445...",
                "fallback": "Asya Kazantseva - \u0418\u043d\u0442\u0435\u0440\u0435\u0441\u043d\u043e \u0431\u044b\u043b\u043e \u0431\u044b, \u043a\u043e\u043d\u0435\u0447\u043d\u043e, \u043d\u0430\u043f\u0438\u0441\u0430\u0442\u044c... | Facebook",
                "from_url": "https:\/\/www.facebook.com\/asya.kazantseva\/posts\/940642562724916",
                "service_icon": "https:\/\/static.xx.fbcdn.net\/rsrc.php\/yV\/r\/hzMapiNYYpW.ico",
                "service_name": "facebook.com",
                "id": 1
            }
        ],
        "edited": {
            "user": "U2KS93BC2",
            "ts": "1477316084.000000"
        },
        "ts": "1477316074.001332"
    },
    {
        "type": "message",
        "user": "U0FGKCY31",
        "text": "\u041d\u0443 \u044f \u0431\u044b \u043d\u0435 \u043d\u0430\u0448\u0451\u043b \u044d\u0442\u043e\u0442 \u043f\u043e\u0441\u0442 \u043f\u043e \u0435\u0433\u043e \u0438\u0437\u043d\u0430\u0447\u0430\u043b\u044c\u043d\u043e\u043c\u0443 \u043e\u043f\u0438\u0441\u0430\u043d\u044e \u00af\\_(\u30c4)_\/\u00af",
        "ts": "1477316190.001335"
    },
    {
        "type": "message",
        "user": "U2KS93BC2",
        "text": "\u043b\u0430\u0434\u043d\u043e, \u043b\u0430\u0434\u043d\u043e)) \u043c\u043d\u0435 \u043d\u0435 \u0441\u043b\u043e\u0436\u043d\u043e \u0431\u044b\u043b\u043e \u043d\u0430\u0439\u0442\u0438, \u0438 \u044f \u0441\u043e\u0433\u043b\u0430\u0441\u043d\u0430, \u0447\u0442\u043e \u0434\u0430\u0436\u0435 \u043f\u043e \u0442\u043e\u0447\u043d\u043e\u043c\u0443 \u043e\u043f\u0438\u0441\u0430\u043d\u0438\u044e \u0431\u044b\u0441\u0442\u0440\u0435\u0435 \u043d\u0430\u0439\u0434\u0435\u0442 \u0442\u043e\u0442, \u043a\u0442\u043e \u044d\u0442\u043e\u0442 \u043f\u043e\u0441\u0442 \u0443\u0436\u0435 \u0447\u0438\u0442\u0430\u043b. \u041f\u0440\u043e\u0441\u0442\u043e, \u043d\u0443, \u044f \u0432 \u0442\u0430\u043a\u0438\u0445 \u0441\u043b\u0443\u0447\u0430\u044f\u0445 \u0433\u043e\u0432\u043e\u0440\u044e \u201c\u043c\u043e\u0436\u0435\u0448\u044c \u043f\u043e\u043a\u0430\u0437\u0430\u0442\u044c \u0441\u0441\u044b\u043b\u043a\u0443?\u201d, \u0430 \u043d\u0435 \u201c\u043a\u0430\u043a \u0435\u0433\u043e \u043d\u0430\u0439\u0442\u0438?\u201d :slightly_smiling_face:",
        "ts": "1477316326.001336"
    },
    {
        "type": "message",
        "user": "U0F6P8JAG",
        "text": "<@U2KS93BC2>: \u0432\u0441\u0451 \u0436\u0435 \u043d\u0435 \u0410\u0441\u044f \u0448\u0443\u0442\u0438\u043b\u0430, \u0430 \u0413\u0430\u0432\u0440\u0438\u043b\u043e\u0432. \u0413\u0430\u0432\u0440\u0438\u043b\u043e\u0432 \u0432\u043e\u043e\u0431\u0449\u0435 \u043d\u0435\u0434\u043e\u043b\u044e\u0431\u043b\u0438\u0432\u0430\u0435\u0442 \u041b\u0412, \u043d\u0430\u0441\u043a\u043e\u043b\u044c\u043a\u043e \u044f \u0437\u043d\u0430\u044e.",
        "ts": "1477316701.001337"
    },
    {
        "type": "message",
        "user": "U2KS93BC2",
        "text": "<@U0F6P8JAG> \u041d\u0435 \u0437\u043d\u0430\u044e, \u043a\u0442\u043e \u044d\u0442\u043e) \u041c\u043d\u0435 \u0438\u0437 \u0410\u0441\u0438\u043d\u043e\u0433\u043e \u043e\u0442\u0432\u0435\u0442\u0430 \u043f\u043e\u043a\u0430\u0437\u0430\u043b\u043e\u0441\u044c, \u0447\u0442\u043e \u043e\u043d\u0430 \u0441\u043e\u0433\u043b\u0430\u0441\u043d\u0430, \u0447\u0442\u043e \u042e\u0434\u043a\u043e\u0432\u0441\u043a\u0438\u0439 \u043d\u0435\u043e\u0447\u0438\u043d\u044c, \u043d\u043e \u044f \u0441\u043e\u0433\u043b\u0430\u0441\u043d\u0430, \u0447\u0442\u043e \u044d\u0442\u043e \u0434\u043e\u0434\u0443\u043c\u044b\u0432\u0430\u043d\u0438\u0435",
        "ts": "1477317157.001338"
    },
    {
        "type": "message",
        "user": "U2KS93BC2",
        "text": "\u0432\u0438\u0434\u0438\u043c\u043e \u043c\u043d\u0435 \u043f\u0440\u043e\u0441\u0442\u043e \u043e\u0431\u0438\u0434\u043d\u043e \u0437\u0430 \u042e\u0434\u043a\u043e\u0432\u0441\u043a\u043e\u0433\u043e, \u043c\u043d\u0435 \u043a\u0430\u0436\u0435\u0442\u0441\u044f, \u043e\u043d \u0432\u0435\u0441\u044c\u043c\u0430 \u043a\u0440\u0430\u0441\u0438\u0432\u044b\u0439 \u0447\u0443\u0432\u0430\u043a (\u0438 \u0443\u043c\u043d\u044b\u0439)",
        "ts": "1477317187.001339"
    },
    {
        "type": "message",
        "user": "U0F6P8JAG",
        "text": "\u041c\u043d\u0435 \u0441\u043a\u043e\u0440\u0435\u0435 \u043a\u0430\u0436\u0435\u0442\u0441\u044f, \u0447\u0442\u043e \u0410\u0441\u044f \u043a\u0430\u043a \u0440\u0430\u0437 \u0437\u0430\u0449\u0438\u0449\u0430\u043b\u0430.",
        "ts": "1477317377.001340"
    },
    {
        "type": "message",
        "user": "U0FD5HC1F",
        "text": "&gt; <@U0FD5HC1F> \u041c\u043d\u0435 \u0441\u043a\u043e\u0440\u0435\u0435 \u0432\u0441\u043f\u043e\u043c\u043d\u0438\u043b\u0438\u0441\u044c \u043f\u043e\u0438\u0441\u043a\u0438 \u043c\u0435\u0442\u0430\u0444\u043e\u0440\u0438\u0447\u0435\u0441\u043a\u043e\u0433\u043e \u0441\u043c\u044b\u0441\u043b\u0430 \u0432\u043e \u0444\u0440\u0430\u0437\u0435 \"\u0414\u0440\u0430\u043a\u043e \u041c\u0430\u043b\u0444\u043e\u0439 \u0437\u0430\u043b\u0435\u0442\u0435\u043b \u043e\u0442 \u041c\u0430\u043b\u044c\u0447\u0438\u043a\u0430-\u041a\u043e\u0442\u043e\u0440\u044b\u0439-\u0412\u044b\u0436\u0438\u043b\" :slightly_smiling_face:\n\u041a\u0441\u0442\u0430\u0442\u0438, \u0430 \u042e\u0434\u043a\u043e\u0432\u0441\u043a\u0438\u0439 \u0433\u043e\u0432\u043e\u0440\u0438\u043b \u0433\u0434\u0435-\u043d\u0438\u0431\u0443\u0434\u044c, \u041b\u0443\u043d\u0430 \u041b\u0430\u0432\u0433\u0443\u0434 \u0432 \u0435\u0433\u043e \u043c\u0438\u0440\u0435 \u0434\u0435\u0439\u0441\u0442\u0432\u0438\u0442\u0435\u043b\u044c\u043d\u043e \u043f\u0440\u043e\u0440\u043e\u043a \u0438\u043b\u0438 \u0442\u0438\u043f\u0430 \u0442\u043e\u0433\u043e? \u0418\u043b\u0438 \u0436\u0435 \u044d\u0442\u043e \u043f\u0440\u043e\u0441\u0442\u043e (\u0441 \u0442\u043e\u0447\u043a\u0438 \u0437\u0440\u0435\u043d\u0438\u044f \u0440\u0435\u0430\u043b\u0438\u0439 \u043c\u0438\u0440\u0430) \u0441\u043e\u0432\u043f\u0430\u0434\u0435\u043d\u0438\u044f, \u0442\u0430\u043a\u0438\u0435 \u0436\u0435, \u043a\u0430\u043a \u0434\u0440\u0443\u0433\u0438\u0435 \u043d\u0430\u043c\u0435\u043a\u0438 \u0438\u0437 \u043f\u0435\u0440\u0432\u044b\u0445 \u0433\u043b\u0430\u0432 \u0432\u0440\u043e\u0434\u0435 \u043c\u043e\u043d\u0441\u0442\u0440\u0430, \u043e\u0442\u0440\u044b\u0432\u0430\u044e\u0449\u0435\u0433\u043e \u043d\u043e\u0433\u0438?",
        "ts": "1477317400.001341"
    },
    {
        "type": "message",
        "user": "U0G0JFJTA",
        "text": "<@U0FD5HC1F> \u042f \u043d\u0435 \u0432\u0438\u0434\u0435\u043b, \u0447\u0442\u043e\u0431\u044b \u043e\u043d \u0442\u0430\u043a\u043e\u0435 \u0433\u043e\u0432\u043e\u0440\u0438\u043b. \u0412 \"\u0421\u0443\u043c\u0430\u0441\u0448\u0435\u0434\u0448\u0435\u043c \u0441\u043b\u044d\u0448\u0435\u0440\u043d\u043e\u043c \u044d\u043f\u0438\u043b\u043e\u0433\u0435\" \u043e\u0431\u044b\u0433\u0440\u044b\u0432\u0430\u043b\u0430\u0441\u044c \u0438\u0434\u0435\u044f \"\u041b\u0443\u043d\u0430 - \u043f\u0440\u043e\u0440\u043e\u043a\", \u043d\u043e \u044d\u0442\u043e \u0432\u0441\u0451-\u0442\u0430\u043a\u0438 \u0444\u0430\u043d\u0444\u0438\u043a :slightly_smiling_face:",
        "ts": "1477317593.001342"
    },
    {
        "type": "message",
        "user": "U0FD5HC1F",
        "text": "&gt; \u041f\u042c\u042f\u041d\u042b\u0419 \u041f\u0420\u041e\u0420\u041e\u041a \u0414\u0415\u041b\u0418\u0422\u0421\u042f \u0421\u0415\u041a\u0420\u0415\u0422\u0410\u041c\u0418:\n&gt; \u0422\u0401\u041c\u041d\u042b\u0419 \u041b\u041e\u0420\u0414 \u0412\u041e\u0417\u0412\u0420\u0410\u0429\u0410\u0415\u0422\u0421\u042f\n\u041a\u0442\u043e \u044d\u0442\u043e\u0442 \u043f\u0440\u043e\u0440\u043e\u043a?",
        "ts": "1477317927.001343"
    },
    {
        "type": "message",
        "user": "U0FD5HC1F",
        "text": "\u0423\u0436 \u043d\u0435 \u041b\u0443\u043d\u0443 \u043d\u0430\u043f\u043e\u0438\u043b\u0438, \u043d\u0430\u0432\u0435\u0440\u043d\u043e\u0435 :slightly_smiling_face:",
        "edited": {
            "user": "U0FD5HC1F",
            "ts": "1477317964.000000"
        },
        "ts": "1477317937.001344"
    },
    {
        "type": "message",
        "user": "U0G0JFJTA",
        "text": "\u041f\u0440\u043e\u0441\u0442\u043e \u043a\u0442\u043e-\u0442\u043e \u0430\u0431\u0441\u0442\u0440\u0430\u043a\u0442\u043d\u044b\u0439, \u043a\u0430\u043a \u044f \u043f\u043e\u043d\u0438\u043c\u0430\u044e.",
        "ts": "1477318359.001346"
    },
    {
        "type": "message",
        "user": "U2T4MKT4K",
        "text": "\u0427\u0442\u043e\u0431\u044b \u043d\u0430\u043f\u0438\u0441\u0430\u0442\u044c \u0432 \u0433\u0430\u0437\u0435\u0442\u0435 \"\u041f\u042c\u042f\u041d\u042b\u0419 \u041f\u0420\u041e\u0420\u041e\u041a \u0414\u0415\u041b\u0418\u0422\u0421\u042f \u0421\u0415\u041a\u0420\u0415\u0422\u0410\u041c\u0418\" \u043d\u0435 \u043e\u0431\u044f\u0437\u0430\u0442\u0435\u043b\u044c\u043d\u043e \u0432\u043e\u043e\u0431\u0449\u0435 \u0438\u043c\u0435\u0442\u044c \u0445\u043e\u0442\u044c \u043a\u0430\u043a\u043e\u0433\u043e-\u0442\u043e \u043f\u0440\u043e\u0440\u043e\u043a\u0430 :face_with_rolling_eyes:",
        "ts": "1477319328.001347"
    },
    {
        "type": "message",
        "user": "U10S2FP1U",
        "text": "\u0422\u0440\u0435\u043b\u043e\u043d\u0438?",
        "ts": "1477328198.001348"
    },
    {
        "type": "message",
        "user": "U0G0MCG3A",
        "text": "<http:\/\/ic.pics.livejournal.com\/lubimets_bogov\/24260639\/1533096\/1533096_original.png>",
        "attachments": [
            {
                "fallback": "539x393px image",
                "image_url": "http:\/\/ic.pics.livejournal.com\/lubimets_bogov\/24260639\/1533096\/1533096_original.png",
                "image_width": 539,
                "image_height": 393,
                "image_bytes": 193835,
                "from_url": "http:\/\/ic.pics.livejournal.com\/lubimets_bogov\/24260639\/1533096\/1533096_original.png",
                "id": 1
            }
        ],
        "ts": "1477374729.001349",
        "reactions": [
            {
                "name": "slightly_smiling_face",
                "users": [
                    "U0FGKCY31",
                    "U0G0JFJTA"
                ],
                "count": 2
            },
            {
                "name": "trollface",
                "users": [
                    "U2MKPHGDS"
                ],
                "count": 1
            }
        ]
    },
    {
        "type": "message",
        "user": "U0D0R0D4P",
        "text": "\u042f \u043f\u0440\u043e\u0447\u0435\u043b, \u0437\u0430\u043a\u0440\u044b\u043b, \u0438 \u0442\u043e\u043b\u044c\u043a\u043e \u0447\u0435\u0440\u0435\u0437 \u043f\u0430\u0440\u0443 \u0441\u0435\u043a\u0443\u043d\u0434 \u0434\u043e \u043c\u0435\u043d\u044f \u0434\u043e\u0448\u043b\u043e :laughing:",
        "edited": {
            "user": "U0D0R0D4P",
            "ts": "1477376401.000000"
        },
        "ts": "1477376389.001351"
    }
]