[
    {
        "type": "message",
        "user": "U0D0R0D4P",
        "text": "<http:\/\/9gag.com\/gag\/a4YYKmm?ref=fsidebar> \u042f \u0431\u044b \u0445\u043e\u0442\u0435\u043b \u0438\u043c\u0435\u0442\u044c \u043f\u0435\u043d\u0438\u0441, \u043f\u0440\u0438 \u0443\u0441\u043b\u043e\u0432\u0438\u0438, \u0447\u0442\u043e \u043c\u043e\u0433 \u0431\u044b \u0438\u043c \u043f\u043e\u043b\u044c\u0437\u043e\u0432\u0430\u0442\u044c\u0441\u044f \u043f\u043e \u043d\u0430\u0437\u043d\u0430\u0447\u0435\u043d\u0438\u044e.",
        "attachments": [
            {
                "service_name": "9GAG",
                "title": "21 \u201cHarry Potter\u201d Quotes Which Are Way More Hilarious By Replacing \u201cWand\u201d With \u201cPenis\u201d",
                "title_link": "http:\/\/9gag.com\/gag\/a4YYKmm?ref=fsidebar",
                "text": "Click to see the pic and write a comment...",
                "fallback": "9GAG: 21 \u201cHarry Potter\u201d Quotes Which Are Way More Hilarious By Replacing \u201cWand\u201d With \u201cPenis\u201d",
                "thumb_url": "http:\/\/images-cdn.9gag.com\/images\/thumbnail-facebook\/23003056_1451984937.8247_3YHEQY_n.jpg",
                "from_url": "http:\/\/9gag.com\/gag\/a4YYKmm?ref=fsidebar",
                "thumb_width": 600,
                "thumb_height": 360,
                "id": 1
            }
        ],
        "ts": "1453837088.000026"
    }
]