[
    {
        "type": "message",
        "user": "U1BJD7KSR",
        "text": "<http:\/\/9gag.com\/gag\/amzD34v>",
        "attachments": [
            {
                "service_name": "9GAG",
                "title": "Would you kill 164 people to save 70'000? Show was called \"Terror - Ihr Urteil\"",
                "title_link": "http:\/\/9gag.com\/gag\/amzD34v",
                "text": "Click to see the pic and write a comment...",
                "fallback": "9GAG: Would you kill 164 people to save 70'000? Show was called \"Terror - Ihr Urteil\"",
                "thumb_url": "http:\/\/images-cdn.9gag.com\/photo\/amzD34v_700b.jpg",
                "from_url": "http:\/\/9gag.com\/gag\/amzD34v",
                "thumb_width": 700,
                "thumb_height": 2801,
                "service_icon": "http:\/\/assets-9gag-fun.9cache.com\/s\/fab0aa49\/03d1bdacfad4bfccf94d7c8e43b776653036933f\/static\/dist\/core\/img\/favicon_v2.png",
                "id": 1
            }
        ],
        "ts": "1476826307.001211"
    },
    {
        "type": "message",
        "user": "U0D0R0D4P",
        "text": "<@U0CTGJMR9> :trollface:",
        "ts": "1476834668.001213"
    },
    {
        "type": "message",
        "user": "U0CTGJMR9",
        "text": "\u0410 \u043f\u0440\u0438\u0447\u0451\u043c \u0442\u0443\u0442 \u044f? \u0423 \u043d\u0435\u0433\u043e \u0432\u0440\u043e\u0434\u0435 \u0442\u0430\u043c \u0436\u0435\u043d\u044b-\u0434\u0435\u0442\u0435\u0439 \u043d\u0430 \u0441\u0430\u043c\u043e\u043b\u0451\u0442\u0435 \u043d\u0435 \u043b\u0435\u0442\u0435\u043b\u043e",
        "ts": "1476834889.001214"
    },
    {
        "type": "message",
        "user": "U0CTGJMR9",
        "text": "\u0412\u0441\u0451 \u043f\u0440\u0430\u0432\u0438\u043b\u044c\u043d\u043e \u0441\u0434\u0435\u043b\u0430\u043b \u0432 \u043e\u0431\u0449\u0435\u043c-\u0442\u043e",
        "ts": "1476834901.001215"
    },
    {
        "type": "message",
        "user": "U0D0R0D4P",
        "text": ":neutral_face:",
        "ts": "1476835196.001216"
    },
    {
        "type": "message",
        "user": "U0CTGJMR9",
        "text": "\u041d\u0443 \u0432 \u0441\u043c\u044b\u0441\u043b\u0435 \u044f \u0443\u043c\u0435\u044e \u0432 \u043a\u043e\u043d\u0441\u0435\u043a\u0432\u0435\u043d\u0446\u0438\u0430\u043b\u0438\u0437\u043c",
        "ts": "1476835289.001217"
    },
    {
        "type": "message",
        "user": "U0CTGJMR9",
        "text": "\u041f\u0440\u043e\u0441\u0442\u043e \u0443 \u043c\u0435\u043d\u044f \u0443\u0442\u0438\u043b\u0438\u0442\u0430\u0440\u0438\u0437\u043c \u0441 \u0431\u043e\u043b\u044c\u0448\u0438\u043c \u043f\u0435\u0440\u0435\u0432\u0435\u0441\u043e\u043c \u0432 \u0441\u0442\u043e\u0440\u043e\u043d\u0443 \u0441\u0432\u043e\u0438\u0445",
        "ts": "1476835298.001218"
    }
]