[
    {
        "type": "message",
        "user": "U0D0R0D4P",
        "text": "<http:\/\/img-9gag-fun.9cache.com\/photo\/aVe5r12_460s_v1.jpg>",
        "attachments": [
            {
                "fallback": "460x357px image",
                "image_url": "http:\/\/img-9gag-fun.9cache.com\/photo\/aVe5r12_460s_v1.jpg",
                "image_width": 460,
                "image_height": 357,
                "image_bytes": 26493,
                "from_url": "http:\/\/img-9gag-fun.9cache.com\/photo\/aVe5r12_460s_v1.jpg",
                "id": 1
            }
        ],
        "ts": "1475583035.000141",
        "reactions": [
            {
                "name": "glory_of_satan",
                "users": [
                    "U0H1U59BL",
                    "U0GQ50ESU",
                    "U0H73DGHK",
                    "U0FGKCY31",
                    "U0HJ93C3B"
                ],
                "count": 5
            }
        ]
    },
    {
        "type": "message",
        "user": "U0FD5HC1F",
        "text": "<https:\/\/www.youtube.com\/watch?v=nXARrMadTKk>",
        "attachments": [
            {
                "service_name": "YouTube",
                "service_url": "https:\/\/www.youtube.com\/",
                "title": "The Ballad of Big Yud (Eliezer Yudkowsky)",
                "title_link": "https:\/\/www.youtube.com\/watch?v=nXARrMadTKk",
                "author_name": "Robert Gross",
                "author_link": "https:\/\/www.youtube.com\/user\/tuttlemsm",
                "thumb_url": "https:\/\/i.ytimg.com\/vi\/nXARrMadTKk\/hqdefault.jpg",
                "thumb_width": 480,
                "thumb_height": 360,
                "fallback": "YouTube Video: The Ballad of Big Yud (Eliezer Yudkowsky)",
                "video_html": "<iframe width=\"400\" height=\"300\" src=\"https:\/\/www.youtube.com\/embed\/nXARrMadTKk?feature=oembed&autoplay=1&iv_load_policy=3\" frameborder=\"0\" allowfullscreen><\/iframe>",
                "video_html_width": 400,
                "video_html_height": 300,
                "from_url": "https:\/\/www.youtube.com\/watch?v=nXARrMadTKk",
                "service_icon": "https:\/\/a.slack-edge.com\/2089\/img\/unfurl_icons\/youtube.png",
                "id": 1
            }
        ],
        "ts": "1475615096.000143",
        "reactions": [
            {
                "name": "upside_down_face",
                "users": [
                    "U0H73DGHK",
                    "U0D0R0D4P"
                ],
                "count": 2
            },
            {
                "name": "yudkowsky",
                "users": [
                    "U0G0F43UH"
                ],
                "count": 1
            }
        ]
    },
    {
        "type": "message",
        "user": "U0F6P8JAG",
        "text": "\u041e\u0443. \u042d\u0442\u043e\u0439 \u043a\u043b\u0438\u0447\u043a\u0435 \u0431\u043e\u043b\u044c\u0448\u0435 \u043b\u0435\u0442, \u0447\u0435\u043c \u044f \u0434\u0443\u043c\u0430\u043b.\n(\u0421\u043c. \u0442\u0430\u043a\u0436\u0435: <https:\/\/www.facebook.com\/yudkowsky\/posts\/10154120638169228> - \u043d\u043e \u0442\u0443\u0442 \u0435\u0449\u0451 Unsong \u043f\u043e\u0434\u044b\u0433\u0440\u0430\u043b.)",
        "attachments": [
            {
                "title": "Meta-contrarians.  I swear to God.  If... - Eliezer Yudkowsky | Facebook",
                "title_link": "https:\/\/www.facebook.com\/yudkowsky\/posts\/10154120638169228",
                "text": "Meta-contrarians. I swear to God. If I'd personally made T-Shirts with a giant Hebrew letter Yud on them, nobody would have bought them and you would...",
                "fallback": "Meta-contrarians.  I swear to God.  If... - Eliezer Yudkowsky | Facebook",
                "from_url": "https:\/\/www.facebook.com\/yudkowsky\/posts\/10154120638169228",
                "service_icon": "https:\/\/static.xx.fbcdn.net\/rsrc.php\/yV\/r\/hzMapiNYYpW.ico",
                "service_name": "facebook.com",
                "id": 1
            }
        ],
        "ts": "1475615483.000145"
    },
    {
        "user": "U211W67K4",
        "text": "<@U211W67K4|chalker> has joined the channel",
        "type": "message",
        "subtype": "channel_join",
        "ts": "1475622260.000147"
    }
]