[
    {
        "type": "message",
        "user": "U0FD5HC1F",
        "text": "<https:\/\/pp.vk.me\/c625524\/v625524530\/183d0\/U5r-Rwp87go.jpg>",
        "attachments": [
            {
                "fallback": "600x398px image",
                "image_url": "https:\/\/pp.vk.me\/c625524\/v625524530\/183d0\/U5r-Rwp87go.jpg",
                "image_width": 600,
                "image_height": 398,
                "image_bytes": 31815,
                "from_url": "https:\/\/pp.vk.me\/c625524\/v625524530\/183d0\/U5r-Rwp87go.jpg",
                "id": 1
            }
        ],
        "ts": "1459110100.000009"
    }
]