[
    {
        "type": "message",
        "user": "U0G0MCG3A",
        "text": "<http:\/\/i.imgur.com\/bDuVCnU.jpg>",
        "attachments": [
            {
                "fallback": "473x355px image",
                "image_url": "http:\/\/i.imgur.com\/bDuVCnU.jpg",
                "image_width": 473,
                "image_height": 355,
                "image_bytes": 27888,
                "from_url": "http:\/\/i.imgur.com\/bDuVCnU.jpg",
                "id": 1
            }
        ],
        "ts": "1464376173.000002",
        "reactions": [
            {
                "name": "laughing",
                "users": [
                    "U0G8DRB40",
                    "U0CTPBG5Q"
                ],
                "count": 2
            }
        ]
    }
]