[
    {
        "type": "message",
        "user": "U0FD5HC1F",
        "text": "\u044d\u0442\u043e \u043a \u0442\u043e\u043c\u0443, \u0447\u0442\u043e \u0432 <#C0CTD63DJ> \u043f\u0440\u043e\u0438\u0441\u0445\u043e\u0434\u0438\u043b\u043e",
        "ts": "1463617046.000002"
    },
    {
        "type": "message",
        "user": "U0FD5HC1F",
        "text": "<http:\/\/img1.joyreactor.cc\/pics\/post\/%D1%88%D0%BA%D0%BE%D0%BB%D0%B0-%D0%BA%D0%BE%D0%BC%D0%B8%D0%BA%D1%81-%D0%BF%D1%80%D0%B8%D0%BA%D0%BE%D0%BB-%D0%BF%D0%B5%D1%81%D0%BE%D1%87%D0%BD%D0%B8%D1%86%D0%B0-1514579.jpeg>",
        "attachments": [
            {
                "fallback": "807x584px image",
                "image_url": "http:\/\/img1.joyreactor.cc\/pics\/post\/%D1%88%D0%BA%D0%BE%D0%BB%D0%B0-%D0%BA%D0%BE%D0%BC%D0%B8%D0%BA%D1%81-%D0%BF%D1%80%D0%B8%D0%BA%D0%BE%D0%BB-%D0%BF%D0%B5%D1%81%D0%BE%D1%87%D0%BD%D0%B8%D1%86%D0%B0-1514579.jpeg",
                "image_width": 807,
                "image_height": 584,
                "image_bytes": 129676,
                "from_url": "http:\/\/img1.joyreactor.cc\/pics\/post\/%D1%88%D0%BA%D0%BE%D0%BB%D0%B0-%D0%BA%D0%BE%D0%BC%D0%B8%D0%BA%D1%81-%D0%BF%D1%80%D0%B8%D0%BA%D0%BE%D0%BB-%D0%BF%D0%B5%D1%81%D0%BE%D1%87%D0%BD%D0%B8%D1%86%D0%B0-1514579.jpeg",
                "id": 1
            }
        ],
        "ts": "1463617048.000003",
        "reactions": [
            {
                "name": "+1",
                "users": [
                    "U0HJ93C3B",
                    "U0G0JFJTA"
                ],
                "count": 2
            }
        ]
    },
    {
        "user": "U0G0KMGKH",
        "type": "message",
        "subtype": "channel_join",
        "text": "<@U0G0KMGKH|philipb> has joined the channel",
        "ts": "1463617357.000005"
    }
]