[
    {
        "type": "message",
        "user": "U0D0R0D4P",
        "text": "<@U0L4B5338> \u043d\u0443 \u043c\u043e\u0436\u0435\u0442 \u044d\u0442\u0438 \u043d\u043e\u0432\u043e\u0441\u0442\u0438 \u043f\u043e\u0434\u0431\u0438\u0440\u0430\u044e\u0442\u0441\u044f \u043a\u043e\u043d\u0442\u0435\u043a\u0441\u0442\u043d\u043e (\u0432 \u0437\u0430\u0432\u0438\u0441\u0438\u043c\u043e\u0441\u0442\u0438 \u043e\u0442 \u0442\u043e\u0433\u043e, \u0447\u0442\u043e \u0442\u044b \u0438\u0449\u0435\u0448\u044c \u0438 \u043d\u0430 \u0447\u0442\u043e \u043a\u043b\u0438\u043a\u0430\u0435\u0448\u044c), \u0430?:trollface:",
        "ts": "1474628737.000075"
    },
    {
        "type": "message",
        "user": "U0G00FWH2",
        "text": "\u043a\u0430\u043a \u043f\u0441\u0438\u0445\u043e\u043f\u0430\u0442\u044b \u043f\u0440\u043e\u0445\u043e\u0434\u044f\u0442 \u0442\u0435\u0441\u0442 \u0441 \u0432\u0430\u0433\u043e\u043d\u0435\u0442\u043a\u043e\u0439 <https:\/\/www.youtube.com\/watch?v=KUsGDVOCLVQ> . \u0441\u043f\u043e\u0439\u043b\u0435\u0440 - \u043f\u0441\u0438\u0445\u043e\u043f\u0430\u0442\u044b \u0431\u043e\u043b\u0435\u0435 \u0440\u0430\u0446\u0438\u043e\u043d\u0430\u043b\u044c\u043d\u044b :slightly_smiling_face:",
        "attachments": [
            {
                "service_name": "YouTube",
                "service_url": "https:\/\/www.youtube.com\/",
                "title": "Are You a Psychopath? Take the Test.",
                "title_link": "https:\/\/www.youtube.com\/watch?v=KUsGDVOCLVQ",
                "author_name": "Big Think",
                "author_link": "https:\/\/www.youtube.com\/user\/bigthink",
                "thumb_url": "https:\/\/i.ytimg.com\/vi\/KUsGDVOCLVQ\/hqdefault.jpg",
                "thumb_width": 480,
                "thumb_height": 360,
                "fallback": "YouTube Video: Are You a Psychopath? Take the Test.",
                "video_html": "<iframe width=\"400\" height=\"225\" src=\"https:\/\/www.youtube.com\/embed\/KUsGDVOCLVQ?feature=oembed&autoplay=1&iv_load_policy=3\" frameborder=\"0\" allowfullscreen><\/iframe>",
                "video_html_width": 400,
                "video_html_height": 225,
                "from_url": "https:\/\/www.youtube.com\/watch?v=KUsGDVOCLVQ",
                "service_icon": "https:\/\/a.slack-edge.com\/2089\/img\/unfurl_icons\/youtube.png",
                "id": 1
            }
        ],
        "ts": "1474633869.000076"
    },
    {
        "type": "message",
        "user": "U0G0PFDST",
        "text": "<https:\/\/link.springer.com\/article\/10.1007\/s11229-016-1198-6>",
        "attachments": [
            {
                "service_name": "SpringerLink",
                "title": "The \u2018Alice in Wonderland\u2019 mechanics of the rejection of (climate) scie",
                "title_link": "https:\/\/link.springer.com\/article\/10.1007\/s11229-016-1198-6",
                "text": "Science strives for coherence. For example, the findings from climate science form a highly coherent body of knowledge that is supported by many independent lines of evidence: greenhouse gas (GHG) emi",
                "fallback": "SpringerLink: The \u2018Alice in Wonderland\u2019 mechanics of the rejection of (climate) scie",
                "thumb_url": "https:\/\/static-content.springer.com\/cover\/journal\/11229\/193\/8.jpg",
                "from_url": "https:\/\/link.springer.com\/article\/10.1007\/s11229-016-1198-6",
                "thumb_width": 153,
                "thumb_height": 238,
                "service_icon": "https:\/\/link.springer.com\/springerlink-static\/280551459\/images\/favicon\/app-icon-iphone@3x.png",
                "id": 1
            }
        ],
        "ts": "1474654400.000078"
    },
    {
        "user": "U1LRY0CV6",
        "text": "<@U1LRY0CV6|kekdude> has joined the channel",
        "type": "message",
        "subtype": "channel_join",
        "ts": "1474698242.000080"
    }
]