[
    {
        "type": "message",
        "user": "U1XQG3N2G",
        "text": "\u044f \u0437\u0430\u0432\u0438\u0441 \u043d\u0430 6-8 \u0441\u0435\u043a\u0443\u043d\u0434",
        "ts": "1474976235.000094"
    },
    {
        "type": "message",
        "user": "U0D0R0D4P",
        "text": "\u0417\u0430 \u0441\u043a\u043e\u043b\u044c\u043a\u043e \u0441\u0435\u043a\u0443\u043d\u0434 \u0432\u044b \u043f\u043e\u043d\u044f\u043b\u0438, \u0447\u0442\u043e \u0438\u0437\u043e\u0431\u0440\u0430\u0436\u0435\u043d\u043e \u043d\u0430 \u0444\u043e\u0442\u043a\u0435? *\u043f\u043e\u0434\u043f\u0438\u0441\u044c \u043d\u0435 \u0447\u0438\u0442\u0430\u0439\u0442\u0435*",
        "edited": {
            "user": "U0D0R0D4P",
            "ts": "1474989833.000000"
        },
        "ts": "1474989796.000095"
    },
    {
        "type": "message",
        "user": "U0D0R0D4P",
        "text": "<http:\/\/img-9gag-fun.9cache.com\/photo\/aAP7rrR_700b.jpg>",
        "attachments": [
            {
                "fallback": "640x649px image",
                "image_url": "http:\/\/img-9gag-fun.9cache.com\/photo\/aAP7rrR_700b.jpg",
                "image_width": 640,
                "image_height": 649,
                "image_bytes": 59269,
                "from_url": "http:\/\/img-9gag-fun.9cache.com\/photo\/aAP7rrR_700b.jpg",
                "id": 1
            }
        ],
        "ts": "1474989807.000096"
    },
    {
        "type": "message",
        "user": "U0H1U59BL",
        "text": "1-2.",
        "ts": "1474990066.000099",
        "reactions": [
            {
                "name": "heavy_plus_sign",
                "users": [
                    "U0F6P8JAG",
                    "U1LRY0CV6",
                    "U0HJ93C3B"
                ],
                "count": 3
            }
        ]
    },
    {
        "type": "message",
        "user": "U0FGKCY31",
        "text": "1",
        "ts": "1474991012.000100"
    },
    {
        "type": "message",
        "user": "U0FD5HC1F",
        "text": "\u041d\u043e\u0432\u044b\u0439 \u0436\u0430\u043d\u0440?\n\n\u0417\u0430 \u0441\u043a\u043e\u043b\u044c\u043a\u043e \u0441\u0435\u043a\u0443\u043d\u0434 \u0432\u044b \u043f\u043e\u043d\u044f\u043b\u0438, \u0447\u0442\u043e \u0438\u0437\u043e\u0431\u0440\u0430\u0436\u0435\u043d\u043e \u043d\u0430 \u043a\u0430\u0440\u0442\u0438\u043d\u043a\u0435?\n<http:\/\/www.cgevent.ru\/wp-content\/uploads\/2009\/06\/mathematica3.jpg>",
        "attachments": [
            {
                "fallback": "421x238px image",
                "image_url": "http:\/\/www.cgevent.ru\/wp-content\/uploads\/2009\/06\/mathematica3.jpg",
                "image_width": 421,
                "image_height": 238,
                "image_bytes": 26848,
                "from_url": "http:\/\/www.cgevent.ru\/wp-content\/uploads\/2009\/06\/mathematica3.jpg",
                "id": 1
            }
        ],
        "ts": "1474991118.000101",
        "reactions": [
            {
                "name": "laughing",
                "users": [
                    "U0HJ93C3B"
                ],
                "count": 1
            }
        ]
    },
    {
        "type": "message",
        "user": "U0D0R0D4P",
        "text": "\u0412\u0438\u0436\u0443, \u043a\u0442\u043e-\u0442\u043e \u0443\u043c\u043d\u0438\u0447\u0430\u0435\u0442)",
        "ts": "1474994527.000103"
    },
    {
        "type": "message",
        "user": "U1BJD7KSR",
        "text": "\u0421\u0414\u0423\u0427\u041f?",
        "ts": "1475019640.000104"
    }
]