[
    {
        "type": "message",
        "user": "U0F6P8JAG",
        "text": "<https:\/\/open_nsfw.gitlab.io\/>\n\u0421 \u0441\u0430\u043c\u043e\u0433\u043e \u043f\u043e\u044f\u0432\u043b\u0435\u043d\u0438\u044f deep dream\/inceptionism\u2019\u0430 \u043b\u044e\u0434\u0438 \u0441\u043f\u0440\u0430\u0448\u0438\u0432\u0430\u043b\u0438, \u0433\u0434\u0435 \u0442\u0430\u043a\u043e\u0435 \u0436\u0435, \u043d\u043e \u043e\u0431\u0443\u0447\u0435\u043d\u043d\u043e\u0435 \u043d\u0430 \u043f\u043e\u0440\u043d\u043e. \u0412\u043e\u0442 \u0438 \u043e\u043d\u043e, \u043d\u0430\u043a\u043e\u043d\u0435\u0446-\u0442\u043e.",
        "ts": "1477045738.001232"
    },
    {
        "type": "message",
        "user": "U0FS0PUM8",
        "text": "\u0432 \u044f\u043d\u0434\u0435\u043a\u0441\u0435 \u043f\u043e\u0438\u0441\u043a\u043e\u0432\u0438\u043a-34 \u0434\u043e\u043b\u0436\u0435\u043d \u0434\u043e\u0441\u0442\u0430\u0432\u043b\u044f\u0442\u044c \u0431\u043e\u043b\u044c\u0448\u0435, \u043a\u043c\u043a",
        "ts": "1477054041.001233"
    },
    {
        "type": "message",
        "user": "U0FD5HC1F",
        "text": "\u0434\u0430\u0432\u0430\u0439\u0442\u0435 \u0437\u0430\u0433\u0440\u0443\u0437\u0438\u043c <https:\/\/pp.vk.me\/c421318\/v421318028\/9c09\/aPMaGHI9JfY.jpg>",
        "attachments": [
            {
                "fallback": "[October 12th, 2016 2:51 PM] mentalgopher: \u0410 \u0435\u0441\u0442\u044c \u044d\u043c\u043e\u0434\u0437\u0438 \u0433\u043e\u0442\u043e\u0432 \u043f\u043e\u0441\u043f\u043e\u0440\u0438\u0442\u044c\/\u0441\u0434\u0435\u043b\u0430\u0442\u044c \u0441\u0442\u0430\u0432\u043a\u0443?",
                "ts": "1476273095.000186",
                "author_subname": "mentalgopher",
                "channel_id": "C0L93QKDZ",
                "channel_name": "meta",
                "is_msg_unfurl": true,
                "text": "\u0410 \u0435\u0441\u0442\u044c \u044d\u043c\u043e\u0434\u0437\u0438 \u0433\u043e\u0442\u043e\u0432 \u043f\u043e\u0441\u043f\u043e\u0440\u0438\u0442\u044c\/\u0441\u0434\u0435\u043b\u0430\u0442\u044c \u0441\u0442\u0430\u0432\u043a\u0443?",
                "author_name": "\u0414\u0435\u043d\u0438\u0441 \u041a\u043e\u043b\u0435\u0441\u043d\u0438\u043a\u043e\u0432",
                "author_link": "https:\/\/lesswrongru.slack.com\/team\/mentalgopher",
                "author_icon": "https:\/\/avatars.slack-edge.com\/2015-12-03\/15881736275_8d134138071671b009d6_48.jpg",
                "mrkdwn_in": [
                    "text"
                ],
                "color": "D0D0D0",
                "from_url": "https:\/\/lesswrongru.slack.com\/archives\/meta\/p1476273095000186",
                "is_share": true,
                "footer": "Posted in #meta"
            }
        ],
        "edited": {
            "user": "U0FD5HC1F",
            "ts": "1477060310.000000"
        },
        "ts": "1477060256.001234"
    },
    {
        "type": "message",
        "user": "U1BJD7KSR",
        "text": ":vanga:",
        "ts": "1477061547.001237",
        "reactions": [
            {
                "name": "+1",
                "users": [
                    "U0D0R0D4P"
                ],
                "count": 1
            },
            {
                "name": "smiley",
                "users": [
                    "U0D0R0D4P",
                    "U0N5M8GDT"
                ],
                "count": 2
            }
        ]
    },
    {
        "type": "message",
        "user": "U0FD5HC1F",
        "text": "\u0423 \u043c\u0435\u043d\u044f \u043e\u0434\u043d\u043e\u0433\u043e <http:\/\/github.com\/> \u043d\u0435 \u043e\u0442\u043a\u0440\u044b\u0432\u0430\u0435\u0442\u0441\u044f? \u043e_\u041e",
        "attachments": [
            {
                "service_name": "GitHub",
                "title": "Build software better, together",
                "title_link": "http:\/\/github.com\/",
                "text": "GitHub is where people build software. More than 15 million people use GitHub to discover, fork, and contribute to over 38 million projects.",
                "fallback": "GitHub: Build software better, together",
                "image_width": 1200,
                "image_height": 1200,
                "from_url": "http:\/\/github.com\/",
                "service_icon": "https:\/\/github.com\/apple-touch-icon.png",
                "id": 1
            }
        ],
        "ts": "1477073210.001238"
    },
    {
        "type": "message",
        "user": "U0FD5HC1F",
        "text": "$ nslookup <http:\/\/github.com|github.com>\n;; connection timed out; no servers could be reached",
        "ts": "1477073321.001240"
    },
    {
        "type": "message",
        "user": "U0FD5HC1F",
        "text": "\u041e, \u043f\u0438\u0448\u0443\u0442: <https:\/\/vc.ru\/n\/services-down-dyn>",
        "attachments": [
            {
                "service_name": "vc.ru",
                "title": "\u0420\u043e\u0441\u0441\u0438\u0439\u0441\u043a\u0438\u0435 \u043f\u043e\u043b\u044c\u0437\u043e\u0432\u0430\u0442\u0435\u043b\u0438 \u043f\u043e\u0436\u0430\u043b\u043e\u0432\u0430\u043b\u0438\u0441\u044c \u043d\u0430 \u043d\u0435\u0434\u043e\u0441\u0442\u0443\u043f\u043d\u043e\u0441\u0442\u044c Twitter, Github \u0438 \u0434\u0440\u0443\u0433\u0438\u0445 \u0441\u0435\u0440\u0432\u0438\u0441\u043e\u0432 \u043f\u043e\u0441\u043b\u0435 \u0430\u0442\u0430\u043a\u0438 \u043d\u0430 DNS-\u0445\u043e\u0441\u0442\u0435\u0440\u0430 Dyn",
                "title_link": "https:\/\/vc.ru\/n\/services-down-dyn",
                "text": "\u0427\u0430\u0441\u0442\u044c \u043f\u043e\u043b\u044c\u0437\u043e\u0432\u0430\u0442\u0435\u043b\u0435\u0439 \u0440\u0443\u043d\u0435\u0442\u0430 \u0441\u0442\u043e\u043b\u043a\u043d\u0443\u043b\u0430\u0441\u044c \u0441 \u043f\u0440\u043e\u0431\u043b\u0435\u043c\u0430\u043c\u0438 \u0432 \u0440\u0430\u0431\u043e\u0442\u0435 Twitter, Spotify, PlayStation Store \u0438 \u0434\u0440\u0443\u0433\u0438\u0445 \u043f\u043e\u043f\u0443\u043b\u044f\u0440\u043d\u044b\u0445 \u0441\u0435\u0440\u0432\u0438\u0441\u043e\u0432 \u0438 \u0441\u0430\u0439\u0442\u043e\u0432 \u043f\u043e\u0441\u043b\u0435 \u043c\u043e\u0449\u043d\u043e\u0439 DDoS-\u0430\u0442\u0430\u043a\u0438 \u043d\u0430 DNS-\u0445\u043e\u0441\u0442\u0435\u0440\u0430 Dyn. \u0414\u043e \u044d\u0442\u043e\u0433\u043e \u043f\u0440\u043e\u0431\u043b\u0435\u043c\u044b \u0432\u043e\u0437\u043d\u0438\u043a\u0430\u043b\u0438 \u0432 \u043e\u0441\u043d\u043e\u0432\u043d\u043e\u043c \u0443 \u0436\u0438\u0442\u0435\u043b\u0435\u0439 \u0421\u0428\u0410.",
                "fallback": "vc.ru: \u0420\u043e\u0441\u0441\u0438\u0439\u0441\u043a\u0438\u0435 \u043f\u043e\u043b\u044c\u0437\u043e\u0432\u0430\u0442\u0435\u043b\u0438 \u043f\u043e\u0436\u0430\u043b\u043e\u0432\u0430\u043b\u0438\u0441\u044c \u043d\u0430 \u043d\u0435\u0434\u043e\u0441\u0442\u0443\u043f\u043d\u043e\u0441\u0442\u044c Twitter, Github \u0438 \u0434\u0440\u0443\u0433\u0438\u0445 \u0441\u0435\u0440\u0432\u0438\u0441\u043e\u0432 \u043f\u043e\u0441\u043b\u0435 \u0430\u0442\u0430\u043a\u0438 \u043d\u0430 DNS-\u0445\u043e\u0441\u0442\u0435\u0440\u0430 Dyn",
                "image_url": "https:\/\/static48.siliconrus.cmtt.ru\/paper-preview-fox\/s\/er\/services-down-dyn\/9e6191a32031-original.jpg",
                "from_url": "https:\/\/vc.ru\/n\/services-down-dyn",
                "image_width": 382,
                "image_height": 250,
                "image_bytes": 94948,
                "service_icon": "https:\/\/vc.ru\/static\/main\/img\/icons\/apple-touch-icon-180x180-precomposed.png?7a070e7",
                "id": 1
            }
        ],
        "ts": "1477073403.001241"
    },
    {
        "type": "message",
        "user": "U0FD5HC1F",
        "text": ":crying_cat_face:",
        "ts": "1477073514.001243"
    },
    {
        "type": "message",
        "user": "U0FD5HC1F",
        "text": "\u0417\u0430\u0440\u0430\u0431\u043e\u0442\u0430\u043b.",
        "ts": "1477077132.001244"
    },
    {
        "type": "message",
        "user": "U0FD5HC1F",
        "text": "\u041a\u0441\u0442\u0430\u0442\u0438, \u0441\u043b\u0430\u043a \u0442\u043e\u0436\u0435 \u043a\u0430\u043a\u043e\u0435-\u0442\u043e \u0432\u0440\u0435\u043c\u044f \u0441\u0435\u0433\u043e\u0434\u043d\u044f \u043e\u0442\u0434\u0430\u0432\u0430\u043b \u043a\u0430\u0448\u0443, \u0430\u0441\u0441\u0435\u0442\u044b \u043d\u0435 \u043f\u043e\u0434\u0433\u0440\u0443\u0436\u0430\u043b\u0438\u0441\u044c.",
        "ts": "1477077154.001245"
    },
    {
        "type": "message",
        "user": "U1XQG3N2G",
        "text": "\u0441\u043a\u043e\u043b\u044c\u043a\u043e \u043b\u0435\u0442 \u0432\u044b \u0431\u044b \u0445\u043e\u0442\u0435\u043b\u0438 \u043f\u0440\u043e\u0436\u0438\u0442\u044c?",
        "ts": "1477078153.001246"
    },
    {
        "type": "message",
        "user": "U0FD5HC1F",
        "text": "\u043f\u043e\u043a\u0430 \u043d\u0435 \u043d\u0430\u0434\u043e\u0435\u0441\u0442",
        "ts": "1477078169.001247"
    },
    {
        "type": "message",
        "user": "U0G0F43UH",
        "text": "<@U1XQG3N2G> \u0432\u0441\u0435, \u0430 \u0447\u0442\u043e?",
        "ts": "1477078237.001248",
        "reactions": [
            {
                "name": "heavy_plus_sign",
                "users": [
                    "U0FD5HC1F"
                ],
                "count": 1
            }
        ]
    },
    {
        "type": "message",
        "user": "U1BJD7KSR",
        "text": "<http:\/\/s00.yaplakal.com\/pics\/pics_original\/6\/9\/0\/7339096.jpg>",
        "attachments": [
            {
                "fallback": "400x265px image",
                "image_url": "http:\/\/s00.yaplakal.com\/pics\/pics_original\/6\/9\/0\/7339096.jpg",
                "image_width": 400,
                "image_height": 265,
                "image_bytes": 44297,
                "from_url": "http:\/\/s00.yaplakal.com\/pics\/pics_original\/6\/9\/0\/7339096.jpg",
                "id": 1
            }
        ],
        "ts": "1477079531.001249"
    },
    {
        "type": "message",
        "user": "U0FD5HC1F",
        "text": "\u0427\u0442\u043e \u043e\u0437\u043d\u0430\u0447\u0430\u0435\u0442 \"berekuk\"? :slightly_smiling_face:",
        "ts": "1477082138.001251",
        "reactions": [
            {
                "name": "heavy_plus_sign",
                "users": [
                    "U0GQ50ESU",
                    "U0D0R0D4P",
                    "U0FGKCY31",
                    "U0CTGJMR9",
                    "U2L4WGQFK",
                    "U0KA9GQQN"
                ],
                "count": 6
            }
        ]
    },
    {
        "type": "message",
        "subtype": "file_share",
        "text": "<@U0FGKCY31|deep_blue_hexagon> uploaded a file: <https:\/\/lesswrongru.slack.com\/files\/deep_blue_hexagon\/F2SNW968N\/096__3_.png|096 (3).png> and commented: \u0427\u0442\u043e-\u0442\u043e \u0437\u0430\u0445\u043e\u0442\u0435\u043b\u043e\u0441\u044c \u043c\u043d\u0435 \u0440\u0430\u0441\u0441\u043a\u0430\u0437\u0430\u0442\u044c \u043e \u0441\u0432\u043e\u0435\u0439 \u0430\u0432\u0430\u0442\u0430\u0440\u043a\u0435.\n\u0412\u043e\u0442 \u044d\u0442\u043e \u0413\u0440\u0430\u0444 \u041c\u043e\u043d\u0442\u0435-\u041a\u0440\u0438\u0441\u0442\u043e \u0438\u0437 \u043e\u0434\u043d\u043e\u0439 \u044f\u043f\u043e\u043d\u0441\u043a\u043e\u0439 \u0438\u0433\u0440\u044b.\n\u0410 \u0441\u0435\u0431\u0435 \u044f \u043f\u043e\u0441\u0442\u0430\u0432\u0438\u043b \u0441\u043e\u043e\u0442\u0432\u0435\u0442\u0441\u0442\u0432\u0435\u043d\u043d\u043e \u0444\u0430\u043d\u0430\u0440\u0442.",
        "file": {
            "id": "F2SNW968N",
            "created": 1477084802,
            "timestamp": 1477084802,
            "name": "096 (3).png",
            "title": "096 (3).png",
            "mimetype": "image\/png",
            "filetype": "png",
            "pretty_type": "PNG",
            "user": "U0FGKCY31",
            "editable": false,
            "size": 889935,
            "mode": "hosted",
            "is_external": false,
            "external_type": "",
            "is_public": true,
            "public_url_shared": false,
            "display_as_bot": false,
            "username": "",
            "url_private": "https:\/\/files.slack.com\/files-pri\/T0CTD4Q0K-F2SNW968N\/096__3_.png?t=xoxe-12931160019-103607625319-102215183440-059257f7d7",
            "url_private_download": "https:\/\/files.slack.com\/files-pri\/T0CTD4Q0K-F2SNW968N\/download\/096__3_.png?t=xoxe-12931160019-103607625319-102215183440-059257f7d7",
            "thumb_64": "https:\/\/files.slack.com\/files-tmb\/T0CTD4Q0K-F2SNW968N-7c41d2d2e5\/096__3__64.png?t=xoxe-12931160019-103607625319-102215183440-059257f7d7",
            "thumb_80": "https:\/\/files.slack.com\/files-tmb\/T0CTD4Q0K-F2SNW968N-7c41d2d2e5\/096__3__80.png?t=xoxe-12931160019-103607625319-102215183440-059257f7d7",
            "thumb_360": "https:\/\/files.slack.com\/files-tmb\/T0CTD4Q0K-F2SNW968N-7c41d2d2e5\/096__3__360.png?t=xoxe-12931160019-103607625319-102215183440-059257f7d7",
            "thumb_360_w": 255,
            "thumb_360_h": 360,
            "thumb_480": "https:\/\/files.slack.com\/files-tmb\/T0CTD4Q0K-F2SNW968N-7c41d2d2e5\/096__3__480.png?t=xoxe-12931160019-103607625319-102215183440-059257f7d7",
            "thumb_480_w": 339,
            "thumb_480_h": 480,
            "thumb_160": "https:\/\/files.slack.com\/files-tmb\/T0CTD4Q0K-F2SNW968N-7c41d2d2e5\/096__3__160.png?t=xoxe-12931160019-103607625319-102215183440-059257f7d7",
            "thumb_720": "https:\/\/files.slack.com\/files-tmb\/T0CTD4Q0K-F2SNW968N-7c41d2d2e5\/096__3__720.png?t=xoxe-12931160019-103607625319-102215183440-059257f7d7",
            "thumb_720_w": 509,
            "thumb_720_h": 720,
            "image_exif_rotation": 1,
            "original_w": 512,
            "original_h": 724,
            "permalink": "https:\/\/lesswrongru.slack.com\/files\/deep_blue_hexagon\/F2SNW968N\/096__3_.png",
            "permalink_public": "https:\/\/slack-files.com\/T0CTD4Q0K-F2SNW968N-8ed068a80c",
            "channels": [
                "C0GKHDHC3"
            ],
            "groups": [
    
            ],
            "ims": [
    
            ],
            "comments_count": 2,
            "initial_comment": {
                "id": "Fc2SNRSS4C",
                "created": 1477084802,
                "timestamp": 1477084802,
                "user": "U0FGKCY31",
                "is_intro": true,
                "comment": "\u0427\u0442\u043e-\u0442\u043e \u0437\u0430\u0445\u043e\u0442\u0435\u043b\u043e\u0441\u044c \u043c\u043d\u0435 \u0440\u0430\u0441\u0441\u043a\u0430\u0437\u0430\u0442\u044c \u043e \u0441\u0432\u043e\u0435\u0439 \u0430\u0432\u0430\u0442\u0430\u0440\u043a\u0435.\n\u0412\u043e\u0442 \u044d\u0442\u043e \u0413\u0440\u0430\u0444 \u041c\u043e\u043d\u0442\u0435-\u041a\u0440\u0438\u0441\u0442\u043e \u0438\u0437 \u043e\u0434\u043d\u043e\u0439 \u044f\u043f\u043e\u043d\u0441\u043a\u043e\u0439 \u0438\u0433\u0440\u044b.\n\u0410 \u0441\u0435\u0431\u0435 \u044f \u043f\u043e\u0441\u0442\u0430\u0432\u0438\u043b \u0441\u043e\u043e\u0442\u0432\u0435\u0442\u0441\u0442\u0432\u0435\u043d\u043d\u043e \u0444\u0430\u043d\u0430\u0440\u0442.",
                "channel": ""
            }
        },
        "user": "U0FGKCY31",
        "upload": true,
        "display_as_bot": false,
        "username": "<@U0FGKCY31|deep_blue_hexagon>",
        "bot_id": null,
        "ts": "1477084806.001252"
    },
    {
        "type": "message",
        "subtype": "file_comment",
        "text": "<@U0FGKCY31|deep_blue_hexagon> commented on <@U0FGKCY31|deep_blue_hexagon>'s file <https:\/\/lesswrongru.slack.com\/files\/deep_blue_hexagon\/F2SNW968N\/096__3_.png|096 (3).png>: \u0410 \u0441\u0435\u0440\u0438\u044f \u0438\u0433\u0440 \u043d\u0430\u0437\u044b\u0432\u0430\u0435\u0442\u0441\u044f Fate\n(\u0442\u043e\u0447\u043d\u0435\u0435 \u043d\u0430\u0437\u0432\u0430\u043d\u0438\u0435 \u0442\u0435\u0445 \u0438\u0433\u0440, \u043a\u043e\u0442\u043e\u0440\u044b\u0435 \u044f \u043f\u043e\u043c\u043d\u044e, \u043d\u0430\u0447\u0438\u043d\u0430\u0435\u0442\u0441\u044f \u0441 \u044d\u0442\u043e\u0433\u043e \u0441\u043b\u043e\u0432\u0430\n\u043d\u0430\u043f\u0440\u0438\u043c\u0435\u0440 Fate\/Stay Night (\u043e \u0434\u0430, \u044f\u043f\u043e\u043d\u0446\u044b \u0443\u043c\u0435\u044e\u0442 \u0432 \u043f\u0430\u0444\u043e\u0441\u043d\u044b\u0435 \u0431\u0435\u0441\u0441\u043c\u044b\u0441\u043b\u0435\u043d\u043d\u044b\u0435 \u043d\u0430\u0437\u0432\u0430\u043d\u0438\u044f)).",
        "file": {
            "id": "F2SNW968N",
            "created": 1477084802,
            "timestamp": 1477084802,
            "name": "096 (3).png",
            "title": "096 (3).png",
            "mimetype": "image\/png",
            "filetype": "png",
            "pretty_type": "PNG",
            "user": "U0FGKCY31",
            "editable": false,
            "size": 889935,
            "mode": "hosted",
            "is_external": false,
            "external_type": "",
            "is_public": true,
            "public_url_shared": false,
            "display_as_bot": false,
            "username": "",
            "url_private": "https:\/\/files.slack.com\/files-pri\/T0CTD4Q0K-F2SNW968N\/096__3_.png?t=xoxe-12931160019-103607625319-102215183440-059257f7d7",
            "url_private_download": "https:\/\/files.slack.com\/files-pri\/T0CTD4Q0K-F2SNW968N\/download\/096__3_.png?t=xoxe-12931160019-103607625319-102215183440-059257f7d7",
            "thumb_64": "https:\/\/files.slack.com\/files-tmb\/T0CTD4Q0K-F2SNW968N-7c41d2d2e5\/096__3__64.png?t=xoxe-12931160019-103607625319-102215183440-059257f7d7",
            "thumb_80": "https:\/\/files.slack.com\/files-tmb\/T0CTD4Q0K-F2SNW968N-7c41d2d2e5\/096__3__80.png?t=xoxe-12931160019-103607625319-102215183440-059257f7d7",
            "thumb_360": "https:\/\/files.slack.com\/files-tmb\/T0CTD4Q0K-F2SNW968N-7c41d2d2e5\/096__3__360.png?t=xoxe-12931160019-103607625319-102215183440-059257f7d7",
            "thumb_360_w": 255,
            "thumb_360_h": 360,
            "thumb_480": "https:\/\/files.slack.com\/files-tmb\/T0CTD4Q0K-F2SNW968N-7c41d2d2e5\/096__3__480.png?t=xoxe-12931160019-103607625319-102215183440-059257f7d7",
            "thumb_480_w": 339,
            "thumb_480_h": 480,
            "thumb_160": "https:\/\/files.slack.com\/files-tmb\/T0CTD4Q0K-F2SNW968N-7c41d2d2e5\/096__3__160.png?t=xoxe-12931160019-103607625319-102215183440-059257f7d7",
            "thumb_720": "https:\/\/files.slack.com\/files-tmb\/T0CTD4Q0K-F2SNW968N-7c41d2d2e5\/096__3__720.png?t=xoxe-12931160019-103607625319-102215183440-059257f7d7",
            "thumb_720_w": 509,
            "thumb_720_h": 720,
            "image_exif_rotation": 1,
            "original_w": 512,
            "original_h": 724,
            "permalink": "https:\/\/lesswrongru.slack.com\/files\/deep_blue_hexagon\/F2SNW968N\/096__3_.png",
            "permalink_public": "https:\/\/slack-files.com\/T0CTD4Q0K-F2SNW968N-8ed068a80c",
            "channels": [
                "C0GKHDHC3"
            ],
            "groups": [
    
            ],
            "ims": [
    
            ],
            "comments_count": 2,
            "initial_comment": {
                "id": "Fc2SNRSS4C",
                "created": 1477084802,
                "timestamp": 1477084802,
                "user": "U0FGKCY31",
                "is_intro": true,
                "comment": "\u0427\u0442\u043e-\u0442\u043e \u0437\u0430\u0445\u043e\u0442\u0435\u043b\u043e\u0441\u044c \u043c\u043d\u0435 \u0440\u0430\u0441\u0441\u043a\u0430\u0437\u0430\u0442\u044c \u043e \u0441\u0432\u043e\u0435\u0439 \u0430\u0432\u0430\u0442\u0430\u0440\u043a\u0435.\n\u0412\u043e\u0442 \u044d\u0442\u043e \u0413\u0440\u0430\u0444 \u041c\u043e\u043d\u0442\u0435-\u041a\u0440\u0438\u0441\u0442\u043e \u0438\u0437 \u043e\u0434\u043d\u043e\u0439 \u044f\u043f\u043e\u043d\u0441\u043a\u043e\u0439 \u0438\u0433\u0440\u044b.\n\u0410 \u0441\u0435\u0431\u0435 \u044f \u043f\u043e\u0441\u0442\u0430\u0432\u0438\u043b \u0441\u043e\u043e\u0442\u0432\u0435\u0442\u0441\u0442\u0432\u0435\u043d\u043d\u043e \u0444\u0430\u043d\u0430\u0440\u0442.",
                "channel": ""
            }
        },
        "comment": {
            "id": "Fc2SPEAMA6",
            "created": 1477085003,
            "timestamp": 1477085003,
            "user": "U0FGKCY31",
            "is_intro": false,
            "comment": "\u0410 \u0441\u0435\u0440\u0438\u044f \u0438\u0433\u0440 \u043d\u0430\u0437\u044b\u0432\u0430\u0435\u0442\u0441\u044f Fate\n(\u0442\u043e\u0447\u043d\u0435\u0435 \u043d\u0430\u0437\u0432\u0430\u043d\u0438\u0435 \u0442\u0435\u0445 \u0438\u0433\u0440, \u043a\u043e\u0442\u043e\u0440\u044b\u0435 \u044f \u043f\u043e\u043c\u043d\u044e, \u043d\u0430\u0447\u0438\u043d\u0430\u0435\u0442\u0441\u044f \u0441 \u044d\u0442\u043e\u0433\u043e \u0441\u043b\u043e\u0432\u0430\n\u043d\u0430\u043f\u0440\u0438\u043c\u0435\u0440 Fate\/Stay Night (\u043e \u0434\u0430, \u044f\u043f\u043e\u043d\u0446\u044b \u0443\u043c\u0435\u044e\u0442 \u0432 \u043f\u0430\u0444\u043e\u0441\u043d\u044b\u0435 \u0431\u0435\u0441\u0441\u043c\u044b\u0441\u043b\u0435\u043d\u043d\u044b\u0435 \u043d\u0430\u0437\u0432\u0430\u043d\u0438\u044f)).",
            "channel": ""
        },
        "is_intro": false,
        "ts": "1477085003.001253"
    },
    {
        "type": "message",
        "user": "U0FD5HC1F",
        "text": "&gt; Fate\/Stay Night\n\"\u041d\u0430\u043c \u0431\u044b \u0442\u043e\u043b\u044c\u043a\u043e \u043d\u043e\u0447\u044c \u043f\u0440\u043e\u0441\u0442\u043e\u044f\u0442\u044c \u0434\u0430 \u0434\u0435\u043d\u044c \u043f\u0440\u043e\u0434\u0435\u0440\u0436\u0430\u0442\u044c\u0441\u044f\"",
        "ts": "1477085055.001254"
    },
    {
        "type": "message",
        "user": "U0FGKCY31",
        "text": "\u0420\u0430\u0437 \u0443\u0436 \u043c\u043d\u0435 \u0442\u0430\u043a \u0432\u0435\u0441\u0435\u043b\u043e \u043e\u0442 \u043d\u0435\u0434\u043e\u0441\u044b\u043f\u0430, \u043f\u043e\u0445\u0432\u0430\u0441\u0442\u0430\u044e\u0441\u044c, \u043a\u0442\u043e \u0443 \u043c\u0435\u043d\u044f \u0435\u0441\u0442\u044c \u0438\u0437 \u043f\u0435\u0440\u0441\u043e\u043d\u0430\u0436\u0435\u0439 \u2014 \u0438\u0437\u0432\u0435\u0441\u0442\u043d\u044b\u0445 \u043b\u0438\u0447\u043d\u043e\u0441\u0442\u0435\u0439.\n\u0414\u0430 \u0438 \u0442\u0435\u043c \u0431\u043e\u043b\u0435\u0435 <#C0GKHDHC3|chaos> \u0436\u0435.",
        "ts": "1477085330.001256"
    },
    {
        "type": "message",
        "user": "U0FGKCY31",
        "text": "(\u043a\u0430\u043a \u0432\u044b \u043f\u043e\u043d\u044f\u043b\u0438, \u0438\u043c \u043d\u0435 \u043e\u0431\u044f\u0437\u0430\u0442\u0435\u043b\u044c\u043d\u043e \u0431\u044b\u0442\u044c \u0440\u0435\u0430\u043b\u044c\u043d\u044b\u043c\u0438)",
        "ts": "1477085389.001257"
    },
    {
        "type": "message",
        "user": "U0FGKCY31",
        "text": "\u041b\u0435\u043e\u043d\u0430\u0440\u0434\u043e \u0434\u0430 \u0412\u0438\u043d\u0447\u0438\n\u042d\u043b\u0438\u0437\u0430\u0431\u0435\u0442 \u0411\u0430\u0442\u043e\u0440\u0438\n\u042d\u0432\u0440\u0438\u0430\u043b\u0430 \u0413\u043e\u0440\u0433\u043e\u043d\u0430\n\u0410\u043b\u0435\u043a\u0441\u0430\u043d\u0434\u0440 \u041c\u0430\u043a\u0435\u0434\u043e\u043d\u0441\u043a\u0438\u0439\n\u0412\u043b\u0430\u0434 \u0426\u0435\u043f\u0435\u0448\n\u0427\u0430\u0440\u043b\u044c\u0437 \u0411\u044d\u0431\u0431\u0438\u0434\u0436\n\u041d\u0435\u0440\u043e\u043d\n\u0414\u043e\u043a\u0442\u043e\u0440 \u0414\u0436\u0435\u043a\u0438\u043b\n\u041c\u0435\u0434\u0443\u0437\u0430 \u0413\u043e\u0440\u0433\u043e\u043d\u0430\n\u0413\u0430\u043d\u0441 \u0425\u0440\u0438\u0441\u0442\u0438\u0430\u043d \u0410\u043d\u0434\u0435\u0440\u0441\u0435\u043d\n\u041c\u0435\u0434\u0435\u044f",
        "ts": "1477085864.001258"
    },
    {
        "type": "message",
        "user": "U1XQG3N2G",
        "text": "\u0438 \u0447\u0442\u043e \u0442\u0430\u043c \u0432 \u0438\u0433\u0440\u0435 \u0434\u0435\u043b\u0430\u044e\u0442 \u0441 \u043f\u0435\u0440\u0441\u043e\u043d\u0430\u0436\u0430\u043c\u0438? \u0441\u043e\u0431\u043b\u0430\u0437\u043d\u044f\u044e\u0442? \u043f\u043e\u0431\u0435\u0436\u0434\u0430\u044e\u0442?",
        "edited": {
            "user": "U1XQG3N2G",
            "ts": "1477116252.000000"
        },
        "ts": "1477116223.001259"
    }
]