[
    {
        "type": "message",
        "user": "U0D0R0D4P",
        "text": "\\poll",
        "ts": "1467802206.000002"
    },
    {
        "type": "message",
        "user": "U0D0R0D4P",
        "text": "\/poll \"Poll question?\" \"Option1\" \"Option2\" \"Option3\"",
        "ts": "1467802281.000003"
    },
    {
        "user": "U0F99SB50",
        "inviter": "U0D0R0D4P",
        "type": "message",
        "subtype": "channel_join",
        "text": "<@U0F99SB50|poll-subcurrent> has joined the channel",
        "ts": "1467802361.000005"
    },
    {
        "type": "message",
        "user": "U0F99SB50",
        "text": "<@U0D0R0D4P|muyyd> used `\/poll`!\nVote using the emoji reactions below. View results <https:\/\/app.polly.ai\/slackvote\/cx4pvJyXEgysGbjbX|in your browser>",
        "bot_id": "B0F968MDZ",
        "attachments": [
            {
                "fallback": "Where should we go for lunch?",
                "text": "Total Votes: 3",
                "title": "Where should we go for lunch?",
                "id": 1,
                "color": "008cba",
                "fields": [
                    {
                        "title": "",
                        "value": "\n",
                        "short": false
                    },
                    {
                        "title": "",
                        "value": ":one: Subway\n   :speak_no_evil:  0%",
                        "short": false
                    },
                    {
                        "title": "",
                        "value": ":two: That burrito place\n   :thumbsup::thumbsup::thumbsup:  100%",
                        "short": false
                    },
                    {
                        "title": "",
                        "value": ":three: The micro kitchen\n   :hear_no_evil:  0%",
                        "short": false
                    }
                ],
                "mrkdwn_in": [
                    "fields"
                ]
            }
        ],
        "edited": {
            "user": "U0F99SB50",
            "ts": "1469089538.000000"
        },
        "ts": "1467802370.000006",
        "reactions": [
            {
                "name": "one",
                "users": [
                    "U0F99SB50"
                ],
                "count": 1
            },
            {
                "name": "two",
                "users": [
                    "U0F99SB50",
                    "U0FD5HC1F",
                    "U0D0R0D4P",
                    "U1BJD7KSR"
                ],
                "count": 4
            },
            {
                "name": "three",
                "users": [
                    "U0F99SB50"
                ],
                "count": 1
            },
            {
                "name": "baphomet",
                "users": [
                    "U0HJ93C3B"
                ],
                "count": 1
            }
        ]
    },
    {
        "type": "message",
        "user": "U0FD5HC1F",
        "text": "???",
        "ts": "1467802455.000007"
    },
    {
        "type": "message",
        "user": "U0FD5HC1F",
        "text": "\u0442\u0440\u0435\u043d\u0438\u0440\u043e\u0432\u0430\u043b\u0441\u044f \u043e\u043f\u0440\u043e\u0441 \u0434\u0435\u043b\u0430\u0442\u044c \u0447\u0442\u043e \u043b\u0438?",
        "ts": "1467803564.000008"
    },
    {
        "type": "message",
        "user": "U0D0R0D4P",
        "text": "\u0414\u0430",
        "ts": "1467803639.000009"
    },
    {
        "type": "message",
        "user": "U0F6P8JAG",
        "text": "\u0415\u0441\u0442\u044c \u043e\u0442\u0434\u0435\u043b\u044c\u043d\u044b\u0439 \u043a\u0430\u043d\u0430\u043b <#C0G2WTD2Q> \u0434\u043b\u044f \u0442\u0430\u043a\u043e\u0433\u043e. (\u043d\u0435 \u0442\u043e \u0447\u0442\u043e\u0431\u044b \u043c\u0435\u043d\u044f \u044d\u0442\u0438 \u0441\u043e\u043e\u0431\u0449\u0435\u043d\u0438\u044f \u043a\u0430\u043a-\u0442\u043e \u043e\u0441\u043e\u0431\u043e \u043d\u0430\u043f\u0440\u044f\u0433\u043b\u0438, \u043d\u043e \u043f\u043e\u0447\u0435\u043c\u0443 \u0431\u044b \u043d\u0435 \u0432\u043e\u0441\u043f\u043e\u043b\u044c\u0437\u043e\u0432\u0430\u0442\u044c\u0441\u044f \u043f\u043e\u0432\u043e\u0434\u043e\u043c \u0441\u043e\u043e\u0431\u0449\u0438\u0442\u044c)",
        "ts": "1467805227.000011"
    },
    {
        "type": "message",
        "user": "U0D0R0D4P",
        "text": "\u041d\u0435\u0441\u043a\u043e\u043b\u044c\u043a\u043e \u0440\u0430\u0437 \u043f\u0440\u043e\u0441\u043c\u0430\u0442\u0440\u0438\u0432\u0430\u043b \u0441\u043f\u0438\u0441\u043e\u043a \u043a\u0430\u043d\u0430\u043b\u043e\u0432 \u0438 \u043d\u0438 \u0440\u0430\u0437\u0443 \u043d\u0435 \u0437\u0430\u043c\u0435\u0447\u0430\u043b :shrug:",
        "ts": "1467805421.000012"
    },
    {
        "type": "message",
        "user": "U0D0R0D4P",
        "text": "\u0421\u0435\u0439\u0447\u0430\u0441, \u043a\u043e\u043d\u0435\u0447\u043d\u043e, \u0443\u0432\u0438\u0434\u0435\u043b.",
        "ts": "1467805436.000013"
    },
    {
        "type": "message",
        "user": "U0D0R0D4P",
        "text": "\u041c\u043d\u0435, \u043a\u0441\u0442\u0430\u0442\u0438,  That burrito place, \u0442\u043e\u0436\u0435 \u043a\u0430\u0436\u0435\u0442\u0441\u044f \u043f\u0440\u0438\u0432\u043b\u0435\u043a\u0430\u0442\u0435\u043b\u044c\u043d\u0435\u0439. \u041d\u0430\u0432\u0435\u0440\u043d\u043e\u0435, \u043f\u043e\u0442\u043e\u043c\u0443 \u0447\u0442\u043e \u0431\u043e\u043b\u044c\u0448\u0435 \u0441\u0432\u044f\u0437\u0430\u043d\u043e \u0441 \u0435\u0434\u043e\u0439.",
        "ts": "1467805572.000014"
    },
    {
        "type": "message",
        "user": "U0FD5HC1F",
        "text": "Subway \u044d\u0442\u043e \u0442\u043e\u0436\u0435 \u043d\u0435 \u0442\u043e\u043b\u044c\u043a\u043e \u043c\u0435\u0442\u0440\u043e, \u043d\u043e \u0438 \u0441\u0435\u0442\u044c \u0435\u0434\u044b.",
        "ts": "1467808130.000016"
    },
    {
        "type": "message",
        "user": "U0D0R0D4P",
        "text": "\u041d\u043e \u0431\u0443\u0440\u0438\u0442\u043e - \u043d\u0435\u043f\u043e\u0441\u0440\u0435\u0434\u0441\u0442\u0432\u0435\u043d\u043d\u0430\u044f \u0435\u0434\u0430.",
        "ts": "1467808219.000017"
    }
]