[
    {
        "type": "message",
        "user": "U0G8DRB40",
        "text": "<http:\/\/i64.tinypic.com\/241p6yx.jpg>",
        "attachments": [
            {
                "fallback": "558x1599px image",
                "image_url": "http:\/\/i64.tinypic.com\/241p6yx.jpg",
                "image_width": 558,
                "image_height": 1599,
                "image_bytes": 165086,
                "from_url": "http:\/\/i64.tinypic.com\/241p6yx.jpg",
                "id": 1
            }
        ],
        "ts": "1457319661.000013"
    },
    {
        "type": "message",
        "user": "U0G8DRB40",
        "text": "\u0447\u0435\u0441\u0442\u043d\u043e \u0443\u043a\u0440\u0430\u0434\u0435\u043d\u043e \u0441 \u0434\u0436\u043e\u0439\u0440\u0435\u0430\u043a\u0442\u043e\u0440\u0430, \u043d\u0435 \u0441\u043c\u043e\u0433 \u0443\u0441\u0442\u043e\u044f\u0442\u044c\n <http:\/\/joyreactor.cc\/post\/2502264>",
        "ts": "1457319708.000015"
    },
    {
        "type": "message",
        "user": "U0G8DRB40",
        "text": "\u0432 \u043a\u043e\u043c\u043c\u0435\u043d\u0442\u0430\u0445 \u0442\u043e\u0436\u0435 \u0433\u043e\u0434\u043d\u043e\u0442\u0430:",
        "ts": "1457319791.000016"
    },
    {
        "type": "message",
        "user": "U0G8DRB40",
        "text": "<http:\/\/i67.tinypic.com\/vdnujb.jpg>",
        "attachments": [
            {
                "fallback": "640x1440px image",
                "image_url": "http:\/\/i67.tinypic.com\/vdnujb.jpg",
                "image_width": 640,
                "image_height": 1440,
                "image_bytes": 122358,
                "from_url": "http:\/\/i67.tinypic.com\/vdnujb.jpg",
                "id": 1
            }
        ],
        "ts": "1457320031.000022"
    }
]