[
    {
        "type": "message",
        "user": "U0FD5HC1F",
        "text": "<https:\/\/www.youtube.com\/watch?v=ssugIQa0pBU&amp;feature=youtu.be>",
        "attachments": [
            {
                "service_name": "YouTube",
                "service_url": "https:\/\/www.youtube.com\/",
                "title": "School bus in Mongolia \/ \u0428\u043a\u043e\u043b\u044c\u043d\u044b\u0439 \u0430\u0432\u0442\u043e\u0431\u0443\u0441 \u0432 \u041c\u043e\u043d\u0433\u043e\u043b\u0438\u0438",
                "title_link": "https:\/\/www.youtube.com\/watch?v=ssugIQa0pBU&amp;feature=youtu.be",
                "author_name": "Dima M.",
                "author_link": "https:\/\/www.youtube.com\/channel\/UCycj-RMp6yxtJqhf9gPYPVA",
                "thumb_url": "https:\/\/i.ytimg.com\/vi\/ssugIQa0pBU\/hqdefault.jpg",
                "thumb_width": 480,
                "thumb_height": 360,
                "fallback": "YouTube Video: School bus in Mongolia \/ \u0428\u043a\u043e\u043b\u044c\u043d\u044b\u0439 \u0430\u0432\u0442\u043e\u0431\u0443\u0441 \u0432 \u041c\u043e\u043d\u0433\u043e\u043b\u0438\u0438",
                "video_html": "<iframe width=\"400\" height=\"300\" src=\"https:\/\/www.youtube.com\/embed\/ssugIQa0pBU?feature=oembed&autoplay=1&iv_load_policy=3\" frameborder=\"0\" allowfullscreen><\/iframe>",
                "video_html_width": 400,
                "video_html_height": 300,
                "from_url": "https:\/\/www.youtube.com\/watch?v=ssugIQa0pBU&amp;feature=youtu.be",
                "service_icon": "https:\/\/a.slack-edge.com\/2089\/img\/unfurl_icons\/youtube.png",
                "id": 1
            }
        ],
        "ts": "1473016833.000004",
        "reactions": [
            {
                "name": "flushed",
                "users": [
                    "U0GQ50ESU",
                    "U0HJ93C3B"
                ],
                "count": 2
            }
        ]
    }
]