[
    {
        "type": "message",
        "user": "U0D0R0D4P",
        "text": "<https:\/\/lesswrongru.slack.com\/archives\/admins\/p1451771346000575>",
        "attachments": [
            {
                "color": "4D394B",
                "from_url": "https:\/\/lesswrongru.slack.com\/archives\/admins\/p1451771346000575",
                "fallback": "[January 2nd, 2016 1:49 PM] netochka-nezvanova: \u043f\u043f\u0446 \u043c\u043e\u0434\u0435\u0440\u0430\u0441\u0442\u044b \u0442\u0435\u043f\u0435\u0440\u044c \u0443\u0434\u043e\u043b\u044f\u044e\u0442 \u0438 \u0434\u0430\u0436\u0435 \u0432 \u043a\u0435\u043e\u0441 \u043d\u0435 \u0441\u043a\u043b\u0430\u0434\u044b\u0432\u0430\u044e\u0442, \u043e\u0445\u0443\u0435\u0442\u044c \u043f\u0440\u043e\u0441\u0442\u043e",
                "author_subname": "netochka-nezvanova",
                "ts": "1451771346.000575",
                "text": "\u043f\u043f\u0446 \u043c\u043e\u0434\u0435\u0440\u0430\u0441\u0442\u044b \u0442\u0435\u043f\u0435\u0440\u044c \u0443\u0434\u043e\u043b\u044f\u044e\u0442 \u0438 \u0434\u0430\u0436\u0435 \u0432 \u043a\u0435\u043e\u0441 \u043d\u0435 \u0441\u043a\u043b\u0430\u0434\u044b\u0432\u0430\u044e\u0442, \u043e\u0445\u0443\u0435\u0442\u044c \u043f\u0440\u043e\u0441\u0442\u043e",
                "author_name": "\u041d\u0435\u0442\u043e\u0447\u043a\u0430 \u041d\u0435\u0437\u0432\u0430\u043d\u043e\u0432\u0430",
                "author_link": "https:\/\/lesswrongru.slack.com\/team\/netochka-nezvanova",
                "author_icon": "https:\/\/secure.gravatar.com\/avatar\/9b0868543591a528f3c39136447fc94d.jpg?s=48&d=https%3A%2F%2Fslack.global.ssl.fastly.net%2F66f9%2Fimg%2Favatars%2Fava_0003-48.png",
                "mrkdwn_in": [
                    "text"
                ],
                "id": 1
            }
        ],
        "ts": "1451771418.000143"
    },
    {
        "type": "message",
        "user": "U0D0R0D4P",
        "text": "<https:\/\/lesswrongru.slack.com\/archives\/admins\/p1451772244000603>",
        "attachments": [
            {
                "color": "4D394B",
                "from_url": "https:\/\/lesswrongru.slack.com\/archives\/admins\/p1451772244000603",
                "fallback": "[January 2nd, 2016 2:04 PM] netochka-nezvanova: \u043f\u043e\u0445\u0443\u0439",
                "author_subname": "netochka-nezvanova",
                "ts": "1451772244.000603",
                "text": "\u043f\u043e\u0445\u0443\u0439",
                "author_name": "\u041d\u0435\u0442\u043e\u0447\u043a\u0430 \u041d\u0435\u0437\u0432\u0430\u043d\u043e\u0432\u0430",
                "author_link": "https:\/\/lesswrongru.slack.com\/team\/netochka-nezvanova",
                "author_icon": "https:\/\/secure.gravatar.com\/avatar\/9b0868543591a528f3c39136447fc94d.jpg?s=48&d=https%3A%2F%2Fslack.global.ssl.fastly.net%2F66f9%2Fimg%2Favatars%2Fava_0003-48.png",
                "mrkdwn_in": [
                    "text"
                ],
                "id": 1
            }
        ],
        "ts": "1451772289.000145"
    }
]