[
    {
        "type": "message",
        "subtype": "file_share",
        "text": "<@U0F6P8JAG|berekuk> uploaded a file: <https:\/\/lesswrongru.slack.com\/files\/berekuk\/F2FP1QAA3\/kvartira-moskva-prospekt-60letiya-oktyabrya-163143222-1.jpg|kvartira-moskva-prospekt-60letiya-oktyabrya-163143222-1.jpg> and commented: \u0417\u0430 \u0441\u043a\u043e\u043b\u044c\u043a\u043e \u0441\u0435\u043a\u0443\u043d\u0434 \u0432\u044b \u043f\u043e\u043d\u044f\u043b\u0438, \u0447\u0442\u043e \u0438\u0437\u043e\u0431\u0440\u0430\u0436\u0435\u043d\u043e \u043d\u0430 \u0444\u043e\u0442\u043a\u0435?",
        "file": {
            "id": "F2FP1QAA3",
            "created": 1474842276,
            "timestamp": 1474842276,
            "name": "kvartira-moskva-prospekt-60letiya-oktyabrya-163143222-1.jpg",
            "title": "kvartira-moskva-prospekt-60letiya-oktyabrya-163143222-1.jpg",
            "mimetype": "image\/jpeg",
            "filetype": "jpg",
            "pretty_type": "JPEG",
            "user": "U0F6P8JAG",
            "editable": false,
            "size": 359774,
            "mode": "hosted",
            "is_external": false,
            "external_type": "",
            "is_public": true,
            "public_url_shared": false,
            "display_as_bot": false,
            "username": "",
            "url_private": "https:\/\/files.slack.com\/files-pri\/T0CTD4Q0K-F2FP1QAA3\/kvartira-moskva-prospekt-60letiya-oktyabrya-163143222-1.jpg?t=xoxe-12931160019-103607625319-102215183440-059257f7d7",
            "url_private_download": "https:\/\/files.slack.com\/files-pri\/T0CTD4Q0K-F2FP1QAA3\/download\/kvartira-moskva-prospekt-60letiya-oktyabrya-163143222-1.jpg?t=xoxe-12931160019-103607625319-102215183440-059257f7d7",
            "thumb_64": "https:\/\/files.slack.com\/files-tmb\/T0CTD4Q0K-F2FP1QAA3-6f86ee6ba7\/kvartira-moskva-prospekt-60letiya-oktyabrya-163143222-1_64.jpg?t=xoxe-12931160019-103607625319-102215183440-059257f7d7",
            "thumb_80": "https:\/\/files.slack.com\/files-tmb\/T0CTD4Q0K-F2FP1QAA3-6f86ee6ba7\/kvartira-moskva-prospekt-60letiya-oktyabrya-163143222-1_80.jpg?t=xoxe-12931160019-103607625319-102215183440-059257f7d7",
            "thumb_360": "https:\/\/files.slack.com\/files-tmb\/T0CTD4Q0K-F2FP1QAA3-6f86ee6ba7\/kvartira-moskva-prospekt-60letiya-oktyabrya-163143222-1_360.jpg?t=xoxe-12931160019-103607625319-102215183440-059257f7d7",
            "thumb_360_w": 360,
            "thumb_360_h": 269,
            "thumb_480": "https:\/\/files.slack.com\/files-tmb\/T0CTD4Q0K-F2FP1QAA3-6f86ee6ba7\/kvartira-moskva-prospekt-60letiya-oktyabrya-163143222-1_480.jpg?t=xoxe-12931160019-103607625319-102215183440-059257f7d7",
            "thumb_480_w": 480,
            "thumb_480_h": 359,
            "thumb_160": "https:\/\/files.slack.com\/files-tmb\/T0CTD4Q0K-F2FP1QAA3-6f86ee6ba7\/kvartira-moskva-prospekt-60letiya-oktyabrya-163143222-1_160.jpg?t=xoxe-12931160019-103607625319-102215183440-059257f7d7",
            "thumb_720": "https:\/\/files.slack.com\/files-tmb\/T0CTD4Q0K-F2FP1QAA3-6f86ee6ba7\/kvartira-moskva-prospekt-60letiya-oktyabrya-163143222-1_720.jpg?t=xoxe-12931160019-103607625319-102215183440-059257f7d7",
            "thumb_720_w": 720,
            "thumb_720_h": 538,
            "thumb_960": "https:\/\/files.slack.com\/files-tmb\/T0CTD4Q0K-F2FP1QAA3-6f86ee6ba7\/kvartira-moskva-prospekt-60letiya-oktyabrya-163143222-1_960.jpg?t=xoxe-12931160019-103607625319-102215183440-059257f7d7",
            "thumb_960_w": 960,
            "thumb_960_h": 717,
            "thumb_1024": "https:\/\/files.slack.com\/files-tmb\/T0CTD4Q0K-F2FP1QAA3-6f86ee6ba7\/kvartira-moskva-prospekt-60letiya-oktyabrya-163143222-1_1024.jpg?t=xoxe-12931160019-103607625319-102215183440-059257f7d7",
            "thumb_1024_w": 1024,
            "thumb_1024_h": 765,
            "image_exif_rotation": 1,
            "original_w": 1280,
            "original_h": 956,
            "permalink": "https:\/\/lesswrongru.slack.com\/files\/berekuk\/F2FP1QAA3\/kvartira-moskva-prospekt-60letiya-oktyabrya-163143222-1.jpg",
            "permalink_public": "https:\/\/slack-files.com\/T0CTD4Q0K-F2FP1QAA3-2c7d404cc5",
            "channels": [
                "C0GKHDHC3"
            ],
            "groups": [
    
            ],
            "ims": [
    
            ],
            "comments_count": 1,
            "initial_comment": {
                "id": "Fc2FNN42MA",
                "created": 1474842276,
                "timestamp": 1474842276,
                "user": "U0F6P8JAG",
                "is_intro": true,
                "comment": "\u0417\u0430 \u0441\u043a\u043e\u043b\u044c\u043a\u043e \u0441\u0435\u043a\u0443\u043d\u0434 \u0432\u044b \u043f\u043e\u043d\u044f\u043b\u0438, \u0447\u0442\u043e \u0438\u0437\u043e\u0431\u0440\u0430\u0436\u0435\u043d\u043e \u043d\u0430 \u0444\u043e\u0442\u043a\u0435?",
                "channel": ""
            }
        },
        "user": "U0F6P8JAG",
        "upload": true,
        "display_as_bot": false,
        "username": "<@U0F6P8JAG|berekuk>",
        "bot_id": null,
        "ts": "1474842280.000082"
    },
    {
        "type": "message",
        "user": "U1BJD7KSR",
        "text": "1-2",
        "ts": "1474843805.000083",
        "reactions": [
            {
                "name": "heavy_plus_sign",
                "users": [
                    "U0H1U59BL"
                ],
                "count": 1
            }
        ]
    },
    {
        "type": "message",
        "user": "U1LRY0CV6",
        "text": "5",
        "ts": "1474853903.000084"
    }
]