[
    {
        "type": "message",
        "user": "U0D0R0D4P",
        "text": "<http:\/\/img-9gag-fun.9cache.com\/photo\/aEnmnzO_460s_v1.jpg>",
        "attachments": [
            {
                "fallback": "460x453px image",
                "image_url": "http:\/\/img-9gag-fun.9cache.com\/photo\/aEnmnzO_460s_v1.jpg",
                "image_width": 460,
                "image_height": 453,
                "image_bytes": 56401,
                "from_url": "http:\/\/img-9gag-fun.9cache.com\/photo\/aEnmnzO_460s_v1.jpg",
                "id": 1
            }
        ],
        "ts": "1475740691.000155",
        "reactions": [
            {
                "name": "chocolate_bar",
                "users": [
                    "U1LRY0CV6"
                ],
                "count": 1
            }
        ]
    },
    {
        "type": "message",
        "user": "U0D0R0D4P",
        "text": "\u041a\u0430\u043a\u0438\u0435-\u0442\u043e \u0432\u0431\u0440\u043e\u0441\u044b \u043d\u0435\u043f\u043e\u043d\u044f\u0442\u043d\u044b\u0435",
        "ts": "1475740701.000157"
    },
    {
        "user": "U0G8VK9SQ",
        "text": "<@U0G8VK9SQ|whaf> has left the channel",
        "type": "message",
        "subtype": "channel_leave",
        "ts": "1475740777.000158"
    },
    {
        "type": "message",
        "user": "U0G0PFDST",
        "text": "<https:\/\/www.youtube.com\/watch?v=xg29TuWo0Yo>",
        "attachments": [
            {
                "service_name": "YouTube",
                "service_url": "https:\/\/www.youtube.com\/",
                "title": "Live Forever As You Are Now With Alan Resnick | Infomercials | Adult Swim",
                "title_link": "https:\/\/www.youtube.com\/watch?v=xg29TuWo0Yo",
                "author_name": "Adult Swim",
                "author_link": "https:\/\/www.youtube.com\/user\/adultswim",
                "thumb_url": "https:\/\/i.ytimg.com\/vi\/xg29TuWo0Yo\/hqdefault.jpg",
                "thumb_width": 480,
                "thumb_height": 360,
                "fallback": "YouTube Video: Live Forever As You Are Now With Alan Resnick | Infomercials | Adult Swim",
                "video_html": "<iframe width=\"400\" height=\"225\" src=\"https:\/\/www.youtube.com\/embed\/xg29TuWo0Yo?feature=oembed&autoplay=1&iv_load_policy=3\" frameborder=\"0\" allowfullscreen><\/iframe>",
                "video_html_width": 400,
                "video_html_height": 225,
                "from_url": "https:\/\/www.youtube.com\/watch?v=xg29TuWo0Yo",
                "service_icon": "https:\/\/a.slack-edge.com\/2089\/img\/unfurl_icons\/youtube.png",
                "id": 1
            }
        ],
        "ts": "1475783451.000159"
    }
]