[
    {
        "type": "message",
        "user": "U0D0R0D4P",
        "text": "\u041d\u0435\u043c\u043d\u043e\u0433\u043e \u043e \u0442\u043e\u043c, \u0447\u0442\u043e \u044f \u0431\u044b *\u043e\u0447\u0435\u043d\u044c* \u043d\u0435 \u0445\u043e\u0442\u0435\u043b \u0443\u0432\u0438\u0434\u0435\u0442\u044c \u0443\u0442\u0440\u043e\u043c (\u0438\u043b\u0438 \u0432\u0435\u0447\u0435\u0440\u043e\u043c).",
        "ts": "1454502444.000002"
    },
    {
        "type": "message",
        "user": "U0D0R0D4P",
        "text": "<http:\/\/cs8.pikabu.ru\/post_img\/2016\/02\/03\/6\/1454487171183616435.jpg>",
        "attachments": [
            {
                "fallback": "600x885px image",
                "image_url": "http:\/\/cs8.pikabu.ru\/post_img\/2016\/02\/03\/6\/1454487171183616435.jpg",
                "image_width": 600,
                "image_height": 885,
                "image_bytes": 61248,
                "from_url": "http:\/\/cs8.pikabu.ru\/post_img\/2016\/02\/03\/6\/1454487171183616435.jpg",
                "id": 1
            }
        ],
        "ts": "1454502447.000003"
    },
    {
        "type": "message",
        "user": "U0FD5HC1F",
        "text": "\u041a\u0432\u0438\u0440\u0440\u0435\u043b\u043b \u0431\u044b \u0441\u043a\u0430\u0437\u0430\u043b:\n- \u041c\u0438\u0441\u0442\u0435\u0440 \u041f\u043e\u0442\u0442\u0435\u0440, \u043a\u0430\u043a \u0432\u044b \u0434\u0443\u043c\u0430\u0435\u0442\u0435, \u043d\u0430\u0441\u043a\u043e\u043b\u044c\u043a\u043e \u0440\u0430\u0437\u0443\u043c\u043d\u043e \u0434\u0435\u043b\u0438\u0442\u044c\u0441\u044f \u0441\u0432\u043e\u0438\u043c\u0438 \u0441\u0442\u0440\u0430\u0445\u0430\u043c\u0438 \u0441 \u043e\u043a\u0440\u0443\u0436\u0430\u044e\u0449\u0438\u043c\u0438?",
        "ts": "1454504826.000005"
    },
    {
        "type": "message",
        "user": "U0D0R0D4P",
        "text": "<https:\/\/www.fanfiction.net\/s\/9491829\/1\/Enslavement-of-a-Hero-Part-II-Prince-Family-Prophecy>",
        "ts": "1454541319.000006"
    },
    {
        "type": "message",
        "user": "U0D0R0D4P",
        "text": "Severus is Potter's slave, and the future King. Will Harry accept his role, or will they continue to resist forces they cannot fight? Wives, children, and in-laws add to their complications. Potter's inexperience causes problems, and Snape's attitude often gets him into trouble. - spanking\/cp of adults",
        "ts": "1454541362.000007"
    },
    {
        "type": "message",
        "user": "U0D0R0D4P",
        "text": "\u042f \u0434\u0443\u043c\u0430\u043b, \u043c\u0435\u043d\u044f \u0443\u0436\u0435 \u043d\u0438\u0447\u0435\u043c \u043d\u0435 \u0443\u0434\u0438\u0432\u0438\u0442\u044c.",
        "ts": "1454541423.000008"
    }
]