[
    {
        "type": "message",
        "user": "U0FGKCY31",
        "text": "\u0410 \u043d\u0435\u043f\u043b\u043e\u0445\u043e \u043d\u0430\u043f\u0438\u0441\u0430\u043d\u043e:\n<https:\/\/lurkmore.to\/\u041a\u043e\u0433\u043d\u0438\u0442\u0438\u0432\u043d\u0430\u044f_\u043f\u0441\u0438\u0445\u043e\u043b\u043e\u0433\u0438\u044f>\n(\u043a\u0440\u043e\u043c\u0435 \u043d\u0435\u043e\u0434\u043d\u043e\u0437\u043d\u0430\u0447\u043d\u043e\u0433\u043e \u043b\u0443\u0440\u043a\u043c\u043e\u0440\u043e\u0432\u0441\u043a\u043e\u0433\u043e \u0441\u0442\u0438\u043b\u044f \u043a\u043e\u043d\u0435\u0447\u043d\u043e)",
        "ts": "1463130392.000002"
    },
    {
        "type": "message",
        "user": "U0D0R0D4P",
        "text": "<http:\/\/pikabu.ru\/story\/vezde_obman_4197010#comment_65730973>",
        "ts": "1463162685.000003",
        "reactions": [
            {
                "name": "-1::skin-tone-2",
                "users": [
                    "U0FD5HC1F"
                ],
                "count": 1
            }
        ]
    },
    {
        "type": "message",
        "user": "U0F6P8JAG",
        "text": "<https:\/\/twitter.com\/Sc00bzT\/status\/730903007014076416>\n\u041b\u043e\u043b. (\u0447\u0438\u0442\u0430\u0442\u044c \u0441\u0432\u0435\u0440\u0445\u0443, \u0442\u0440\u0438 \u0442\u0432\u0438\u0442\u0430 \u0432\u044b\u0448\u0435 \u043f\u043e\u0434\u0441\u0432\u0435\u0447\u0435\u043d\u043d\u043e\u0433\u043e \u0438 \u043e\u0434\u0438\u043d \u043d\u0438\u0436\u0435)",
        "attachments": [
            {
                "fallback": "<https:\/\/twitter.com\/Sc00bzT|@Sc00bzT>: <https:\/\/twitter.com\/DefuseSec|@DefuseSec> Did I just win? <https:\/\/github.com\/defuse\/defuse.ca\/blob\/4770ad5c9d4851d40811c77b944f391aedbcf5d9\/src\/pages\/security-contact-vulnerability-disclosure.php#L27>",
                "ts": 1463095831,
                "author_name": "Steve",
                "author_link": "https:\/\/twitter.com\/Sc00bzT\/status\/730903007014076416",
                "author_icon": "https:\/\/pbs.twimg.com\/profile_images\/2361861686\/hapk1b9gxkavg9lkap2f_normal.jpeg",
                "author_subname": "@Sc00bzT",
                "text": "<https:\/\/twitter.com\/DefuseSec|@DefuseSec> Did I just win? <https:\/\/github.com\/defuse\/defuse.ca\/blob\/4770ad5c9d4851d40811c77b944f391aedbcf5d9\/src\/pages\/security-contact-vulnerability-disclosure.php#L27>",
                "service_name": "twitter",
                "service_url": "https:\/\/twitter.com\/",
                "from_url": "https:\/\/twitter.com\/Sc00bzT\/status\/730903007014076416",
                "id": 1,
                "footer": "Twitter",
                "footer_icon": "https:\/\/a.slack-edge.com\/6e067\/img\/services\/twitter_pixel_snapped_32.png"
            }
        ],
        "ts": "1463169975.000004",
        "reactions": [
            {
                "name": "laughing",
                "users": [
                    "U0FD5HC1F",
                    "U0H1U59BL"
                ],
                "count": 2
            }
        ]
    }
]