[
    {
        "type": "message",
        "user": "U0H1U59BL",
        "text": "<https:\/\/www.reddit.com\/r\/fatlogic\/comments\/2oxdz6\/fatlogic_on_a_site_devoted_to_logic_lesswrong\/>",
        "attachments": [
            {
                "service_name": "reddit",
                "title": "Fatlogic on a site devoted to logic! LessWrong founder Eliezer Yudkowsky is a calorie denier! \u2022 \/r\/fatlogic",
                "title_link": "https:\/\/www.reddit.com\/r\/fatlogic\/comments\/2oxdz6\/fatlogic_on_a_site_devoted_to_logic_lesswrong\/",
                "text": "47 points and 37 comments so far on reddit",
                "fallback": "reddit: Fatlogic on a site devoted to logic! LessWrong founder Eliezer Yudkowsky is a calorie denier! \u2022 \/r\/fatlogic",
                "thumb_url": "http:\/\/b.thumbs.redditmedia.com\/MgXOg9KsaYUaePbt4m0wfD3y0yfzZE2__bS18B8v3Yg.jpg",
                "from_url": "https:\/\/www.reddit.com\/r\/fatlogic\/comments\/2oxdz6\/fatlogic_on_a_site_devoted_to_logic_lesswrong\/",
                "thumb_width": 140,
                "thumb_height": 37,
                "service_icon": "https:\/\/www.reddit.com\/favicon.ico",
                "id": 1
            }
        ],
        "ts": "1470593806.000063"
    },
    {
        "type": "message",
        "user": "U0D0R0D4P",
        "text": "\u0423\u0447\u0435\u043d\u044b\u0435 \u0438\u0437\u043d\u0430\u0441\u0438\u043b\u043e\u0432\u0430\u043b\u0438 \u0436\u0443\u0440\u043d\u0430\u043b\u0438\u0441\u0442\u0430.",
        "ts": "1470595314.000065"
    },
    {
        "type": "message",
        "user": "U0D0R0D4P",
        "text": "\u0412 \u043a\u043e\u043c\u043c\u0435\u043d\u0442\u0430\u0445 \u043f\u0440\u043e\u0441\u0442\u043e \u043e\u0440\u0433\u0438\u044f. ",
        "ts": "1470595628.000066"
    },
    {
        "type": "message",
        "user": "U0D0R0D4P",
        "text": "\u0415\u0449\u0435 \u043b\u0443\u0447\u0448\u0435. \u042e\u0434\u043a\u043e\u0432\u0441\u043a\u0438\u0439 \u0438\u0437\u043d\u0430\u0441\u0438\u043b\u043e\u0432\u0430\u043b \u0442\u0435\u0440\u043c\u043e\u0434\u0438\u043d\u0430\u043c\u0438\u043a\u0443.",
        "ts": "1470595816.000067"
    },
    {
        "type": "message",
        "user": "U0D0R0D4P",
        "text": "\u0411\u043e\u043b\u0435\u0435 \u0442\u0435\u0445\u043d\u0438\u0447\u0435\u0441\u043a\u0438. \u0418\u043c\u043f\u043b\u0438\u0446\u0438\u0442\u043d\u044b\u0435 \u0441\u043c\u044b\u0441\u043b\u044b \u0432\u043a\u043b\u0430\u0434\u044b\u0432\u0430\u0435\u043c\u044b\u0435 \u042e\u0434\u043a\u043e\u0432\u0441\u043a\u0438\u043c \u0440\u0430\u0437\u043e\u0448\u043b\u0438\u0441\u044c \u0441 \u0442\u0435\u043c, \u0447\u0442\u043e \u0443\u0432\u0438\u0434\u0435\u043b\u0438 \u0440\u0435\u0434\u0434\u0438\u0442\u0435\u0440\u044b. \u041a\u043e\u0442\u043e\u0440\u044b\u0435, \u0432\u043e\u0437\u043c\u043e\u0436\u043d\u043e, \u043f\u043e\u0434\u0432\u0435\u0440\u0433\u043b\u0438\u0441\u044c \u043f\u0440\u0430\u0439\u043c\u0438\u043d\u0433\u0443 \u043e\u0442 \u0437\u0430\u0433\u043e\u043b\u043e\u0432\u043a\u0430.",
        "ts": "1470596180.000068"
    }
]