[
    {
        "type": "message",
        "user": "U0D0R0D4P",
        "text": "amy's baking company",
        "ts": "1453902245.000028"
    },
    {
        "type": "message",
        "user": "U0D0R0D4P",
        "text": "\u042f \u0437\u0430\u043c\u0435\u0442\u0438\u043b \u044f\u0432\u043d\u043e \u0432\u044b\u0440\u0430\u0436\u0435\u043d\u043d\u0443\u044e MPF (mind projection fallacy), fallacies of compression \u0438 \u0442\u043e, \u043a\u0430\u043a \u043c\u043d\u043e\u0433\u043e \u043f\u0440\u043e\u0431\u043b\u0435\u043c \u0432\u044b\u0437\u044b\u0432\u0430\u0435\u0442 \u044d\u0432\u0440\u0438\u0441\u0442\u0438\u043a\u0430 \u043e\u0436\u0438\u0434\u0430\u043d\u0438\u044f \u043a\u043e\u0440\u043e\u0442\u043a\u0438\u0445 \u043f\u043e\u043d\u044f\u0442\u0438\u0439\u043d\u044b\u0445 \u0440\u0430\u0441\u0441\u0442\u043e\u044f\u043d\u0438\u0439. \u0414\u0443\u043c\u0430\u044e, \u0442\u0430\u043a\u0438\u0435 \u0448\u043e\u0443, \u043f\u0440\u0438 \u0443\u0441\u043b\u043e\u0432\u0438\u0438, \u0447\u0442\u043e \u043e\u043d\u0438 \u043d\u0435 \u043f\u043e\u0441\u0442\u0430\u043d\u043e\u0432\u043e\u0447\u043d\u044b\u0435, \u043c\u043e\u0433\u0443\u0442 \u043f\u0440\u0435\u0434\u0441\u0442\u0430\u0432\u043b\u044f\u0442\u044c \u0434\u043b\u044f \u043d\u0430\u0441 \u0438\u043d\u0442\u0435\u0440\u0435\u0441 \u0432 \u043a\u0430\u0447\u0435\u0441\u0442\u0432\u0435 study case examples.",
        "edited": {
            "user": "U0D0R0D4P",
            "ts": "1453904979.000000"
        },
        "ts": "1453902449.000029"
    },
    {
        "type": "message",
        "user": "U0D0R0D4P",
        "text": "\u0418, \u043a\u0441\u0442\u0430\u0442\u0438 \u0433\u043e\u0432\u043e\u0440\u044f, \u043d\u0430\u043c \u0441\u0442\u043e\u0438\u0442 \u0442\u0430\u043a \u0436\u0435 \u0432\u043d\u0438\u043c\u0430\u0442\u0435\u043b\u044c\u043d\u0435\u0439 \u043e\u0442\u043d\u0435\u0441\u0442\u0438\u0441\u044c \u043a \u044f\u0437\u044b\u043a\u0443, \u043a\u043e\u0442\u043e\u0440\u044b\u043c \u0430\u043a\u0442\u0438\u0432\u043d\u043e \u0432\u043b\u0430\u0434\u0435\u044e\u0442 \u043d\u0435\u043a\u043e\u0442\u043e\u0440\u044b\u0435 \u043b\u044e\u0434\u0438. \u0415\u0441\u043b\u0438 \u0432\u044b \u043f\u043e\u0441\u043c\u043e\u0442\u0440\u0438\u0442\u0435 \u043d\u0430 \u0442\u043e _\u043a\u0430\u043a_ \u0432\u0435\u0434\u0435\u0442 \u0441\u0435\u0431\u044f \u042d\u043c\u0438, \u0442\u043e \u043f\u043e\u0439\u043c\u0435\u0442\u0435, \u0447\u0442\u043e \u0441\u043f\u043e\u0441\u043e\u0431\u043d\u043e\u0441\u0442\u044c \u043e\u043f\u0438\u0441\u044b\u0432\u0430\u0442\u044c \u0442\u0430\u043a\u043e\u0435 \u043f\u043e\u0432\u0435\u0434\u0435\u043d\u0438\u0435 \u043a\u0430\u043a passionate and wild - \u043d\u0435\u043c\u0430\u043b\u043e\u0435 \u043f\u0440\u0435\u0438\u043c\u0443\u0449\u0435\u0441\u0442\u0432\u043e \u0432 \u0441\u043f\u043e\u0440\u0430\u0445 \u0444\u043e\u0440\u043c\u0430\u0442\u0430 \"\u0441\u0442\u0430\u0442\u0443\u0441\u043d\u044b\u0435 \u0438\u0433\u0440\u044b\".",
        "edited": {
            "user": "U0D0R0D4P",
            "ts": "1453903773.000000"
        },
        "ts": "1453903548.000030"
    },
    {
        "type": "message",
        "user": "U0D0R0D4P",
        "text": "\u041f\u0430\u0440\u0430 \u043f\u0440\u0438\u043c\u0435\u0440\u043e\u0432 \u0438\u0437 \u0442\u043e\u0439 \u0436\u0435 \u0441\u0435\u0440\u0438\u0438 \u043d\u0438\u0436\u0435.",
        "edited": {
            "user": "U0D0R0D4P",
            "ts": "1453903796.000000"
        },
        "ts": "1453903626.000031"
    },
    {
        "type": "message",
        "user": "U0D0R0D4P",
        "text": "<https:\/\/pbs.twimg.com\/media\/CZF0hitVAAAOQ8I.png>",
        "attachments": [
            {
                "fallback": "600x717px image",
                "image_url": "https:\/\/pbs.twimg.com\/media\/CZF0hitVAAAOQ8I.png",
                "image_width": 600,
                "image_height": 717,
                "image_bytes": 239533,
                "from_url": "https:\/\/pbs.twimg.com\/media\/CZF0hitVAAAOQ8I.png",
                "id": 1
            }
        ],
        "ts": "1453903627.000032"
    },
    {
        "type": "message",
        "subtype": "file_share",
        "text": "<@U0D0R0D4P|muyyd> uploaded a file: <https:\/\/lesswrongru.slack.com\/files\/muyyd\/F0KGPDK1S\/________________________.png|\u0410\u043b\u044c\u0444\u0430 \u0438 \u043e\u043c\u0435\u0433\u0430.png>",
        "file": {
            "id": "F0KGPDK1S",
            "created": 1453903705,
            "timestamp": 1453903705,
            "name": "\u0410\u043b\u044c\u0444\u0430 \u0438 \u043e\u043c\u0435\u0433\u0430.png",
            "title": "\u0410\u043b\u044c\u0444\u0430 \u0438 \u043e\u043c\u0435\u0433\u0430.png",
            "mimetype": "image\/png",
            "filetype": "png",
            "pretty_type": "PNG",
            "user": "U0D0R0D4P",
            "editable": false,
            "size": 33770,
            "mode": "hosted",
            "is_external": false,
            "external_type": "",
            "is_public": true,
            "public_url_shared": false,
            "display_as_bot": false,
            "username": "",
            "url_private": "https:\/\/files.slack.com\/files-pri\/T0CTD4Q0K-F0KGPDK1S\/________________________.png?t=xoxe-12931160019-103607625319-102215183440-059257f7d7",
            "url_private_download": "https:\/\/files.slack.com\/files-pri\/T0CTD4Q0K-F0KGPDK1S\/download\/________________________.png?t=xoxe-12931160019-103607625319-102215183440-059257f7d7",
            "thumb_64": "https:\/\/files.slack.com\/files-tmb\/T0CTD4Q0K-F0KGPDK1S-74cce88920\/_________________________64.png?t=xoxe-12931160019-103607625319-102215183440-059257f7d7",
            "thumb_80": "https:\/\/files.slack.com\/files-tmb\/T0CTD4Q0K-F0KGPDK1S-74cce88920\/_________________________80.png?t=xoxe-12931160019-103607625319-102215183440-059257f7d7",
            "thumb_360": "https:\/\/files.slack.com\/files-tmb\/T0CTD4Q0K-F0KGPDK1S-74cce88920\/_________________________360.png?t=xoxe-12931160019-103607625319-102215183440-059257f7d7",
            "thumb_360_w": 227,
            "thumb_360_h": 360,
            "thumb_480": "https:\/\/files.slack.com\/files-tmb\/T0CTD4Q0K-F0KGPDK1S-74cce88920\/_________________________480.png?t=xoxe-12931160019-103607625319-102215183440-059257f7d7",
            "thumb_480_w": 303,
            "thumb_480_h": 480,
            "thumb_160": "https:\/\/files.slack.com\/files-tmb\/T0CTD4Q0K-F0KGPDK1S-74cce88920\/_________________________160.png?t=xoxe-12931160019-103607625319-102215183440-059257f7d7",
            "thumb_720": "https:\/\/files.slack.com\/files-tmb\/T0CTD4Q0K-F0KGPDK1S-74cce88920\/_________________________720.png?t=xoxe-12931160019-103607625319-102215183440-059257f7d7",
            "thumb_720_w": 454,
            "thumb_720_h": 720,
            "image_exif_rotation": 1,
            "original_w": 486,
            "original_h": 770,
            "permalink": "https:\/\/lesswrongru.slack.com\/files\/muyyd\/F0KGPDK1S\/________________________.png",
            "permalink_public": "https:\/\/slack-files.com\/T0CTD4Q0K-F0KGPDK1S-4dc813ee5e",
            "channels": [
                "C0GKHDHC3"
            ],
            "groups": [
    
            ],
            "ims": [
    
            ],
            "comments_count": 0
        },
        "user": "U0D0R0D4P",
        "upload": true,
        "display_as_bot": false,
        "username": "<@U0D0R0D4P|muyyd>",
        "bot_id": null,
        "ts": "1453903706.000034"
    },
    {
        "type": "message",
        "user": "U0E9QC62F",
        "text": "\u041d\u0430\u0447\u0430\u043b\u043e\u0441\u044c? <http:\/\/kordhard.diary.ru\/p207764798.htm>",
        "ts": "1453904119.000037"
    },
    {
        "type": "message",
        "user": "U0D0R0D4P",
        "text": "\u041f\u0440\u043e\u0431\u043b\u0435\u043c\u044b \u0441 \u0440\u0430\u0437\u043c\u0435\u0440\u043e\u043c \u0432\u044b\u0431\u043e\u0440\u043a\u0438.",
        "ts": "1453904432.000038"
    },
    {
        "type": "message",
        "user": "U0E9QC62F",
        "text": "\u0418\u0437 \u0438\u0441\u0442\u043e\u0440\u0438\u0438 \u0441 \u0440\u0435\u043a\u043b\u0430\u043c\u0449\u0438\u0446\u0435\u0439 \u043f\u0440\u0435\u043b\u0435\u0441\u0442\u043d\u044b\u0439 \u043b\u0430\u0439\u0444\u0445\u0430\u043a \u0432\u0441\u0442\u0440\u0435\u0442\u0438\u043b\u0441\u044f: \u00ab\u0440\u0430\u0441\u043f\u0435\u0447\u0430\u0442\u0430\u0442\u044c \u0434\u0435\u0441\u044f\u0442\u043e\u043a \u044d\u043a\u0437\u0435\u043c\u043b\u044f\u0440\u043e\u0432 \u044d\u0442\u043e\u0439 \u0437\u0430\u043c\u0435\u0442\u043a\u0438 \u0438 \u043d\u043e\u0441\u0438\u0442\u044c \u0435\u0451 \u0441 \u0441\u043e\u0431\u043e\u0439. \u0410 \u043f\u0440\u0438 \u0432\u0438\u0434\u0435 \u043f\u0440\u043e\u043c\u043e\u0443\u0442\u0435\u0440\u0430 \u0441 \u043c\u0435\u0433\u0430\u0444\u043e\u043d\u043e\u043c, \u0432\u0440\u0443\u0447\u0430\u0442\u044c \u0435\u043c\u0443 \u0440\u0430\u0441\u043f\u0435\u0447\u0430\u0442\u043a\u0443 \u0441\u043e \u0441\u043b\u043e\u0432\u0430\u043c\u0438 \u201e\u041c\u0443\u0436\u0447\u0438\u043d\u0430 \u0438\u0437 \u0432\u043e-\u043e-\u043e\u043d \u0442\u043e\u0433\u043e \u043e\u043a\u043d\u0430 \u043f\u0440\u043e\u0441\u0438\u043b \u0432\u0430\u043c \u043f\u0435\u0440\u0435\u0434\u0430\u0442\u044c\u201c\u00bb.",
        "ts": "1453905912.000040"
    },
    {
        "type": "message",
        "user": "U0G8DRB40",
        "text": "<@U0E9QC62F>:  \u0440\u0430\u043d\u043e \u043d\u0430\u0447\u0430\u0432\u0448\u0438\u0439\u0441\u044f \u0432\u0435\u0441\u0435\u043d\u043d\u0438\u0439 \u043f\u0440\u0438\u0441\u0442\u0443\u043f \u0436\u043e\u043f\u043e\u0433\u043e\u043b\u0438\u0437\u043c\u0430, \u043d\u0435 \u043e\u0431\u0440\u0430\u0449\u0430\u0439\u0442\u0435 \u0432\u043d\u0438\u043c\u0430\u043d\u0438\u044f. \"\u041d\u0430\u043b\u0435\u0439, \u043f\u043e\u043a\u0430 \u043d\u0435 \u043d\u0430\u0447\u0430\u043b\u043e\u0441\u044c\"",
        "ts": "1453907144.000041"
    }
]