[
    {
        "type": "message",
        "user": "U0FHK0P8S",
        "text": "\u041e, \u0442\u0435\u043f\u0435\u0440\u044c \u0442\u0443\u0442 \u043c\u043e\u0436\u043d\u043e \u0442\u0443\u0441\u0438\u0442\u044c.",
        "ts": "1453053867.000026"
    },
    {
        "type": "message",
        "user": "U0FD5HC1F",
        "text": "\u0410 \u0447\u0442\u043e \u043c\u0435\u0448\u0430\u043b\u043e?",
        "ts": "1453055040.000027"
    },
    {
        "type": "message",
        "user": "U0FHK0P8S",
        "text": "\u043c\u043d\u043e\u0433\u0430\u0431\u0443\u043a\u0430\u0444",
        "ts": "1453055965.000028"
    }
]