[
    {
        "type": "message",
        "user": "U0D0R0D4P",
        "text": "<http:\/\/cs8.pikabu.ru\/post_img\/2016\/02\/04\/11\/1454615679116052223.gif>",
        "attachments": [
            {
                "fallback": "560x315px image",
                "image_url": "http:\/\/cs8.pikabu.ru\/post_img\/2016\/02\/04\/11\/1454615679116052223.gif",
                "image_width": 560,
                "image_height": 315,
                "image_bytes": 2742852,
                "from_url": "http:\/\/cs8.pikabu.ru\/post_img\/2016\/02\/04\/11\/1454615679116052223.gif",
                "id": 1
            }
        ],
        "ts": "1454630280.000009"
    },
    {
        "type": "message",
        "user": "U0D0R0D4P",
        "text": "\u0433\u0435\u043d\u0438\u0430\u043b\u044c\u043d\u043e",
        "ts": "1454630283.000011"
    },
    {
        "type": "message",
        "user": "U0FD5HC1F",
        "text": "\u0435\u0441\u043b\u0438 \u044d\u0442\u043e \u0442\u043e\u0442 \u0441\u0430\u043c\u044b\u0439 \u043c\u0443\u0436\u0438\u043a, \u043a\u043e\u0442\u043e\u0440\u044b\u0439 \u0438\u0437 \u043c\u0435\u043c\u0430 \"\u041a\u0430\u0440\u043b\", \u0442\u043e \u043d\u0430\u0434\u043e \u0431\u044b\u043b\u043e \u043c\u0430\u043b\u044c\u0447\u0438\u043a\u0443 \u0448\u043b\u044f\u043f\u0443 \u0434\u043e\u0440\u0438\u0441\u043e\u0432\u0430\u0442\u044c",
        "ts": "1454630494.000012"
    },
    {
        "type": "message",
        "user": "U0FD5HC1F",
        "text": "\u0447\u0442\u043e-\u0442\u043e, \u043a\u0441\u0442\u0430\u0442\u0438, \u0434\u0430\u0432\u043d\u043e \u0443\u0436\u0435 \u043d\u0435 \u0441\u043b\u044b\u0448\u0430\u043b \u0432 \u0443\u043f\u043e\u0442\u0440\u0435\u0431\u043b\u0435\u043d\u0438\u0438 \u044d\u0442\u043e\u0433\u043e \u041a\u0430\u0440\u043b\u0430",
        "ts": "1454630532.000013"
    },
    {
        "type": "message",
        "user": "U0FD5HC1F",
        "text": "\u0440\u0430\u0437 \u0443\u0436 \u043f\u0440\u043e \u043c\u0435\u043c\u0435\u0441\u044b: <http:\/\/lleo.me\/dnevnik\/2015\/12\/05.html>",
        "ts": "1454630625.000014"
    },
    {
        "type": "message",
        "user": "U0FD5HC1F",
        "text": "\u0442\u0430\u043c \u0435\u0441\u0442\u044c \u0441\u043a\u0440\u0438\u043f\u0442, \u043a\u043e\u0442\u043e\u0440\u044b\u0439 \u043c\u043e\u0436\u043d\u043e \u0441\u0435\u0431\u0435 \u0432\u043e\u0442\u043a\u043d\u0443\u0442\u044c \u0438 \u043f\u043e\u0434\u043e\u0431\u043d\u044b\u043c \u043c\u0430\u043d\u0435\u0440\u043e\u043c \u043a\u0430\u0440\u0442\u0438\u043d\u043a\u0438 \u0440\u0430\u0437\u0443\u043a\u0440\u0430\u0441\u0438\u0442\u044c",
        "ts": "1454630642.000015"
    },
    {
        "type": "message",
        "user": "U0D0R0D4P",
        "text": "\u0421 \u041a\u0430\u043b\u043e\u043c \u0443 \u043d\u0430\u0441 \u0432\u0441\u0435 \u043e\u043a\u0435\u0439:) <http:\/\/lesswrong.ru\/forum\/index.php?action=search2>",
        "attachments": [
            {
                "text": "\u041f\u0430\u0440\u0430\u043c\u0435\u0442\u0440\u044b \u043f\u043e\u0438\u0441\u043a\u0430",
                "fallback": "\u041f\u0430\u0440\u0430\u043c\u0435\u0442\u0440\u044b \u043f\u043e\u0438\u0441\u043a\u0430",
                "from_url": "http:\/\/lesswrong.ru\/forum\/index.php?action=search2",
                "id": 1
            }
        ],
        "ts": "1454630660.000016"
    },
    {
        "type": "message",
        "user": "U0D0R0D4P",
        "text": "\u043e\u043d \u043d\u0435 \u043f\u043e\u043a\u0430\u0437\u044b\u0432\u0430\u0435\u0442 :disappointed:",
        "edited": {
            "user": "U0D0R0D4P",
            "ts": "1454630681.000000"
        },
        "ts": "1454630674.000018"
    },
    {
        "type": "message",
        "user": "U0FD5HC1F",
        "text": "\u0430 \u0441\u043e \u0441\u0441\u044b\u043b\u043a\u043e\u0439 \u043d\u0435 \u043e\u0447\u0435\u043d\u044c",
        "ts": "1454630679.000019"
    },
    {
        "type": "message",
        "user": "U0FD5HC1F",
        "text": "\u043a\u0442\u043e \u043d\u0435 \u043f\u043e\u043a\u0430\u0437\u044b\u0432\u0430\u0435\u0442?",
        "ts": "1454630684.000021"
    },
    {
        "type": "message",
        "user": "U0FD5HC1F",
        "text": "\u0432\u0438\u0434\u0438\u043c\u043e \u043f\u043e\u0438\u0441\u043a \u0434\u0435\u043b\u0430\u0435\u0442\u0441\u044f POST'\u043e\u043c",
        "ts": "1454630709.000022"
    },
    {
        "type": "message",
        "user": "U0D0R0D4P",
        "text": "&gt;http:\/\/lleo.me\/dnevnik\/2015\/12\/05.html\n\u0415\u0441\u0442\u044c \u0447\u0442\u043e-\u0442\u043e \u043d\u0435\u0437\u0434\u043e\u0440\u043e\u0432\u043e\u0435, \u043a\u043e\u0433\u0434\u0430 \u0432\u0438\u0434\u0438\u0448\u044c \u0441\u0442\u043e\u043b\u044c\u043a\u043e \u0448\u0443\u0442\u043e\u043a \u043f\u043e\u0434\u0440\u044f\u0434. desensitization",
        "ts": "1454630845.000023"
    },
    {
        "type": "message",
        "user": "U0FD5HC1F",
        "text": "\u00af\\_(\u30c4)_\/\u00af",
        "ts": "1454630866.000024"
    },
    {
        "type": "message",
        "user": "U0FD5HC1F",
        "text": "\u044d\u0442\u043e \u043a\u043e\u043c\u0430\u043d\u0434\u0430 `\/shrug`, \u043a\u0441\u0442\u0430\u0442\u0438",
        "ts": "1454630880.000025"
    },
    {
        "type": "message",
        "user": "U0D0R0D4P",
        "text": "\u00af\\_(\u30c4)_\/\u00af",
        "ts": "1454630924.000026"
    },
    {
        "type": "message",
        "user": "U0H1U59BL",
        "text": "\u00af\\_(\u30c4)_\/\u00af",
        "ts": "1454633175.000027"
    }
]