[
    {
        "user": "U0HJ93C3B",
        "type": "message",
        "subtype": "channel_join",
        "text": "<@U0HJ93C3B|dsent> has joined the channel",
        "ts": "1463642103.000006"
    },
    {
        "user": "U0G00FWH2",
        "type": "message",
        "subtype": "channel_join",
        "text": "<@U0G00FWH2|random> has joined the channel",
        "ts": "1463644791.000007"
    },
    {
        "user": "U0KE33M0C",
        "type": "message",
        "subtype": "channel_join",
        "text": "<@U0KE33M0C|no_login_found> has joined the channel",
        "ts": "1463655578.000008"
    }
]