[
    {
        "type": "message",
        "user": "U0FGKCY31",
        "text": "\u0414\u0435\u0440\u0443\u0442\u0441\u044f. \u0410\u0433\u0430.",
        "ts": "1477127561.001261"
    },
    {
        "type": "message",
        "user": "U0F6P8JAG",
        "text": "<@U0FD5HC1F>: \u0438\u043c\u044f \u043f\u0435\u0440\u0441\u043e\u043d\u0430\u0436\u0430 \u0438\u0437 \u0434\u0435\u0442\u0441\u043a\u0438\u0445 \u0432\u043e\u043e\u0431\u0440\u0430\u0436\u0430\u0435\u043c\u044b\u0445 \u0444\u0430\u043d\u0442\u0430\u0441\u0442\u0438\u0447\u0435\u0441\u043a\u0438\u0445 \u043c\u0438\u0440\u043e\u0432 \u0441 \u0431\u0440\u0430\u0442\u043e\u043c (\u043f\u0440\u0438\u0434\u0443\u043c\u0430\u043d\u043e, \u043a\u043e\u0433\u0434\u0430 \u043c\u043d\u0435 \u0431\u044b\u043b\u043e ~3 \u043b\u0435\u0442; \u043c\u0438\u0440\u044b, \u0432\u043f\u0440\u043e\u0447\u0435\u043c, \u043f\u0440\u043e\u0434\u0435\u0440\u0436\u0430\u043b\u0438\u0441\u044c \u0438 \u0440\u0430\u0437\u0432\u0438\u0432\u0430\u043b\u0438\u0441\u044c \u0432\u043f\u043b\u043e\u0442\u044c \u0434\u043e \u043e\u043a\u043e\u043d\u0447\u0430\u043d\u0438\u044f \u0448\u043a\u043e\u043b\u044b).\n\u041c\u043d\u0435 \u0441\u043a\u043e\u0440\u0435\u0435 \u043d\u0435 \u043d\u0440\u0430\u0432\u0438\u0442\u0441\u044f \u044d\u0442\u043e\u0442 \u043d\u0438\u043a, \u0432 \u0441\u043c\u044b\u0441\u043b\u0435 \u0437\u0430 10 \u043b\u0435\u0442 \u0435\u0433\u043e \u043d\u043e\u0448\u0435\u043d\u0438\u044f \u044f \u0442\u0430\u043a \u0438 \u043d\u0435 \u043f\u0440\u0438\u0432\u044b\u043a \u0438 \u0434\u0451\u0440\u0433\u0430\u044e\u0441\u044c, \u043a\u043e\u0433\u0434\u0430 \u0435\u0433\u043e \u043f\u0440\u043e\u0438\u0437\u043d\u043e\u0441\u044f\u0442 \u0432\u0441\u043b\u0443\u0445. \u041e\u0441\u043e\u0431\u0435\u043d\u043d\u043e \u043a\u043e\u0433\u0434\u0430 \u043f\u0440\u043e\u0438\u0437\u043d\u043e\u0441\u044f\u0442 \u0447\u0435\u0440\u0435\u0437 \u201c\u0435\u201d, \u0430 \u043d\u0435 \u0447\u0435\u0440\u0435\u0437 \u201c\u044d\u201d.",
        "edited": {
            "user": "U0F6P8JAG",
            "ts": "1477132322.000000"
        },
        "ts": "1477132305.001262",
        "reactions": [
            {
                "name": "open_mouth",
                "users": [
                    "U0GQ50ESU",
                    "U0FGKCY31",
                    "U2L4WGQFK",
                    "U1ZPGFN3Y"
                ],
                "count": 4
            }
        ]
    },
    {
        "type": "message",
        "user": "U0L4B5338",
        "text": "\u0410 \u043c\u043d\u0435 \u0434\u043e \u0441\u0438\u0445 \u043f\u043e\u0440 \u043d\u0435\u043c\u043d\u043e\u0433\u043e \u0441\u0442\u044b\u0434\u043d\u043e \u0437\u0430 \u0442\u043e, \u0447\u0442\u043e \u044f \u0441\u043b\u0435\u0433\u043a\u0430 \u043a\u0443\u043b\u044c\u0442\u0443\u0440\u043d\u043e \u0430\u043f\u043f\u0440\u043e\u043f\u0440\u0438\u0438\u0440\u043e\u0432\u0430\u043b \u0441\u0432\u043e\u0439 \u043d\u0438\u043a. For reference: <https:\/\/en.wikipedia.org\/wiki\/Synaesthete_(video_game)>\n&gt;You control an avatar named the Zaikman, named after the team's producer Zach Aikman. The Zaikman is referred to as a defense mechanism for the collective unconscious, and you use him to destroy enemies and progress through various levels.",
        "ts": "1477135340.001264"
    },
    {
        "type": "message",
        "user": "U0L4B5338",
        "text": "<https:\/\/baka-gamer.net\/wp-content\/uploads\/2010\/08\/Synaesthete.jpg>",
        "attachments": [
            {
                "fallback": "640x200px image",
                "image_url": "https:\/\/baka-gamer.net\/wp-content\/uploads\/2010\/08\/Synaesthete.jpg",
                "image_width": 640,
                "image_height": 200,
                "image_bytes": 23896,
                "from_url": "https:\/\/baka-gamer.net\/wp-content\/uploads\/2010\/08\/Synaesthete.jpg",
                "id": 1
            }
        ],
        "ts": "1477135488.001265"
    },
    {
        "type": "message",
        "user": "U0L4B5338",
        "text": "\u0421 \u0434\u0440\u0443\u0433\u043e\u0439 \u0441\u0442\u043e\u0440\u043e\u043d\u044b, \u043c\u043e\u0436\u043d\u043e \u0441\u043a\u0430\u0437\u0430\u0442\u044c, \u0447\u0442\u043e I indentify as an Attack^W^W The Zaikman, so whatever.",
        "ts": "1477135621.001267"
    },
    {
        "type": "message",
        "user": "U1BJD7KSR",
        "text": "<@U2KS93BC2> <https:\/\/www.youtube.com\/watch?v=d_DS7hEMarg>",
        "attachments": [
            {
                "service_name": "YouTube",
                "service_url": "https:\/\/www.youtube.com\/",
                "title": "\u0411\u0440\u043e\u0434\u0432\u0435\u0439 \u0428\u041e\u0423! \u041d\u0435\u0440\u0432\u043d\u044b\u0439 \u0432\u043a\u043e\u043d\u0442\u0430\u043a\u0442\u0435",
                "title_link": "https:\/\/www.youtube.com\/watch?v=d_DS7hEMarg",
                "author_name": "\u041d\u0438\u043a\u0438\u0442\u0430 \u0414\u043e\u0431\u0440\u044b\u0439",
                "author_link": "https:\/\/www.youtube.com\/channel\/UCMfFnzyFRCtVm7YZ9wdUS7A",
                "thumb_url": "https:\/\/i.ytimg.com\/vi\/d_DS7hEMarg\/hqdefault.jpg",
                "thumb_width": 480,
                "thumb_height": 360,
                "fallback": "YouTube Video: \u0411\u0440\u043e\u0434\u0432\u0435\u0439 \u0428\u041e\u0423! \u041d\u0435\u0440\u0432\u043d\u044b\u0439 \u0432\u043a\u043e\u043d\u0442\u0430\u043a\u0442\u0435",
                "video_html": "<iframe width=\"400\" height=\"225\" src=\"https:\/\/www.youtube.com\/embed\/d_DS7hEMarg?feature=oembed&autoplay=1&iv_load_policy=3\" frameborder=\"0\" allowfullscreen><\/iframe>",
                "video_html_width": 400,
                "video_html_height": 225,
                "from_url": "https:\/\/www.youtube.com\/watch?v=d_DS7hEMarg",
                "service_icon": "https:\/\/a.slack-edge.com\/2089\/img\/unfurl_icons\/youtube.png",
                "id": 1
            }
        ],
        "ts": "1477142449.001268"
    },
    {
        "type": "message",
        "user": "U2KS93BC2",
        "text": "<@U1BJD7KSR>  \u044f \u043d\u0435 \u043f\u043e\u043d\u0438\u043c\u0430\u044e, \u043a\u0430\u043a \u044d\u0442\u043e \u0432\u0438\u0434\u0435\u043e \u0440\u0435\u043b\u0435\u0432\u0430\u043d\u0442\u043d\u043e \u043c\u043e\u0435\u043c\u0443 \u0432\u043e\u043f\u0440\u043e\u0441\u0443 \u0447\u0435\u0441\u0442\u043d\u043e \u0433\u043e\u0432\u043e\u0440\u044f",
        "ts": "1477142833.001270"
    },
    {
        "type": "message",
        "user": "U1BJD7KSR",
        "text": "\u041d\u0435\u043a\u043e\u0442\u043e\u0440\u044b\u043c \u0431\u044b\u0432\u0430\u0435\u0442 \u043e\u0447\u0435\u043d\u044c \u0441\u0442\u0440\u0435\u043c\u043d\u043e",
        "ts": "1477142852.001271"
    },
    {
        "type": "message",
        "user": "U1BJD7KSR",
        "text": "\u041d\u043e \u044f \u043d\u0435 \u0437\u043d\u0430\u044e, \u0435\u0441\u0442\u044c \u043b\u0438 \u0442\u0430\u043a\u0438\u0435 \u0437\u0434\u0435\u0441\u044c",
        "ts": "1477142881.001272"
    }
]