[
    {
        "type": "message",
        "user": "U0HJ93C3B",
        "text": "\u041f\u0438\u0448\u0443 \u043f\u043e\u0441\u0442\u044b \u0434\u043b\u0438\u043d\u043d\u0435\u0435 \u0434\u0432\u0443\u0445 \u0441\u0442\u0440\u043e\u0447\u0435\u043a \u0442\u043e\u043b\u044c\u043a\u043e \u0432 \u0412\u043e\u0440\u0434\u0435 \u0438 \u0432\u0441\u0435\u0433\u0434\u0430 \u0442\u0430\u043a \u0434\u0435\u043b\u0430\u044e. \u041f\u043e\u0442\u043e\u043c \u0443\u0436\u0435 \u043a\u043e\u043f\u0438\u0440\u0443\u044e \u0432 \u0441\u043e\u0446\u0441\u0435\u0442\u0438. \u0412 Dropbox \u0441\u043f\u0435\u0446\u0438\u0430\u043b\u044c\u043d\u0443\u044e \u043f\u0430\u043f\u043a\u0443 \u0437\u0430\u0432\u0451\u043b \u0434\u043b\u044f \u044d\u0442\u0438\u0445 \u0446\u0435\u043b\u0435\u0439.",
        "edited": {
            "user": "U0HJ93C3B",
            "ts": "1467451255.000000"
        },
        "ts": "1467451242.000009"
    },
    {
        "type": "message",
        "user": "U0D0R0D4P",
        "text": "\u044f \u044d\u0442\u043e \u0434\u0435\u043b\u0430\u044e \u0442\u043e\u043b\u044c\u043a\u043e \u0432 \u0442\u0435\u0447\u0435\u043d\u0438\u0438 \u043d\u0435\u0441\u043a\u043e\u043b\u044c\u043a\u0438\u0445 \u0434\u043d\u0435\u0439 \u043f\u043e\u0441\u043b\u0435 \u043e\u0447\u0435\u0440\u0435\u0434\u043d\u043e\u0439 \u043f\u0440\u043e\u043f\u0430\u0436\u0438, \u0430 \u043f\u043e\u0442\u043e\u043c \u043f\u0435\u0440\u0435\u0441\u0442\u0430\u044e.",
        "ts": "1467452700.000011"
    },
    {
        "type": "message",
        "user": "U0F6P8JAG",
        "text": "\u041d\u0435\u0443\u0436\u0435\u043b\u0438 \u043d\u0435\u0442 \u0440\u0430\u0431\u043e\u0442\u0430\u044e\u0449\u0438\u0445 \u0440\u0430\u0441\u0448\u0438\u0440\u0435\u043d\u0438\u0439 \u0434\u043b\u044f \u0425\u0440\u043e\u043c\u0430? \u042f \u043d\u0438 \u043e\u0434\u043d\u0438\u043c \u043d\u0435 \u043f\u043e\u043b\u044c\u0437\u0443\u044e\u0441\u044c, \u043d\u0430\u0433\u0443\u0433\u043b\u0438\u043b Lazarus (<https:\/\/chrome.google.com\/webstore\/detail\/lazarus-form-recovery\/loljledaigphbcpfhfmgopdkppkifgno\/reviews?hl=en>), \u043d\u043e \u0433\u043e\u0432\u043e\u0440\u044f\u0442, \u0447\u0442\u043e \u043e\u043d \u0444\u0438\u0433\u043e\u0432\u043e \u043a\u0430\u043a-\u0442\u043e \u0440\u0430\u0431\u043e\u0442\u0430\u0435\u0442.",
        "attachments": [
            {
                "title": "Lazarus: Form Recovery",
                "title_link": "https:\/\/chrome.google.com\/webstore\/detail\/lazarus-form-recovery\/loljledaigphbcpfhfmgopdkppkifgno\/reviews?hl=en",
                "text": "Autosaves everything you type so you can easily recover from form-killing timeouts, crashes and network errors.",
                "fallback": "Lazarus: Form Recovery",
                "from_url": "https:\/\/chrome.google.com\/webstore\/detail\/lazarus-form-recovery\/loljledaigphbcpfhfmgopdkppkifgno\/reviews?hl=en",
                "thumb_url": "https:\/\/lh5.googleusercontent.com\/AW-0zdEtyHZGIsWpexH3dQ5-2-hYbdqN6pL6Klkxbwp7DwNGpAKN6jeBcIs73DOts2m1SNHZ9g",
                "thumb_width": 128,
                "thumb_height": 128,
                "service_icon": "https:\/\/www.google.com\/images\/icons\/product\/chrome_web_store-32.png",
                "service_name": "chrome.google.com",
                "id": 1
            }
        ],
        "ts": "1467459385.000012"
    },
    {
        "type": "message",
        "user": "U0D0R0D4P",
        "text": "\u0447\u0435\u043c-\u0442\u043e \u043d\u0430\u043f\u043e\u043c\u0438\u043d\u0430\u0435\u0442 \u0441\u043e\u0441\u0442\u043e\u044f\u0432\u0448\u0438\u0439\u0441\u044f \u0442\u043e\u043b\u044c\u043a\u043e \u0447\u0442\u043e \u0440\u0430\u0437\u0433\u043e\u0432\u043e\u0440 \u0432 <#C0CTKLYSE> <http:\/\/9gag.com\/gag\/azAjLwp>",
        "attachments": [
            {
                "service_name": "9GAG",
                "title": "Cooking with doge.",
                "title_link": "http:\/\/9gag.com\/gag\/azAjLwp",
                "text": "Click to see the pic and write a comment...",
                "fallback": "9GAG: Cooking with doge.",
                "image_url": "http:\/\/images-cdn.9gag.com\/photo\/azAjLwp_700b.jpg",
                "from_url": "http:\/\/9gag.com\/gag\/azAjLwp",
                "image_width": 332,
                "image_height": 250,
                "image_bytes": 40658,
                "service_icon": "http:\/\/assets-9gag-fun.9cache.com\/s\/fab0aa49\/1bb051e5ee088d5d14113e147317bad340b9efa1\/static\/dist\/core\/img\/favicon_v2.png",
                "id": 1
            }
        ],
        "ts": "1467471171.000014"
    }
]