[
    {
        "type": "message",
        "user": "U0F6P8JAG",
        "text": "(via <#C0HJ2ETEK>, \u0434\u043b\u044f \u0441\u043e\u0445\u0440\u0430\u043d\u043d\u043e\u0441\u0442\u0438)\n<@U0HJ0FS9Z>: \n&gt; \u0438 \u043a\u0430\u043a \u0438 \u043e\u0431\u0435\u0449\u0430\u043b, \u043f\u0440\u0435\u0434\u043b\u0430\u0433\u0430\u044e \u0445\u0440\u0435\u043d\u044c \u043f\u0440\u043e \u043e\u0431\u0449\u0435\u043e\u0431\u0441\u0443\u0436\u0434\u0435\u043d\u0438\u0435 \u0433\u0440\u0443\u043f\u043f\u043e\u0442\u0435\u0440\u0430\u043f\u0438\u044f-\u0441\u0442\u0430\u0439\u043b \u0432\u043c\u0435\u0441\u0442\u043e \u0438\u0434\u0438\u043e\u0442\u0441\u043a\u0438\u0445 \u0437\u0430\u043f\u0440\u0435\u0449\u0435\u043d\u0438\u0439\n&gt; \u044d\u0442\u043e \u0431\u044b\u043b\u0430 \u043e\u0434\u043d\u0430 \u0438\u0437 \u043d\u0435\u043c\u043d\u043e\u0433\u0438\u0445 \u043f\u043e\u0442\u0435\u043d\u0446\u0438\u0430\u043b\u044c\u043d\u043e \u0438\u043d\u0442\u0435\u0440\u0435\u0441\u043d\u044b\u0445 \u0442\u0435\u043c, \u043d\u043e \u0447\u044f\u0442\u0438\u043a \u0441\u043b\u0438\u043b\u0441\u044f, \u044f\u0449\u0438\u0442\u0430\u044e",
        "ts": "1451669234.000136"
    },
    {
        "type": "message",
        "user": "U0D0R0D4P",
        "text": "<https:\/\/lesswrongru.slack.com\/archives\/open\/p1451672576005766>",
        "attachments": [
            {
                "color": "4D394B",
                "from_url": "https:\/\/lesswrongru.slack.com\/archives\/open\/p1451672576005766",
                "fallback": "[January 1st, 2016 10:22 AM] netochka-nezvanova: \u0417 \u0434\u043d\u0435\u043c \u043d\u0430\u0440\u043e\u0434\u0436\u0435\u043d\u043d\u044f \u0421\u0442\u0435\u043f\u0430\u043d\u0430 \u0411\u0430\u043d\u0434\u0435\u0440\u0438, \u043f\u0430\u043d\u043e\u0432\u0435! \u0421\u043b\u0430\u0432\u0430 \u043d\u0430\u0446\u0456\u0457, \u0441\u043c\u0435\u0440\u0442\u044c \u0432\u043e\u0440\u043e\u0433\u0430\u043c!",
                "author_subname": "netochka-nezvanova",
                "ts": "1451672576.005766",
                "text": "\u0417 \u0434\u043d\u0435\u043c \u043d\u0430\u0440\u043e\u0434\u0436\u0435\u043d\u043d\u044f \u0421\u0442\u0435\u043f\u0430\u043d\u0430 \u0411\u0430\u043d\u0434\u0435\u0440\u0438, \u043f\u0430\u043d\u043e\u0432\u0435! \u0421\u043b\u0430\u0432\u0430 \u043d\u0430\u0446\u0456\u0457, \u0441\u043c\u0435\u0440\u0442\u044c \u0432\u043e\u0440\u043e\u0433\u0430\u043c!",
                "author_link": "https:\/\/lesswrongru.slack.com\/team\/netochka-nezvanova",
                "author_icon": "https:\/\/secure.gravatar.com\/avatar\/9b0868543591a528f3c39136447fc94d.jpg?s=48&d=https%3A%2F%2Fslack.global.ssl.fastly.net%2F66f9%2Fimg%2Favatars%2Fava_0003-48.png",
                "mrkdwn_in": [
                    "text"
                ],
                "id": 1
            }
        ],
        "ts": "1451673038.000137"
    },
    {
        "type": "message",
        "user": "U0D0R0D4P",
        "text": "<https:\/\/lesswrongru.slack.com\/archives\/open\/p1451672692005767>",
        "attachments": [
            {
                "color": "4D394B",
                "from_url": "https:\/\/lesswrongru.slack.com\/archives\/open\/p1451672692005767",
                "fallback": "[January 1st, 2016 10:24 AM] artsy: \u0433\u0435\u0440\u043e\u044f\u043c \u0441\u0430\u043b\u0430",
                "author_subname": "artsy",
                "ts": "1451672692.005767",
                "text": "\u0433\u0435\u0440\u043e\u044f\u043c \u0441\u0430\u043b\u0430",
                "author_link": "https:\/\/lesswrongru.slack.com\/team\/artsy",
                "author_icon": "https:\/\/avatars.slack-edge.com\/2015-12-15\/16753286003_080909dd99ef3f962cd0_48.png",
                "mrkdwn_in": [
                    "text"
                ],
                "id": 1
            }
        ],
        "ts": "1451673047.000139",
        "reactions": [
            {
                "name": "+1",
                "users": [
                    "U0FQW7HH7"
                ],
                "count": 1
            }
        ]
    },
    {
        "type": "message",
        "user": "U0D0R0D4P",
        "text": "<https:\/\/lesswrongru.slack.com\/archives\/open\/p1451672924005772>",
        "attachments": [
            {
                "color": "4D394B",
                "from_url": "https:\/\/lesswrongru.slack.com\/archives\/open\/p1451672924005772",
                "fallback": "[January 1st, 2016 10:28 AM] andreyfrolov: \u042d\u0442\u043e \u043d\u0435 \u043f\u043e\u043b\u0438\u0442\u043e\u0442\u0430 \u0430 \u0442\u0440\u043e\u043b\u043b\u0438\u043d\u0433. \u041f\u0430\u0440\u043d\u0438, \u0432\u044b \u043a\u0430\u043a \u043f\u0435\u0440\u0432\u044b\u0439 \u0434\u0435\u043d\u044c \u0432 \u0438\u043d\u0442\u0435\u0440\u043d\u0435\u0442\u0435. \u041d\u0435 \u043a\u043e\u0440\u043c\u0438\u0442\u0435 \u0442\u0440\u043e\u043b\u043b\u0435\u0439 \u0438 \u0432\u0441\u0435 \u0431\u0443\u0434\u0435\u0442 \u0445\u043e\u0440\u043e\u0448\u043e.",
                "author_subname": "andreyfrolov",
                "ts": "1451672924.005772",
                "text": "\u042d\u0442\u043e \u043d\u0435 \u043f\u043e\u043b\u0438\u0442\u043e\u0442\u0430 \u0430 \u0442\u0440\u043e\u043b\u043b\u0438\u043d\u0433. \u041f\u0430\u0440\u043d\u0438, \u0432\u044b \u043a\u0430\u043a \u043f\u0435\u0440\u0432\u044b\u0439 \u0434\u0435\u043d\u044c \u0432 \u0438\u043d\u0442\u0435\u0440\u043d\u0435\u0442\u0435. \u041d\u0435 \u043a\u043e\u0440\u043c\u0438\u0442\u0435 \u0442\u0440\u043e\u043b\u043b\u0435\u0439 \u0438 \u0432\u0441\u0435 \u0431\u0443\u0434\u0435\u0442 \u0445\u043e\u0440\u043e\u0448\u043e.",
                "author_name": "Andrey Frolov",
                "author_link": "https:\/\/lesswrongru.slack.com\/team\/andreyfrolov",
                "author_icon": "https:\/\/secure.gravatar.com\/avatar\/f2df5dfca4f1d8b01e12154079011757.jpg?s=48&d=https%3A%2F%2Fslack.global.ssl.fastly.net%2F66f9%2Fimg%2Favatars%2Fava_0013-48.png",
                "mrkdwn_in": [
                    "text"
                ],
                "id": 1
            }
        ],
        "ts": "1451675715.000141"
    }
]