[
    {
        "type": "message",
        "subtype": "file_share",
        "text": "<@U0HJ93C3B|dsent> uploaded a file: <https:\/\/lesswrongru.slack.com\/files\/dsent\/F25PXA35K\/pasted_image_at_2016_08_29_01_02.png|Pasted image at 2016-08-29, 01:02>",
        "file": {
            "id": "F25PXA35K",
            "created": 1472421784,
            "timestamp": 1472421784,
            "name": "Pasted image at 2016_08_29 01_02.png",
            "title": "Pasted image at 2016-08-29, 01:02",
            "mimetype": "image\/png",
            "filetype": "png",
            "pretty_type": "PNG",
            "user": "U0HJ93C3B",
            "editable": false,
            "size": 261226,
            "mode": "hosted",
            "is_external": false,
            "external_type": "",
            "is_public": true,
            "public_url_shared": false,
            "display_as_bot": false,
            "username": "",
            "url_private": "https:\/\/files.slack.com\/files-pri\/T0CTD4Q0K-F25PXA35K\/pasted_image_at_2016_08_29_01_02.png?t=xoxe-12931160019-103607625319-102215183440-059257f7d7",
            "url_private_download": "https:\/\/files.slack.com\/files-pri\/T0CTD4Q0K-F25PXA35K\/download\/pasted_image_at_2016_08_29_01_02.png?t=xoxe-12931160019-103607625319-102215183440-059257f7d7",
            "thumb_64": "https:\/\/files.slack.com\/files-tmb\/T0CTD4Q0K-F25PXA35K-45b8521e2f\/pasted_image_at_2016_08_29_01_02_64.png?t=xoxe-12931160019-103607625319-102215183440-059257f7d7",
            "thumb_80": "https:\/\/files.slack.com\/files-tmb\/T0CTD4Q0K-F25PXA35K-45b8521e2f\/pasted_image_at_2016_08_29_01_02_80.png?t=xoxe-12931160019-103607625319-102215183440-059257f7d7",
            "thumb_360": "https:\/\/files.slack.com\/files-tmb\/T0CTD4Q0K-F25PXA35K-45b8521e2f\/pasted_image_at_2016_08_29_01_02_360.png?t=xoxe-12931160019-103607625319-102215183440-059257f7d7",
            "thumb_360_w": 292,
            "thumb_360_h": 360,
            "thumb_480": "https:\/\/files.slack.com\/files-tmb\/T0CTD4Q0K-F25PXA35K-45b8521e2f\/pasted_image_at_2016_08_29_01_02_480.png?t=xoxe-12931160019-103607625319-102215183440-059257f7d7",
            "thumb_480_w": 389,
            "thumb_480_h": 480,
            "thumb_160": "https:\/\/files.slack.com\/files-tmb\/T0CTD4Q0K-F25PXA35K-45b8521e2f\/pasted_image_at_2016_08_29_01_02_160.png?t=xoxe-12931160019-103607625319-102215183440-059257f7d7",
            "image_exif_rotation": 1,
            "original_w": 400,
            "original_h": 493,
            "permalink": "https:\/\/lesswrongru.slack.com\/files\/dsent\/F25PXA35K\/pasted_image_at_2016_08_29_01_02.png",
            "permalink_public": "https:\/\/slack-files.com\/T0CTD4Q0K-F25PXA35K-159e16f51f",
            "channels": [
                "C0GKHDHC3"
            ],
            "groups": [
    
            ],
            "ims": [
    
            ],
            "comments_count": 0
        },
        "user": "U0HJ93C3B",
        "upload": true,
        "display_as_bot": false,
        "username": "<@U0HJ93C3B|dsent>",
        "bot_id": null,
        "ts": "1472421786.000002"
    }
]