[
    {
        "type": "message",
        "user": "U2T2K1NPR",
        "text": "\u0412\u043e\u0442 \u0442\u0435\u043f\u0435\u0440\u044c-\u0442\u043e \u044f \u043f\u043e\u043d\u0438\u043c\u0430\u044e, \u043f\u043e\u0447\u0435\u043c\u0443 \u0445\u0430\u043e\u0441 \u2014 \u044d\u0442\u043e \u201c\u0437\u0430\u0445\u043e\u0434\u0438\u0442\u0435 \u043d\u0430 \u0441\u0432\u043e\u0439 \u0441\u0442\u0440\u0430\u0445 \u0438 \u0440\u0438\u0441\u043a\"",
        "ts": "1478070451.003338"
    },
    {
        "user": "U0G0JFJTA",
        "text": "<@U0G0JFJTA|alaric> has left the channel",
        "type": "message",
        "subtype": "channel_leave",
        "ts": "1478078920.003339"
    },
    {
        "user": "U0G00FWH2",
        "text": "<@U0G00FWH2|random> has left the channel",
        "type": "message",
        "subtype": "channel_leave",
        "ts": "1478079033.003340"
    },
    {
        "type": "message",
        "user": "U0FGKCY31",
        "text": "\u042f \u044d\u0442\u043e \u043f\u043e\u043d\u044f\u043b \u0435\u0449\u0451 \u0441 \u043a\u043e\u0442\u044f\u0442. \u00af\\_(\u30c4)_\/\u00af",
        "attachments": [
            {
                "fallback": "[November 2nd, 2016 12:07 PM] staenrey: \u0412\u043e\u0442 \u0442\u0435\u043f\u0435\u0440\u044c-\u0442\u043e \u044f \u043f\u043e\u043d\u0438\u043c\u0430\u044e, \u043f\u043e\u0447\u0435\u043c\u0443 \u0445\u0430\u043e\u0441 \u2014 \u044d\u0442\u043e \u201c\u0437\u0430\u0445\u043e\u0434\u0438\u0442\u0435 \u043d\u0430 \u0441\u0432\u043e\u0439 \u0441\u0442\u0440\u0430\u0445 \u0438 \u0440\u0438\u0441\u043a\"",
                "ts": "1478070451.003338",
                "author_subname": "staenrey",
                "channel_id": "C0GKHDHC3",
                "channel_name": "chaos",
                "is_msg_unfurl": true,
                "text": "\u0412\u043e\u0442 \u0442\u0435\u043f\u0435\u0440\u044c-\u0442\u043e \u044f \u043f\u043e\u043d\u0438\u043c\u0430\u044e, \u043f\u043e\u0447\u0435\u043c\u0443 \u0445\u0430\u043e\u0441 \u2014 \u044d\u0442\u043e \u201c\u0437\u0430\u0445\u043e\u0434\u0438\u0442\u0435 \u043d\u0430 \u0441\u0432\u043e\u0439 \u0441\u0442\u0440\u0430\u0445 \u0438 \u0440\u0438\u0441\u043a\"",
                "author_name": "Anastasiya Besman",
                "author_link": "https:\/\/lesswrongru.slack.com\/team\/staenrey",
                "author_icon": "https:\/\/secure.gravatar.com\/avatar\/2f5eb882f1673211fede425e16f4955e.jpg?s=48&d=https%3A%2F%2Fa.slack-edge.com%2F272a%2Fimg%2Favatars%2Fava_0026-48.png",
                "mrkdwn_in": [
                    "text"
                ],
                "color": "D0D0D0",
                "from_url": "https:\/\/lesswrongru.slack.com\/archives\/chaos\/p1478070451003338",
                "is_share": true,
                "footer": "Posted in #chaos"
            }
        ],
        "ts": "1478082796.003341"
    },
    {
        "user": "U1XQG3N2G",
        "text": "<@U1XQG3N2G|alex.markov> has left the channel",
        "type": "message",
        "subtype": "channel_leave",
        "ts": "1478083543.003342"
    },
    {
        "type": "message",
        "user": "U0L9E04J0",
        "text": "@deep_blue_hexagon used `\/poll`! Each person can only vote for :one: item.  Results will be visible to everyone.",
        "bot_id": "B0L9M8116",
        "attachments": [
            {
                "callback_id": "CysoBbAMguzWFXEFC",
                "fallback": "\u0441\u043a\u043e\u043b\u044c\u043a\u043e \u0440\u0430\u0437 \u0437\u0430 \u043f\u043e\u0441\u043b\u0435\u0434\u043d\u0438\u0439 \u0433\u043e\u0434 \u0432\u044b\u043f\u0438\u0432\u0430\u043b\u0438 \u0430\u043b\u043a\u043e\u0433\u043e\u043b\u044c\u043d\u044b\u0435 \u043d\u0430\u043f\u0438\u0442\u043a\u0438, \u043d\u0435 \u043c\u0435\u043d\u0435\u0435 \u0447\u0435\u043c \u0432 \u044d\u043a\u0432\u0438\u0432\u0430\u043b\u0435\u043d\u0442\u0435: \u0431\u043e\u043a\u0430\u043b \u0432\u0438\u043d\u0430, \u0440\u044e\u043c\u043a\u0430 \u0432\u043e\u0434\u043a\u0438, \u0431\u0443\u0442\u044b\u043b\u043a\u0430 \u043f\u0438\u0432\u0430?",
                "title": "\u0441\u043a\u043e\u043b\u044c\u043a\u043e \u0440\u0430\u0437 \u0437\u0430 \u043f\u043e\u0441\u043b\u0435\u0434\u043d\u0438\u0439 \u0433\u043e\u0434 \u0432\u044b\u043f\u0438\u0432\u0430\u043b\u0438 \u0430\u043b\u043a\u043e\u0433\u043e\u043b\u044c\u043d\u044b\u0435 \u043d\u0430\u043f\u0438\u0442\u043a\u0438, \u043d\u0435 \u043c\u0435\u043d\u0435\u0435 \u0447\u0435\u043c \u0432 \u044d\u043a\u0432\u0438\u0432\u0430\u043b\u0435\u043d\u0442\u0435: \u0431\u043e\u043a\u0430\u043b \u0432\u0438\u043d\u0430, \u0440\u044e\u043c\u043a\u0430 \u0432\u043e\u0434\u043a\u0438, \u0431\u0443\u0442\u044b\u043b\u043a\u0430 \u043f\u0438\u0432\u0430?",
                "id": 1,
                "title_link": "https:\/\/app.polly.ai\/slackvote\/CysoBbAMguzWFXEFC",
                "color": "35a8e0",
                "actions": [
                    {
                        "id": "1",
                        "name": "one",
                        "text": "0",
                        "type": "button",
                        "value": "0",
                        "style": ""
                    },
                    {
                        "id": "2",
                        "name": "two",
                        "text": "1-2",
                        "type": "button",
                        "value": "1",
                        "style": ""
                    },
                    {
                        "id": "3",
                        "name": "three",
                        "text": "3-8",
                        "type": "button",
                        "value": "2",
                        "style": ""
                    }
                ]
            },
            {
                "callback_id": "CysoBbAMguzWFXEFC",
                "fallback": "\u0441\u043a\u043e\u043b\u044c\u043a\u043e \u0440\u0430\u0437 \u0437\u0430 \u043f\u043e\u0441\u043b\u0435\u0434\u043d\u0438\u0439 \u0433\u043e\u0434 \u0432\u044b\u043f\u0438\u0432\u0430\u043b\u0438 \u0430\u043b\u043a\u043e\u0433\u043e\u043b\u044c\u043d\u044b\u0435 \u043d\u0430\u043f\u0438\u0442\u043a\u0438, \u043d\u0435 \u043c\u0435\u043d\u0435\u0435 \u0447\u0435\u043c \u0432 \u044d\u043a\u0432\u0438\u0432\u0430\u043b\u0435\u043d\u0442\u0435: \u0431\u043e\u043a\u0430\u043b \u0432\u0438\u043d\u0430, \u0440\u044e\u043c\u043a\u0430 \u0432\u043e\u0434\u043a\u0438, \u0431\u0443\u0442\u044b\u043b\u043a\u0430 \u043f\u0438\u0432\u0430?",
                "id": 2,
                "color": "35a8e0",
                "actions": [
                    {
                        "id": "4",
                        "name": "four",
                        "text": "9-32",
                        "type": "button",
                        "value": "3",
                        "style": ""
                    },
                    {
                        "id": "5",
                        "name": "five",
                        "text": "33-128",
                        "type": "button",
                        "value": "4",
                        "style": ""
                    },
                    {
                        "id": "6",
                        "name": "six",
                        "text": "\u0431\u043e\u043b\u0435\u0435 128",
                        "type": "button",
                        "value": "5",
                        "style": ""
                    }
                ]
            },
            {
                "callback_id": "CysoBbAMguzWFXEFC",
                "fallback": "\u0441\u043a\u043e\u043b\u044c\u043a\u043e \u0440\u0430\u0437 \u0437\u0430 \u043f\u043e\u0441\u043b\u0435\u0434\u043d\u0438\u0439 \u0433\u043e\u0434 \u0432\u044b\u043f\u0438\u0432\u0430\u043b\u0438 \u0430\u043b\u043a\u043e\u0433\u043e\u043b\u044c\u043d\u044b\u0435 \u043d\u0430\u043f\u0438\u0442\u043a\u0438, \u043d\u0435 \u043c\u0435\u043d\u0435\u0435 \u0447\u0435\u043c \u0432 \u044d\u043a\u0432\u0438\u0432\u0430\u043b\u0435\u043d\u0442\u0435: \u0431\u043e\u043a\u0430\u043b \u0432\u0438\u043d\u0430, \u0440\u044e\u043c\u043a\u0430 \u0432\u043e\u0434\u043a\u0438, \u0431\u0443\u0442\u044b\u043b\u043a\u0430 \u043f\u0438\u0432\u0430?",
                "footer": "<http:\/\/app.polly.ai|app.polly.ai>\u2003<https:\/\/app.polly.ai\/slackvote\/CysoBbAMguzWFXEFC|View responses>",
                "id": 3,
                "footer_icon": "https:\/\/www.polly.ai\/favicon.ico",
                "fields": [
                    {
                        "title": "0",
                        "value": "`\u2587\u2587\u2587\u2587\u2587\u2587\u2587\u2587\u2587\u2587` 43% (6)",
                        "short": true
                    },
                    {
                        "title": "1-2",
                        "value": "`\u2587\u2587` 7% (1)",
                        "short": true
                    },
                    {
                        "title": "3-8",
                        "value": "`\u2587\u2587\u2587\u2587\u2587` 21% (3)",
                        "short": true
                    },
                    {
                        "title": "9-32",
                        "value": "`\u2587\u2587\u2587\u2587\u2587` 21% (3)",
                        "short": true
                    },
                    {
                        "title": "33-128",
                        "value": "`\u2587\u2587` 7% (1)",
                        "short": true
                    },
                    {
                        "title": "\u0431\u043e\u043b\u0435\u0435 128",
                        "value": "`\u2062` 0%",
                        "short": true
                    },
                    {
                        "title": "Total votes",
                        "value": "14",
                        "short": true
                    }
                ],
                "mrkdwn_in": [
                    "fields"
                ]
            }
        ],
        "edited": {
            "user": "U0L9E04J0",
            "ts": "1478167720.000000"
        },
        "ts": "1478085461.003343"
    },
    {
        "type": "message",
        "user": "U1BJD7KSR",
        "text": "\u042d\u0442\u043e \u0441\u043a\u043e\u043b\u044c\u043a\u043e \u0432 \u0433\u0440\u0430\u043c\u043c\u0430\u0445?",
        "ts": "1478085509.003346"
    },
    {
        "type": "message",
        "user": "U0FQW7HH7",
        "text": "&gt;20\u0433 \u044d\u0442\u0430\u043d\u043e\u043b\u0430 \u043f\u043e\u0445\u043e\u0436\u0435",
        "ts": "1478085537.003352"
    },
    {
        "type": "message",
        "user": "U0FGKCY31",
        "text": "15-35 \u0441\u043f\u0438\u0440\u0442\u0430 \u043d\u0430\u0432\u0435\u0440\u043d\u043e\u0435",
        "ts": "1478085538.003353"
    },
    {
        "type": "message",
        "user": "U2T2K1NPR",
        "text": "\u0434\u0432\u0435 \u0447\u0430\u0439\u043d\u044b\u0435 \u043b\u043e\u0436\u043a\u0438 \u0431\u0435\u0439\u043b\u0438\u0441\u0430?",
        "ts": "1478085551.003354"
    },
    {
        "type": "message",
        "user": "U1BJD7KSR",
        "text": "\u0412\u0438\u043d\u043e \u0442\u043e\u0436\u0435 \u0440\u0430\u0437\u043d\u043e\u0435 \u0431\u044b\u0432\u0430\u0435\u0442",
        "ts": "1478085558.003355"
    },
    {
        "type": "message",
        "user": "U1BJD7KSR",
        "text": "\u0418 \u043f\u0438\u0432\u043e \u0431\u044b\u0432\u0430\u0435\u0442 \u044f\u0434\u0435\u0440\u043d\u044b\u043c \u043f\u0438\u043d\u0433\u0432\u0438\u043d\u043e\u043c",
        "ts": "1478085568.003356"
    },
    {
        "type": "message",
        "user": "U0FGKCY31",
        "text": "\u0421\u0447\u0438\u0442\u0430\u0439\u0442\u0435 \"\u0430\u0431\u0441\u0442\u0440\u0430\u043a\u0442\u043d\u0430\u044f \u043f\u043e\u043b\u043d\u043e\u0446\u0435\u043d\u043d\u0430\u044f \u043f\u043e\u0440\u0446\u0438\u044f\".",
        "ts": "1478085596.003357"
    },
    {
        "type": "message",
        "user": "U0F6P8JAG",
        "text": "\u041d\u0435 \u043c\u043e\u0433\u0443 \u043e\u0442\u0432\u0435\u0442\u0438\u0442\u044c, \u043f\u043e\u0442\u043e\u043c\u0443 \u0447\u0442\u043e \u043d\u0435 \u043c\u043e\u0433\u0443 \u043f\u043e\u0441\u0447\u0438\u0442\u0430\u0442\u044c, \u0431\u043e\u043b\u044c\u0448\u0435 8 \u0438\u043b\u0438 \u043c\u0435\u043d\u044c\u0448\u0435. \u041f\u0430\u0440\u0430 \u043a\u0430\u043a\u0438\u0445-\u0442\u043e \u0414\u0420, \u043d\u043e\u0432\u044b\u0439 \u0433\u043e\u0434, \u0435\u0449\u0451 \u043a\u0430\u043a\u0438\u0435-\u0442\u043e \u0441\u043b\u0443\u0447\u0430\u0439\u043d\u044b\u0435 \u0441\u043e\u0446\u0438\u0430\u043b\u044c\u043d\u044b\u0435 \u043f\u043e\u0432\u043e\u0434\u044b - \u043f\u0440\u0438\u043c\u0435\u0440\u043d\u043e 8-9 \u0438 \u0432\u044b\u0445\u043e\u0434\u0438\u0442.",
        "ts": "1478085681.003358"
    },
    {
        "type": "message",
        "user": "U2T2K1NPR",
        "text": "\u044f \u0431\u044b \u0441\u043a\u0430\u0437\u0430\u043b\u0430, \u0447\u0442\u043e \u044d\u0442\u043e 3-8",
        "ts": "1478085705.003359"
    },
    {
        "type": "message",
        "user": "U1BJD7KSR",
        "text": "\u042f \u0432\u043e\u0442 \u0442\u043e\u043b\u044c\u043a\u043e \u0433\u043e\u0440\u044f\u0447\u0435\u0435 \u0432\u0438\u043d\u043e \u043f\u0438\u043b \u043d\u0435\u0434\u0430\u0432\u043d\u043e",
        "ts": "1478085743.003362"
    },
    {
        "type": "message",
        "user": "U1BJD7KSR",
        "text": "\u0418 \u0442\u043e \u043d\u0435 \u0437\u043d\u0430\u044e, \u0431\u044b\u043b \u043b\u0438 \u0431\u043e\u043a\u0430\u043b",
        "ts": "1478085757.003363"
    },
    {
        "type": "message",
        "user": "U2MKPHGDS",
        "text": "\u0423 \u043c\u0435\u043d\u044f \u0431\u044b\u043b \u0431\u044b 0, \u0435\u0441\u043b\u0438 \u0431\u044b \u043d\u0435 \u0441\u043e\u0431\u0441\u0442\u0432\u0435\u043d\u043d\u0430\u044f \u0441\u0432\u0430\u0434\u044c\u0431\u0430 :slightly_smiling_face:",
        "ts": "1478085933.003369"
    },
    {
        "type": "message",
        "user": "U0FGKCY31",
        "text": "\u0423 \u043c\u0435\u043d\u044f \u043f\u043e\u0445\u043e\u0436\u0435, \u0441\u0442\u0430\u043a\u0430\u043d \u0433\u043b\u0438\u043d\u0442\u0432\u0435\u0439\u043d\u0430 \u0431\u044b\u043b, \u043d\u043e \u043f\u043b\u044e\u0441 \u0431\u043e\u043b\u0435\u0435 \u0433\u043e\u0434\u0430 \u043d\u0430\u0437\u0430\u0434.",
        "attachments": [
            {
                "fallback": "[November 2nd, 2016 4:22 PM] abbath: \u042f \u0432\u043e\u0442 \u0442\u043e\u043b\u044c\u043a\u043e \u0433\u043e\u0440\u044f\u0447\u0435\u0435 \u0432\u0438\u043d\u043e \u043f\u0438\u043b \u043d\u0435\u0434\u0430\u0432\u043d\u043e",
                "ts": "1478085743.003362",
                "author_subname": "abbath",
                "channel_id": "C0GKHDHC3",
                "channel_name": "chaos",
                "is_msg_unfurl": true,
                "text": "\u042f \u0432\u043e\u0442 \u0442\u043e\u043b\u044c\u043a\u043e \u0433\u043e\u0440\u044f\u0447\u0435\u0435 \u0432\u0438\u043d\u043e \u043f\u0438\u043b \u043d\u0435\u0434\u0430\u0432\u043d\u043e",
                "author_name": "Abbath",
                "author_link": "https:\/\/lesswrongru.slack.com\/team\/abbath",
                "author_icon": "https:\/\/secure.gravatar.com\/avatar\/3c26a2f918ef1387dabc7a92a3d29af0.jpg?s=48&d=https%3A%2F%2Fa.slack-edge.com%2F66f9%2Fimg%2Favatars%2Fava_0005-48.png",
                "mrkdwn_in": [
                    "text"
                ],
                "color": "D0D0D0",
                "from_url": "https:\/\/lesswrongru.slack.com\/archives\/chaos\/p1478085743003362",
                "is_share": true,
                "footer": "Posted in #chaos"
            }
        ],
        "ts": "1478085982.003370"
    },
    {
        "type": "message",
        "user": "U0L9E04J0",
        "text": "@netochka-nezvanova used `\/poll`! Each person can only vote for :one: item.  Results will be visible to everyone.",
        "bot_id": "B0L9M8116",
        "attachments": [
            {
                "callback_id": "4uZWXWZP8FYoZ6s7J",
                "fallback": "\u0421\u043a\u043e\u043b\u044c\u043a\u043e \u043a\u043e\u0444\u0435\u0438\u043d\u0430 \u0437\u0430 \u043f\u043e\u0441\u043b\u0435\u0434\u043d\u0438\u0439 \u0433\u043e\u0434 \u0432\u044b \u0443\u043f\u043e\u0442\u0440\u0435\u0431\u0438\u043b\u0438 \u0438\u0437 \u043b\u044e\u0431\u044b\u0445 \u0438\u0441\u0442\u043e\u0447\u043d\u0438\u043a\u043e\u0432?",
                "title": "\u0421\u043a\u043e\u043b\u044c\u043a\u043e \u043a\u043e\u0444\u0435\u0438\u043d\u0430 \u0437\u0430 \u043f\u043e\u0441\u043b\u0435\u0434\u043d\u0438\u0439 \u0433\u043e\u0434 \u0432\u044b \u0443\u043f\u043e\u0442\u0440\u0435\u0431\u0438\u043b\u0438 \u0438\u0437 \u043b\u044e\u0431\u044b\u0445 \u0438\u0441\u0442\u043e\u0447\u043d\u0438\u043a\u043e\u0432?",
                "id": 1,
                "title_link": "https:\/\/app.polly.ai\/slackvote\/4uZWXWZP8FYoZ6s7J",
                "color": "35a8e0",
                "actions": [
                    {
                        "id": "1",
                        "name": "one",
                        "text": "0-100\u043c\u0433",
                        "type": "button",
                        "value": "0",
                        "style": ""
                    },
                    {
                        "id": "2",
                        "name": "two",
                        "text": "100-1000\u043c\u0433",
                        "type": "button",
                        "value": "1",
                        "style": ""
                    },
                    {
                        "id": "3",
                        "name": "three",
                        "text": "1-10\u0433",
                        "type": "button",
                        "value": "2",
                        "style": ""
                    },
                    {
                        "id": "4",
                        "name": "four",
                        "text": "10-100\u0433",
                        "type": "button",
                        "value": "3",
                        "style": ""
                    },
                    {
                        "id": "5",
                        "name": "five",
                        "text": "\u0431\u043e\u043b\u044c\u0448\u0435 100\u0433",
                        "type": "button",
                        "value": "4",
                        "style": ""
                    }
                ]
            },
            {
                "callback_id": "4uZWXWZP8FYoZ6s7J",
                "fallback": "\u0421\u043a\u043e\u043b\u044c\u043a\u043e \u043a\u043e\u0444\u0435\u0438\u043d\u0430 \u0437\u0430 \u043f\u043e\u0441\u043b\u0435\u0434\u043d\u0438\u0439 \u0433\u043e\u0434 \u0432\u044b \u0443\u043f\u043e\u0442\u0440\u0435\u0431\u0438\u043b\u0438 \u0438\u0437 \u043b\u044e\u0431\u044b\u0445 \u0438\u0441\u0442\u043e\u0447\u043d\u0438\u043a\u043e\u0432?",
                "footer": "<http:\/\/app.polly.ai|app.polly.ai>\u2003<https:\/\/app.polly.ai\/slackvote\/4uZWXWZP8FYoZ6s7J|View responses>",
                "id": 2,
                "footer_icon": "https:\/\/www.polly.ai\/favicon.ico",
                "fields": [
                    {
                        "title": "0-100\u043c\u0433",
                        "value": "`\u2587\u2587\u2587` 13% (1)",
                        "short": true
                    },
                    {
                        "title": "100-1000\u043c\u0433",
                        "value": "`\u2062` 0%",
                        "short": true
                    },
                    {
                        "title": "1-10\u0433",
                        "value": "`\u2587\u2587\u2587\u2587\u2587\u2587\u2587` 25% (2)",
                        "short": true
                    },
                    {
                        "title": "10-100\u0433",
                        "value": "`\u2587\u2587\u2587\u2587\u2587\u2587\u2587` 25% (2)",
                        "short": true
                    },
                    {
                        "title": "\u0431\u043e\u043b\u044c\u0448\u0435 100\u0433",
                        "value": "`\u2587\u2587\u2587\u2587\u2587\u2587\u2587\u2587\u2587\u2587` 38% (3)",
                        "short": true
                    },
                    {
                        "title": "",
                        "value": "",
                        "short": true
                    },
                    {
                        "title": "Total votes",
                        "value": "8",
                        "short": true
                    }
                ],
                "mrkdwn_in": [
                    "fields"
                ]
            }
        ],
        "edited": {
            "user": "U0L9E04J0",
            "ts": "1478167763.000000"
        },
        "ts": "1478086011.003371"
    },
    {
        "type": "message",
        "user": "U1BJD7KSR",
        "text": "<@U0FQW7HH7> \u043a\u0430\u043a \u0438\u0437\u043c\u0435\u0440\u044f\u0442\u044c?",
        "ts": "1478086038.003374"
    },
    {
        "type": "message",
        "user": "U0FGKCY31",
        "text": "\u0412 \u0447\u0430\u0448\u043a\u0435 \u0437\u0435\u0440\u043d\u043e\u0432\u043e\u0433\u043e \u043a\u043e\u0444\u0435 \u043e\u043a\u043e\u043b\u043e 90 \u0432\u0440\u043e\u0434\u0435.",
        "ts": "1478086062.003375"
    },
    {
        "type": "message",
        "user": "U2MKPHGDS",
        "text": "\u041e\u043d \u0432\u0440\u043e\u0434\u0435 \u0431\u044b \u0438 \u0432 \u0447\u0430\u0435 \u0435\u0441\u0442\u044c",
        "ts": "1478086068.003376"
    },
    {
        "type": "message",
        "user": "U0FQW7HH7",
        "text": "\u0435\u0441\u043b\u0438 \u0436\u0440\u0451\u0448\u044c \u0438\u0437 \u044d\u043a\u0441\u0442\u0440\u0430\u043a\u0442\u043e\u0432 \u0440\u0430\u0441\u0442\u0435\u043d\u0438\u0439, \u043c\u043e\u0436\u043d\u043e \u043f\u0440\u0438\u043a\u0438\u043d\u0443\u0442\u044c \u043f\u043e \u0442\u0438\u043f\u0438\u0447\u043d\u044b\u043c \u0446\u0438\u0444\u0440\u0430\u043c",
        "ts": "1478086073.003377"
    },
    {
        "type": "message",
        "user": "U0FQW7HH7",
        "text": "\u0434\u0430",
        "ts": "1478086078.003378"
    },
    {
        "type": "message",
        "user": "U2MKPHGDS",
        "text": "\u0418 \u0432 \u0448\u043e\u043a\u043e\u043b\u0430\u0434\u043a\u0430\u0445, \u0432\u0435\u0440\u043e\u044f\u0442\u043d\u043e",
        "ts": "1478086082.003379"
    },
    {
        "type": "message",
        "user": "U0FQW7HH7",
        "text": "\u043d\u0435\u0442, \u0432 \u0448\u043e\u043a\u043e\u043b\u0430\u0434\u043a\u0430\u0445 \u043a\u0430\u043a\u0430\u043e",
        "ts": "1478086091.003380"
    },
    {
        "type": "message",
        "user": "U2MKPHGDS",
        "text": "\u041e, \u0438 \u0432 \u043a\u043e\u043a\u0430-\u043a\u043e\u043b\u0435",
        "ts": "1478086093.003381"
    },
    {
        "type": "message",
        "user": "U0FQW7HH7",
        "text": "\u0432 \u043d\u0451\u043c \u043a\u043e\u0444\u0435\u0438\u043d\u0430 \u043d\u0435\u0442 \u0435\u043c\u043d\u0438\u043f",
        "ts": "1478086106.003382"
    },
    {
        "type": "message",
        "user": "U1BJD7KSR",
        "text": "\u0410 \u0432 \u0447\u0430\u0435?",
        "ts": "1478086179.003384"
    },
    {
        "type": "message",
        "user": "U0FGKCY31",
        "text": "\u041d\u043e \u0448\u043e\u043a\u043e\u043b\u0430\u0434 \u0431\u043e\u0434\u0440\u0438\u0442.",
        "ts": "1478086189.003385",
        "reactions": [
            {
                "name": "fallacy_anecdotal",
                "users": [
                    "U0FGKCY31"
                ],
                "count": 1
            }
        ]
    },
    {
        "type": "message",
        "user": "U1BJD7KSR",
        "text": "43 mg \u043d\u0430 100 \u0433\u0440\u0430\u043c",
        "ts": "1478086320.003389",
        "reactions": [
            {
                "name": "heart",
                "users": [
                    "U0FQW7HH7"
                ],
                "count": 1
            }
        ]
    },
    {
        "type": "message",
        "user": "U1BJD7KSR",
        "text": "\u0412 \u0448\u043e\u043a\u043e\u043b\u0430\u0434\u0435",
        "ts": "1478086324.003390"
    },
    {
        "type": "message",
        "user": "U2MKPHGDS",
        "text": "\u041a\u043e\u0440\u043e\u0447\u0435, \u044f \u043e\u0442\u0432\u0435\u0447\u0443 0-100, \u0442\u0430\u043a \u043a\u0430\u043a \u043a\u043e\u0444\u0435 \u043d\u0435 \u043f\u044c\u044e, \u043d\u043e \u043d\u0430 \u0441\u0430\u043c\u043e\u043c \u0434\u0435\u043b\u0435 \u043c\u043e\u0436\u0435\u0442 \u0431\u044b\u0442\u044c \u0438 \u0431\u043e\u043b\u044c\u0448\u0435 \u0437\u0430 \u0441\u0447\u0451\u0442 \u0434\u0440\u0443\u0433\u0438\u0445 \u0438\u0441\u0442\u043e\u0447\u043d\u0438\u043a\u043e\u0432, \u043a\u043e\u0442\u043e\u0440\u044b\u0435 \u044f \u043d\u0435 \u0437\u043d\u0430\u044e \u043a\u0430\u043a \u0438\u0437\u043c\u0435\u0440\u044f\u0442\u044c \u0438 \u043a\u043e\u0442\u043e\u0440\u044b\u0435 \u043c\u043d\u0435 \u043b\u0435\u043d\u044c \u0433\u0443\u0433\u043b\u0438\u0442\u044c",
        "edited": {
            "user": "U2MKPHGDS",
            "ts": "1478086333.000000"
        },
        "ts": "1478086326.003391"
    },
    {
        "type": "message",
        "user": "U0FGKCY31",
        "text": "\u0415\u0449\u0451 \u0432 mountain dew.",
        "attachments": [
            {
                "fallback": "[November 2nd, 2016 4:28 PM] gryphon: \u041e, \u0438 \u0432 \u043a\u043e\u043a\u0430-\u043a\u043e\u043b\u0435",
                "ts": "1478086093.003381",
                "author_subname": "gryphon",
                "channel_id": "C0GKHDHC3",
                "channel_name": "chaos",
                "is_msg_unfurl": true,
                "text": "\u041e, \u0438 \u0432 \u043a\u043e\u043a\u0430-\u043a\u043e\u043b\u0435",
                "author_name": "\u0412\u0430\u0434\u0438\u043c \u0411\u043e\u0440\u043e\u0432\u0438\u043a\u043e\u0432",
                "author_link": "https:\/\/lesswrongru.slack.com\/team\/gryphon",
                "author_icon": "https:\/\/avatars.slack-edge.com\/2016-10-16\/91918437329_959100e5c45cd19123e9_48.jpg",
                "mrkdwn_in": [
                    "text"
                ],
                "color": "D0D0D0",
                "from_url": "https:\/\/lesswrongru.slack.com\/archives\/chaos\/p1478086093003381",
                "is_share": true,
                "footer": "Posted in #chaos"
            }
        ],
        "ts": "1478086377.003395"
    },
    {
        "type": "message",
        "user": "U1BJD7KSR",
        "text": "\u041e\u043a\u0430\u0437\u0430\u043b\u043e\u0441\u044c \u0431\u043e\u043b\u044c\u0448\u0435 100\u0433 \u0443 \u043c\u0435\u043d\u044f",
        "ts": "1478086406.003398"
    },
    {
        "type": "message",
        "user": "U1BJD7KSR",
        "text": "\u0422\u0430\u043a \u043a\u0430\u043a \u044f \u043f\u044c\u044e 1.6 \u043b\u0438\u0442\u0440\u0430 \u0447\u0430\u044f \u0432 \u0434\u0435\u043d\u044c",
        "ts": "1478086418.003399"
    },
    {
        "type": "message",
        "user": "U1BJD7KSR",
        "text": "\u0417\u0430 \u0433\u043e\u0434 \u0443\u0436\u0435 116 \u0433 \u043a\u043e\u0444\u0435\u0438\u043d\u0430 \u043f\u043e\u043b\u0443\u0447\u0430\u0435\u0442\u0441\u044f",
        "ts": "1478086434.003400"
    },
    {
        "type": "message",
        "user": "U2MKPHGDS",
        "text": "\u041d\u0443 \u0430 \u0432\u043e\u043e\u0431\u0449\u0435 \u044f \u043c\u043e\u043b\u043e\u0447\u043d\u044b\u0439 \u0448\u043e\u043a\u043e\u043b\u0430\u0434 \u0436\u0440\u0443 \u0442\u043e\u043b\u044c\u043a\u043e \u0442\u0430\u043a)",
        "ts": "1478086476.003401"
    },
    {
        "type": "message",
        "user": "U2MKPHGDS",
        "text": "\u041a\u043e\u0440\u043e\u0447\u0435, \u0441\u043d\u044f\u043b \u0433\u043e\u043b\u043e\u0441)",
        "ts": "1478086501.003403"
    },
    {
        "type": "message",
        "user": "U1BJD7KSR",
        "text": "\u0412 \u043c\u043e\u043b\u043e\u0447\u043d\u043e\u043c \u0448\u043e\u043a\u043e\u043b\u0430\u0434\u0435 \u043a\u043e\u0444\u0435\u0438\u043d\u0430 \u043a\u0430\u043a \u0432 \u0447\u0430\u0435",
        "ts": "1478086506.003404"
    },
    {
        "type": "message",
        "user": "U0FQW7HH7",
        "text": "\u0432 \u043c\u043e\u043b\u043e\u0447\u043d\u043e\u043c \u0448\u043e\u043a\u043e\u043b\u0430\u0434\u0435 \u043f\u043e\u0440\u044f\u0434\u043a\u0430 40% \u043a\u0430\u043a\u0430\u043e \u0435\u043c\u043d\u0438\u043f",
        "ts": "1478086529.003405"
    },
    {
        "type": "message",
        "user": "U0FGKCY31",
        "text": "\u042d\u0442\u043e \u043a\u0430\u043a \u043f\u043e\u0432\u0435\u0437\u0451\u0442.",
        "ts": "1478086546.003406"
    },
    {
        "type": "message",
        "user": "U0FQW7HH7",
        "text": "\u0442\u0430\u043a \u0447\u0442\u043e \u044f \u0431\u044b \u0441\u0447\u0438\u0442\u0430\u043b\u0430 \u0437\u0430 25\u043c\u0433",
        "ts": "1478086548.003407"
    },
    {
        "user": "U1ZPGFN3Y",
        "text": "<@U1ZPGFN3Y|sergey.s> has joined the channel",
        "type": "message",
        "subtype": "channel_join",
        "ts": "1478087801.003409"
    },
    {
        "type": "message",
        "user": "U0G6DS4F8",
        "text": "\u0410\u043b\u043a\u043e\u0433\u043e\u043b\u044c. 33-128 \u043a\u0430\u043a\u043e\u0439-\u0442\u043e \u0431\u043e\u043b\u044c\u0448\u043e\u0439 \u0440\u0430\u0437\u0431\u0440\u043e\u0441. \u042f \u043d\u0435 \u0441\u0447\u0438\u0442\u0430\u043b, \u043d\u043e \u0434\u0443\u043c\u0430\u044e 40-50. \u041f\u0440\u0438 \u0442\u043e\u043c, \u0447\u0442\u043e \u0441 \u0430\u0432\u0433\u0443\u0441\u0442\u0430 \u0434\u043e \u043e\u043a\u0442\u044f\u0431\u0440\u044f \u043d\u0435 \u043f\u0438\u043b \u0432\u043e\u043e\u0431\u0449\u0435, \u0438 \u0441\u0435\u0439\u0447\u0430\u0441 \u043e\u0447\u0435\u043d\u044c \u0440\u0435\u0434\u043a\u043e.\n\u041a\u043e\u0444\u0435. \u041d\u0435 \u0437\u043d\u0430\u044e \u043a\u0430\u043a \u0441\u0447\u0438\u0442\u0430\u0442\u044c. \u0421\u0430\u043c\u043e\u0433\u043e \u043a\u043e\u0444\u0435 \u043d\u0435 \u0431\u043e\u043b\u044c\u0448\u0435 10 \u0447\u0430\u0448\u0435\u043a, 2-3 \u0440\u0430\u0437\u0430 \u044d\u043d\u0435\u0440\u0433\u0435\u0442\u0438\u043a. \u041c\u043d\u043e\u0433\u043e \u0447\u0430\u044f \u0447\u0435\u0440\u043d\u043e\u0433\u043e \u0438 \u0437\u0435\u043b\u0435\u043d\u043e\u0433\u043e",
        "ts": "1478095851.003419"
    },
    {
        "type": "message",
        "user": "U0FQW7HH7",
        "text": "\u0445\u0443\u043b\u0438 \u0442\u044b \u0442\u0430\u043c \u043d\u0435 \u0437\u043d\u0430\u0435\u0448\u044c, \u043d\u0435 \u043c\u043e\u0436\u0435\u0448\u044c \u0447\u0438\u0441\u043b\u0430 \u043f\u0435\u0440\u0435\u043c\u043d\u043e\u0436\u0438\u0442\u044c \u0438 \u0441\u043b\u043e\u0436\u0438\u0442\u044c?",
        "ts": "1478096041.003420"
    },
    {
        "type": "message",
        "user": "U2T2K1NPR",
        "text": "\u041a\u0430\u043a \u0442\u0430\u043c \u0431\u044b\u043b\u043e, shut up and multiply? )",
        "ts": "1478096110.003421"
    },
    {
        "type": "message",
        "user": "U0G6DS4F8",
        "text": "\u041d\u0435 \u0437\u043d\u0430\u044e \u043f\u043e\u0442\u043e\u043c\u0443 \u043a\u0430\u043a \u043d\u0435\u0442 \u0434\u0430\u043d\u043d\u044b\u0445. \u041d\u0435 \u0441\u0447\u0438\u0442\u0430\u043b \u0447\u0430\u0448\u043a\u0438 \u0447\u0430\u044f, \u043d\u0435 \u0441\u043c\u043e\u0442\u0440\u0435\u043b \u043a\u0430\u043a \u043a\u0440\u0435\u043f\u043a\u043e \u0437\u0430\u0432\u0430\u0440\u0438\u0432\u0430\u043b. \u041d\u0435 \u0441\u0442\u0430\u043b \u0431\u044b \u0441\u043f\u0435\u0446\u0438\u0430\u043b\u044c\u043d\u043e \u0447\u0438\u0442\u0430\u0442\u044c, \u0435\u0441\u043b\u0438 \u043d\u0435 \u043f\u043e\u043d\u0430\u0434\u043e\u0431\u0438\u0442\u044c\u0441\u044f \u043d\u0443\u0436\u0434\u044b",
        "ts": "1478096576.003422"
    },
    {
        "type": "message",
        "user": "U27VAQ1AP",
        "text": "\u0425\u043c, \u043f\u0440\u043e\u0434\u043e\u043b\u0436\u0430\u044f \u0430\u0442\u0430\u043a\u0443 \u043d\u0430 \u0441\u043e\u0446\u0438\u0430\u043b\u044c\u043d\u044b\u0435 \u0446\u0435\u043d\u043d\u043e\u0441\u0442\u0438 (\u0435\u0441\u043b\u0438 \u043d\u0435 \u0432\u044b\u0434\u0435\u0440\u0436\u0438\u0442 - \u0437\u043d\u0430\u0447\u0438\u0442 \u043e\u043d\u043e \u043d\u0435 \u043d\u0443\u0436\u043d\u043e) \u0434\u0430\u0432\u0430\u0439\u0442\u0435 \u0440\u0430\u0441\u0441\u043c\u043e\u0442\u0440\u0438\u043c \u0441\u043e \u0432\u0441\u0435\u0445 \u0441\u0442\u043e\u0440\u043e\u043d \u0442\u0430\u043a\u043e\u0439, \u043f\u043e \u043c\u043e\u0435\u043c\u0443 \u043c\u043d\u0435\u043d\u0438\u044e \u0443\u0441\u0442\u0430\u0440\u0435\u0432\u0448\u0438\u0439 \u0438 \u0431\u0435\u0441\u0441\u043c\u044b\u0441\u043b\u0435\u043d\u043d\u044b\u0439 \u0440\u0438\u0442\u0443\u0430\u043b \u043a\u0430\u043a \u0441\u0432\u0430\u0434\u044c\u0431\u0430",
        "ts": "1478100674.003423"
    },
    {
        "type": "message",
        "user": "U27VAQ1AP",
        "text": "\u041a\u0442\u043e-\u043d\u0438\u0431\u0443\u0434\u044c \u043c\u043e\u0436\u0435\u0442 \u043e\u0431\u044a\u044f\u0441\u043d\u0438\u0442\u044c \u0432 \u0447\u0435\u043c \u043c\u043e\u0436\u0435\u0442 \u0437\u0430\u043a\u043b\u044e\u0447\u0430\u0442\u044c\u0441\u044f \u0435\u0433\u043e \u043d\u0435\u043e\u0431\u0445\u043e\u0434\u0438\u043c\u043e\u0441\u0442\u044c?",
        "ts": "1478100700.003424"
    },
    {
        "type": "message",
        "user": "U0G8VK9SQ",
        "text": "\u0437\u0430\u0432\u0435\u0449\u0430\u043d\u0438\u0435 \u043d\u0435 \u043d\u0430\u0434\u043e \u043f\u0438\u0441\u0430\u0442\u044c",
        "ts": "1478100743.003425"
    },
    {
        "type": "message",
        "user": "U0G8VK9SQ",
        "text": "\u0438 \u043f\u0435\u0440\u0435\u0442\u0430\u0441\u043a\u0438\u0432\u0430\u0442\u044c \u0432 \u0434\u0440\u0443\u0433\u0443\u044e \u0441\u0442\u0440\u0430\u043d\u0443 \u043c\u043e\u0436\u043d\u043e",
        "ts": "1478100771.003426"
    },
    {
        "type": "message",
        "user": "U2T2K1NPR",
        "text": "\u041c\u044b \u0433\u043e\u0432\u043e\u0440\u0438\u043c \u043e \u0441\u0432\u0430\u0434\u044c\u0431\u0435 \u0438\u043b\u0438 \u043c\u044b \u0433\u043e\u0432\u043e\u0440\u0438\u043c \u043e \u0431\u0440\u0430\u043a\u0435?",
        "ts": "1478100804.003427"
    },
    {
        "type": "message",
        "user": "U2T2K1NPR",
        "text": "\u0420\u0430\u0437\u043d\u044b\u0435 \u0432\u0435\u0449\u0438.",
        "ts": "1478100806.003428"
    },
    {
        "type": "message",
        "user": "U27VAQ1AP",
        "text": "\u0414\u0443\u043c\u0430\u044e \u043c\u043e\u0436\u043d\u043e \u043e\u0431\u0441\u0443\u0434\u0438\u0442\u044c \u0438 \u0442\u043e \u0438 \u0442\u043e",
        "ts": "1478100841.003429"
    },
    {
        "type": "message",
        "user": "U27VAQ1AP",
        "text": "<@U0G8VK9SQ> \u0422\u043e \u0435\u0441\u0442\u044c \u0431\u0440\u0430\u043a - \u044d\u0442\u043e \u0438\u043d\u0441\u0442\u0440\u0443\u043c\u0435\u043d\u0442 \u043e\u0431\u043e\u0439\u0442\u0438 \u043f\u0440\u0435\u043f\u044f\u0442\u0441\u0442\u0432\u0438\u044f, \u0441\u043e\u0437\u0434\u0430\u0432\u0430\u0435\u043c\u044b\u0435 \u043d\u0430\u043c \u0433\u043e\u0441\u0443\u0434\u0430\u0440\u0441\u0442\u0432\u0430\u043c\u0438 \u0438 \u0433\u0440\u0430\u043d\u0438\u0446\u0430\u043c\u0438?",
        "ts": "1478100889.003430"
    },
    {
        "type": "message",
        "user": "U2T2K1NPR",
        "text": "(\u0410 \u0447\u0435\u043c \u0437\u0430\u043a\u043e\u043d\u0447\u0438\u043b\u043e\u0441\u044c \u0432\u0447\u0435\u0440\u0430\u0448\u043d\u0435\u0435? \u0415\u0441\u0442\u044c \u0443 \u043a\u043e\u0433\u043e \u0432\u044b\u0436\u0438\u043c\u043a\u0430?)",
        "ts": "1478100900.003431"
    },
    {
        "type": "message",
        "user": "U27VAQ1AP",
        "text": "\u0431\u044b\u043b\u043e \u0438\u043d\u0442\u0435\u0440\u0435\u0441\u043d\u043e",
        "ts": "1478100965.003432"
    },
    {
        "type": "message",
        "user": "U2T2K1NPR",
        "text": "\u044d\u0442\u043e \u044f \u043f\u043e\u043d\u044f\u043b\u0430 \u043f\u043e \u043a\u043e\u043b\u0438\u0447\u0435\u0441\u0442\u0432\u0443 \u0442\u0435\u043a\u0441\u0442\u043e\u0432",
        "ts": "1478101267.003433"
    },
    {
        "type": "message",
        "user": "U0FQW7HH7",
        "text": "\u043d\u0435\u043e\u0431\u0445\u043e\u0434\u0438\u043c\u043e \u0431\u0435\u0441\u043f\u043b\u0430\u0442\u043d\u043e \u043f\u043e\u0436\u0440\u0430\u0442\u044c",
        "ts": "1478101500.003434"
    },
    {
        "user": "U0G00FWH2",
        "text": "<@U0G00FWH2|random> has joined the channel",
        "type": "message",
        "subtype": "channel_join",
        "ts": "1478102694.003435"
    },
    {
        "type": "message",
        "user": "U0G00FWH2",
        "text": "<@U27VAQ1AP> \u0440\u0438\u0442\u0443\u0430\u043b\u044b \u043d\u0443\u0436\u043d\u044b \u0447\u0435\u043b\u043e\u0432\u0435\u043a\u0443 \u0438 \u0435\u0433\u043e \u043e\u043a\u0440\u0443\u0436\u0435\u043d\u0438\u044e, \u0447\u0442\u043e\u0431\u044b \u043e\u0431\u0435\u0441\u043f\u0435\u0447\u0438\u0442\u044c \u043f\u0440\u043e\u0446\u0435\u0441\u0441 \u043f\u0435\u0440\u0435\u0445\u043e\u0434\u0430 \u0438\u0437 \u043e\u0434\u043d\u043e\u0433\u043e \u0441\u043e\u0446\u0438\u0430\u043b\u044c\u043d\u043e\u0433\u043e \u0441\u0442\u0430\u0442\u0443\u0441\u0430 \u0432 \u0434\u0440\u0443\u0433\u043e\u0439. \u0441 \u043f\u0441\u0438\u0445\u043e\u043b\u043e\u0433\u0438\u0447\u0435\u0441\u043a\u043e\u0439 \u0442\u043e\u0447\u043a\u0438 \u0437\u0440\u0435\u043d\u0438\u044f. \u0447\u0442\u043e\u0431\u044b \u043d\u0435 \u043f\u0440\u043e\u0441\u0442\u043e \u0442\u044b \u0431\u044b\u043b \u0410, \u0430 \u0441\u0442\u0430\u043b \u0411, \u043d\u043e \u0438 \u043d\u0435\u043a\u043e\u0442\u043e\u0440\u044b\u0439 \u0432\u043d\u0435\u0449\u043d\u0438\u0439 \u043f\u0440\u043e\u0446\u0435\u0441\u0441, \u043a\u043e\u0442\u043e\u0440\u044b\u0439 \u043e\u0431\u043b\u0435\u0433\u0447\u0438\u0442 \u0432\u043d\u0443\u0442\u0440\u0435\u043d\u043d\u0438\u0439 \u043f\u0440\u043e\u0446\u0435\u0441\u0441, \u043f\u043e\u043c\u043e\u0436\u0435\u0442 \u043f\u0440\u043e\u0447\u0438\u0441\u0442\u0438\u0442\u044c \u0437\u0430\u043a\u044d\u0448\u0438\u0440\u043e\u0432\u0430\u043d\u043d\u044b\u0435 \u043c\u044b\u0441\u043b\u0438 \u0438 \u0442\u0434.",
        "edited": {
            "user": "U0G00FWH2",
            "ts": "1478103038.000000"
        },
        "ts": "1478102906.003436"
    },
    {
        "type": "message",
        "user": "U0G00FWH2",
        "text": "\u201c\u0440\u043e\u0436\u0434\u0435\u043d\u0438\u0435\", \u0441\u0442\u0430\u043d\u043e\u0432\u043b\u0435\u043d\u0438\u0435 \u201c\u043c\u0443\u0436\u0447\u0438\u043d\u043e\u0439\u201d, \u201c\u043c\u0443\u0436\u0435\u043c\u201d, \u201c\u0432\u043e\u0436\u0434\u0435\u043c\u201d \u0430 \u043f\u043e\u0442\u043e\u043c \u0438 \u201c\u043c\u0435\u0440\u0442\u0432\u044b\u043c\u201d - \u044d\u0442\u043e \u0432\u0441\u0435 \u0441\u043e\u043f\u0440\u043e\u0432\u043e\u0436\u0434\u0430\u043b\u043e\u0441\u044c \u0440\u0438\u0442\u0443\u0430\u043b\u0430\u043c\u0438",
        "ts": "1478102956.003437"
    },
    {
        "type": "message",
        "user": "U0G00FWH2",
        "text": "\u043f\u043e \u043a\u0440\u0430\u0439\u043d\u0435\u0439 \u043c\u0435\u0440\u0435 \u0442\u0430\u043a \u0431\u044b\u043b\u043e \u0440\u0430\u043d\u044c\u0448\u0435.",
        "edited": {
            "user": "U0G00FWH2",
            "ts": "1478103019.000000"
        },
        "ts": "1478102977.003438"
    },
    {
        "type": "message",
        "user": "U0G00FWH2",
        "text": "\u0432 \u0440\u0430\u0446\u0438\u043e \u0442\u0435\u0440\u043c\u0438\u043d\u0430\u0445 \u043c\u043e\u0436\u043d\u043e \u0441\u043a\u0430\u0437\u0430\u0442\u044c \u201c\u0434\u043b\u044f \u043f\u0435\u0440\u0432\u043e\u0439 \u0441\u0438\u0441\u0442\u0435\u043c\u044b\"",
        "ts": "1478103456.003441"
    },
    {
        "type": "message",
        "user": "U0G8VK9SQ",
        "text": "<@U27VAQ1AP> \u0434\u0430",
        "ts": "1478103460.003442"
    },
    {
        "type": "message",
        "user": "U0G00FWH2",
        "text": "\u044d\u0442\u043e \u0435\u0441\u043b\u0438 \u043f\u0440\u043e \u0441\u0432\u0430\u0434\u044c\u0431\u0443. \u0430 \u0431\u0440\u0430\u043a - \u044d\u0442\u043e \u0441\u0442\u0430\u043d\u0434\u0430\u0440\u0442\u0438\u0437\u0438\u0440\u043e\u0432\u0430\u043d\u043d\u044b\u0439 \u0433\u0440\u0430\u0436\u0434\u0430\u043d\u0441\u043a\u0438\u0439 \u043a\u043e\u043d\u0442\u0440\u0430\u043a\u0442.",
        "ts": "1478103513.003443"
    },
    {
        "type": "message",
        "user": "U0FQW7HH7",
        "text": "\u0443 \u0441\u0448\u043f \u0441\u043b\u043e\u043c\u0430\u043b\u0441\u044f \u043f\u0440\u0438\u0451\u043c \u0437\u0430\u044f\u0432\u043e\u043a \u043d\u0430 \u043b\u043e\u0442\u0435\u0440\u0435\u044e :(",
        "ts": "1478103515.003444"
    },
    {
        "type": "message",
        "user": "U0FQW7HH7",
        "text": "<http:\/\/smithforum.ru\/programma-chteniy> \u0432 \u043c\u043e\u0441\u043a\u043e\u0443-\u0441\u0438\u0442\u0438 \u043f\u0440\u0438\u0435\u0437\u0436\u0430\u044e\u0442 \u043f\u0440\u0435\u0437\u0438\u0434\u0435\u043d\u0442 \u041b\u0438\u0431\u0435\u0440\u043b\u044d\u043d\u0434\u0430 \u0438 \u0441\u043e\u0437\u0434\u0430\u0442\u0435\u043b\u044c \u043a\u043e\u043b\u0438\u043e\u043d\u043e\u0432 \u0447\u0442\u043e\u0431\u044b \u043f\u043e\u0442\u0440\u044b\u043d\u0434\u0435\u0442\u044c \u0437\u0430 \u044d\u043a\u043e\u043d\u043e\u043c\u0438\u043a\u0443",
        "ts": "1478103648.003445"
    },
    {
        "type": "message",
        "user": "U0G8VK9SQ",
        "text": "\u043f\u043e\u0439\u0434\u0451\u0448\u044c?",
        "ts": "1478103918.003446"
    },
    {
        "type": "message",
        "user": "U27VAQ1AP",
        "text": "<@U0G00FWH2> \u0434\u043e\u043f\u0443\u0441\u0442\u0438\u043c \u0434\u0432\u0430 \u0447\u0435\u043b\u043e\u0432\u0435\u043a\u0430 \u0434\u043e\u0441\u0442\u0430\u0442\u043e\u0447\u043d\u043e \u0440\u0430\u0437\u0432\u0438\u0442\u044b \u0438\u043d\u0442\u0435\u043b\u043b\u0435\u043a\u0442\u0443\u0430\u043b\u044c\u043d\u043e, \u0447\u0442\u043e\u0431\u044b \u043e\u043d\u0438 \u043d\u0435 \u043d\u0443\u0436\u0434\u0430\u043b\u0438\u0441\u044c \u0432 \u0440\u0438\u0442\u0443\u0430\u043b\u0435 \u0434\u043b\u044f \u043f\u0440\u043e\u0447\u0438\u0449\u0435\u043d\u0438\u044f \u043c\u044b\u0441\u043b\u0435\u0439. \u0417\u043d\u0430\u0447\u0438\u0442 \u043b\u0438 \u044d\u0442\u043e, \u0447\u0442\u043e \u043e\u0442 \u0431\u0440\u0430\u043a\u0430 \u043e\u0441\u0442\u0430\u0435\u0442\u0441\u044f \u0442\u043e\u043b\u044c\u043a\u043e \u043a\u043e\u043d\u0442\u0440\u0430\u043a\u0442\u043d\u0430\u044f \u0447\u0430\u0441\u0442\u044c?",
        "ts": "1478104128.003447"
    },
    {
        "type": "message",
        "user": "U0G00FWH2",
        "text": "\u0434\u0430. \u043d\u0443 \u0438 \u043f\u0440\u043e\u043f\u0443\u0449\u0435\u043d\u043d\u044b\u0439 \u0440\u0438\u0442\u0443\u0430\u043b \u0434\u043b\u044f \u043e\u043a\u0440\u0443\u0436\u0430\u044e\u0449\u0438\u0445",
        "ts": "1478104193.003448"
    },
    {
        "type": "message",
        "user": "U2T2K1NPR",
        "text": "\u0434\u0430, \u044d\u0442\u043e \u043f\u043e\u043b\u0443\u0447\u0430\u0435\u0442\u0441\u044f \u043d\u0435 \u0441\u043e\u0432\u0441\u0435\u043c \u201c\u0434\u0435\u043b\u043e \u0434\u0432\u043e\u0438\u0445\"",
        "ts": "1478104225.003449"
    },
    {
        "type": "message",
        "user": "U2T2K1NPR",
        "text": "\u043c\u044b \u0442\u0430\u043a\u0438 \u043f\u0440\u043e \u0431\u0440\u0430\u043a \u043f\u043e\u043a\u0430, \u0447\u0442\u043e\u0431\u044b \u043d\u0435 \u043f\u0443\u0442\u0430\u0442\u044c\u0441\u044f?",
        "ts": "1478104237.003450"
    },
    {
        "type": "message",
        "user": "U0G8VK9SQ",
        "text": "\u043a\u043e\u0433\u0434\u0430 \u043b\u044e\u0434\u0438 \u0433\u043e\u0432\u043e\u0440\u044f\u0442, \u0447\u0442\u043e \u0434\u043e\u0441\u0442\u0430\u0442\u043e\u0447\u043d\u043e \u0440\u0430\u0437\u0432\u0438\u0442\u044b , \u0447\u0442\u043e\u0431\u044b \u043d\u0430 \u043d\u0438\u0445 \u0432\u043b\u0438\u044f\u043b\u0438 \u0442\u043e\u043b\u044c\u043a\u043e \u0440\u0430\u0446\u0438\u043e\u043d\u0430\u043b\u044c\u043d\u044b\u0435 \u0448\u0442\u0443\u043a\u0438, \u043e\u043d\u0438 \u0441\u0435\u0431\u044f \u043e\u0431\u043c\u0430\u043d\u044b\u0432\u0430\u044e\u0442\n\u043f\u0440\u0443\u0444\u044b \u0432 \"\u041f\u0441\u0438\u0445\u043e\u043b\u043e\u0433\u0438\u0438 \u0432\u043b\u0438\u044f\u043d\u0438\u044f\"",
        "ts": "1478104269.003451",
        "reactions": [
            {
                "name": "heavy_plus_sign",
                "users": [
                    "U0G00FWH2",
                    "U2T2K1NPR",
                    "U27VAQ1AP",
                    "U0FGKCY31",
                    "U0FS0PUM8",
                    "U1ZPGFN3Y",
                    "U0HJ93C3B"
                ],
                "count": 7
            }
        ]
    },
    {
        "type": "message",
        "user": "U0FQW7HH7",
        "text": "<@U0G8VK9SQ> 0.3",
        "ts": "1478104276.003452"
    },
    {
        "type": "message",
        "user": "U0G8VK9SQ",
        "text": "<@U0FQW7HH7> \u043f\u043e\u0442\u043e\u043c\u0443 \u0447\u0442\u043e \u043d\u0435 \u043f\u0440\u043e\u0441\u043d\u0451\u0448\u044c\u0441\u044f?",
        "ts": "1478104304.003453"
    },
    {
        "type": "message",
        "user": "U0FQW7HH7",
        "text": "\u0434\u0430",
        "ts": "1478104311.003454"
    },
    {
        "type": "message",
        "user": "U0G8VK9SQ",
        "text": "\u043d\u0435 \u043b\u043e\u0436\u0438\u0441\u044c",
        "ts": "1478104349.003455"
    },
    {
        "type": "message",
        "user": "U0FQW7HH7",
        "text": "\u0442\u043e\u0433\u0434\u0430 \u044f \u0442\u0430\u043c \u0443\u0441\u043d\u0443",
        "ts": "1478104358.003456"
    },
    {
        "type": "message",
        "user": "U0G8VK9SQ",
        "text": "\u0430 \u043a\u043e\u0444\u0435\u0438\u043d \u0442\u044b \u0437\u0430\u0447\u0435\u043c \u043f\u043e\u043a\u0443\u043f\u0430\u043b?",
        "ts": "1478104375.003457"
    },
    {
        "type": "message",
        "user": "U0FQW7HH7",
        "text": "\u0447\u0442\u043e\u0431\u044b \u043d\u0430 \u043f\u043e\u043b\u043e\u0447\u043a\u0435 \u0441\u0442\u043e\u044f\u043b",
        "ts": "1478104454.003458"
    },
    {
        "type": "message",
        "user": "U27VAQ1AP",
        "text": "<@U0G8VK9SQ> \u0412\u0430\u0436\u043d\u044b\u043c \u044f \u0441\u0447\u0438\u0442\u0430\u044e \u044f\u0432\u043b\u044f\u0435\u0442\u0441\u044f \u0433\u0440\u0430\u0434\u0438\u0435\u043d\u0442 \u0432 \u0441\u0442\u043e\u0440\u043e\u043d\u0443 \"\u0431\u044b\u0442\u044c \u0442\u0430\u043a\u0438\u043c \u0447\u0435\u043b\u043e\u0432\u0435\u043a\u043e\u043c \u0442\u043e\u0431\u044b \u043d\u0430 \u043d\u0438\u0445 \u0432\u043b\u0438\u044f\u043b\u0438 \u0442\u043e\u043b\u044c\u043a\u043e \u0440\u0430\u0446\u0438\u043e\u043d\u0430\u043b\u044c\u043d\u044b\u0435 \u0448\u0442\u0443\u043a\u0438\"",
        "ts": "1478104706.003459"
    },
    {
        "type": "message",
        "user": "U27VAQ1AP",
        "text": "<@U0G00FWH2> \u0422\u0435\u043f\u0435\u0440\u044c, \u0435\u0441\u043b\u0438 \u043e\u0441\u0442\u0430\u043b\u0441\u044f \u0442\u043e\u043b\u044c\u043a\u043e \u043a\u043e\u043d\u0442\u0440\u0430\u043a\u0442, \u0442\u043e \u043d\u0443\u0436\u043d\u043e \u043f\u043e\u0441\u043c\u043e\u0442\u0440\u0435\u0442\u044c - \u043d\u0435\u043e\u0431\u0445\u043e\u0434\u0438\u043c \u043b\u0438 \u0432\u043d\u0435\u0448\u043d\u0438\u0439 \u0430\u0440\u0431\u0438\u0442\u0440 (\u0417\u0410\u0413\u0421\/\u0413\u043e\u0441\u0443\u0434\u0430\u0440\u0441\u0442\u0432\u043e) \u0434\u043b\u044f \u0442\u043e\u0433\u043e, \u0447\u0442\u043e\u0431\u044b \u0441\u0434\u0435\u043b\u0430\u0442\u044c \u043a\u043e\u043d\u0442\u0440\u0430\u043a\u0442 \u043b\u0443\u0447\u0448\u0435 (\u043d\u0430\u043f\u0440\u0438\u043c\u0435\u0440 \u0441\u043b\u0435\u0434\u0438\u0442\u044c \u0437\u0430 \u0435\u0433\u043e \u0438\u0441\u043f\u043e\u043b\u043d\u0435\u043d\u0438\u0435\u043c) \u0418 \u0435\u0441\u043b\u0438 \u043d\u0435\u043e\u0431\u0445\u043e\u0434\u0438\u043c, \u0442\u043e \u0432 \u043a\u0430\u043a\u0438\u0445 \u0441\u043b\u0443\u0447\u0430\u044f\u0445. \u0414\u043e\u043f\u0443\u0441\u0442\u0438\u043c \u0443 \u043f\u0430\u0440\u044b \u043d\u0435\u0442 \u0434\u0435\u0442\u0435\u0439 - \u0432 \u044d\u0442\u043e\u043c \u0441\u043b\u0443\u0447\u0430\u0435, \u0435\u0441\u043b\u0438 \u043e\u0434\u0438\u043d \u0438\u0437 \u043f\u0430\u0440\u0442\u043d\u0435\u0440\u043e\u0432 \u0440\u0435\u0448\u0438\u0442 \u0432\u044b\u0439\u0442\u0438 \u0438\u0437 \u0441\u043e\u0433\u043b\u0430\u0448\u0435\u043d\u0438\u044f - \u043c\u043e\u0436\u0435\u0442 \u043b\u0438 \u0430\u0440\u0431\u0438\u0442\u0440 \u0435\u043c\u0443 \u043f\u043e\u043c\u0435\u0448\u0430\u0442\u044c?",
        "ts": "1478104815.003460"
    },
    {
        "type": "message",
        "user": "U2T2K1NPR",
        "text": "\u0432\u043d\u0435\u0448\u043d\u0438\u0439 \u0430\u0440\u0431\u0438\u0442\u0440 \u043c\u043e\u0436\u0435\u0442 \u043f\u043e\u043c\u043e\u0447\u044c \u0432 \u0441\u043b\u0443\u0447\u0430\u0435 \u0440\u0430\u0437\u0434\u0435\u043b\u0430 \u0438\u043c\u0443\u0449\u0435\u0441\u0442\u0432\u0430 \u0438 \u043f\u0440\u043e\u0447\u0438\u0445 \u0442\u0430\u043a\u0438\u0445 \u0432\u0435\u0449\u0435\u0439",
        "ts": "1478104856.003461"
    },
    {
        "type": "message",
        "user": "U0G00FWH2",
        "text": "\u0435\u0441\u043b\u0438 \u044d\u0442\u043e \u043d\u0430\u0440\u0443\u0448\u0430\u0435\u0442 \u043a\u043e\u043d\u0442\u0440\u0430\u043a\u0442, \u0442\u043e \u0434\u0430. \u0441\u043c \u201c\u0441\u0443\u0434\u0435\u0431\u043d\u0430\u044f \u0441\u0438\u0441\u0442\u0435\u043c\u0430\"",
        "edited": {
            "user": "U0G00FWH2",
            "ts": "1478104883.000000"
        },
        "ts": "1478104861.003462"
    },
    {
        "type": "message",
        "user": "U0G8VK9SQ",
        "text": "<@U27VAQ1AP> \u044f \u0441\u0447\u0438\u0442\u0430\u044e, \u0440\u0430\u0446\u0438\u043e\u043d\u0430\u043b\u044c\u043d\u043e \u0437\u043d\u0430\u0442\u044c, \u043a\u0430\u043a\u0438\u0435 \u043d\u0435\u0440\u0430\u0446\u0438\u043e\u043d\u0430\u043b\u044c\u043d\u044b\u0435 \u0432\u043b\u0438\u044f\u044e\u0442 \u0438 \u0438\u0441\u043f\u043e\u043b\u044c\u0437\u043e\u0432\u0430\u0442\u044c \u044d\u0442\u043e\u0442 \u0438\u043d\u0441\u0442\u0440\u0443\u043c\u0435\u043d\u0442 \u043d\u0430 \u0441\u0435\u0431\u044f",
        "ts": "1478104894.003464",
        "reactions": [
            {
                "name": "heavy_plus_sign",
                "users": [
                    "U27VAQ1AP",
                    "U2T2K1NPR",
                    "U0FGKCY31"
                ],
                "count": 3
            }
        ]
    },
    {
        "type": "message",
        "user": "U27VAQ1AP",
        "text": "\u0415\u0441\u0442\u044c \u0442\u0430\u043a\u0436\u0435 \u043f\u043e\u0441\u044b\u043b\u043a\u0430 \u043e \u0442\u043e\u043c, \u0447\u0442\u043e \u0432 \u0440\u0435\u0430\u043b\u044c\u043d\u043e\u0441\u0442\u0438 \u0430\u0440\u0431\u0438\u0442\u0440 \u043d\u0435 \u0432\u044b\u043f\u043e\u043b\u043d\u044f\u0435\u0442 \u0441\u0432\u043e\u0438\u0445 \u0444\u0443\u043d\u043a\u0446\u0438\u0439 - \u0442.\u0435. \u0432 \u0440\u0430\u0437\u0434\u0435\u043b\u0435 \u0438\u043c\u0443\u0449\u0435\u0441\u0442\u0432\u0430 \u043f\u043e\u0431\u0435\u0436\u0434\u0430\u0435\u0442 \u0441\u0442\u043e\u0440\u043e\u043d\u0430, \u043a\u043e\u0442\u043e\u0440\u0430\u044f \u043c\u043e\u0436\u0435\u0442 \u0432\u043b\u043e\u0436\u0438\u0442\u044c \u0431\u043e\u043b\u044c\u0448\u0435 \u0441\u0440\u0435\u0434\u0441\u0442\u0432 \u0434\u043b\u044f \u043b\u043e\u0431\u0431\u0438\u0440\u043e\u0432\u0430\u043d\u0438\u044f \u0441\u0432\u043e\u0435\u0433\u043e \u0432\u0430\u0440\u0438\u0430\u043d\u0442\u0430 \u0440\u0430\u0437\u0434\u0435\u043b\u0430",
        "ts": "1478104988.003465"
    },
    {
        "type": "message",
        "user": "U2T2K1NPR",
        "text": "\u0432\u043e\u0442 \u043d\u0430\u043f\u0440\u0438\u043c\u0435\u0440, \u043c\u043e\u0439 \u0431\u0440\u0430\u0442 \u0436\u0435\u043d\u0438\u043b\u0441\u044f \u2014 \u043a\u0430\u043a \u0440\u0430\u0437 \u043e\u0431\u0441\u0443\u0436\u0434\u0430\u043b\u0438 \u0441 \u0442\u0435\u043f\u0435\u0440\u044c \u0443\u0436\u0435 \u0436\u0435\u043d\u043e\u0439, \u0441\u0442\u043e\u0438\u0442 \u043b\u0438 \u0431\u0440\u0430\u043a \u0438 \u0441\u0442\u043e\u0438\u0442 \u043b\u0438 \u0441\u0432\u0430\u0434\u044c\u0431\u0443 (\u043e\u0442\u0434\u0435\u043b\u044c\u043d\u044b\u0435 \u0431\u044b\u043b\u0438 \u0432\u043e\u043f\u0440\u043e\u0441\u044b).",
        "ts": "1478105024.003466"
    },
    {
        "type": "message",
        "user": "U0G00FWH2",
        "text": "\u043a\u043e\u0440\u043e\u0447\u0435, \u0432 \u0431\u0440\u0430\u043a\u0435 \u043d\u0430\u043f\u0438\u0445\u0430\u043d\u043e \u043c\u043d\u043e\u0433\u043e \u0432\u0441\u044f\u043a\u043e\u0439 \u0441\u0442\u0440\u0430\u043d\u043d\u043e\u0439 \u043f\u043e\u043b\u0443\u0440\u0435\u043b\u0438\u0433\u0438\u043e\u0437\u043d\u043e\u0439 \u043b\u0430\u0431\u0443\u0434\u044b. \u043d\u043e \u0431\u043e\u043b\u044c\u0448\u0430\u044f \u0447\u0430\u0441\u0442\u044c \u044d\u0442\u043e\u0433\u043e \u043a\u043e\u043d\u0442\u0440\u0430\u043a\u0442\u0430 - \u043f\u0440\u043e\u0432\u0435\u0440\u0435\u043d\u043d\u044b\u0435 \u0432\u0440\u0435\u043c\u0435\u043d\u0435\u043c \u0448\u0442\u0443\u043a\u0438, \u043a\u043e\u0442\u043e\u0440\u044b\u0435 \u0434\u043e\u0432\u043e\u043b\u044c\u043d\u043e \u043d\u043e\u0440\u043c\u0430\u043b\u044c\u043d\u043e \u043e\u0440\u0433\u0430\u043d\u0438\u0437\u0443\u044e\u0442 \u0441\u043e\u0446\u0438\u0430\u043b\u044c\u043d\u0443\u044e \u0436\u0438\u0437\u043d\u044c.",
        "ts": "1478105039.003467",
        "reactions": [
            {
                "name": "heavy_plus_sign",
                "users": [
                    "U0HJ93C3B"
                ],
                "count": 1
            }
        ]
    },
    {
        "type": "message",
        "user": "U2T2K1NPR",
        "text": "\u0440\u0435\u0448\u0438\u043b\u0438, \u0447\u0442\u043e \u0441\u0442\u043e\u0438\u0442 \u0431\u0440\u0430\u043a \u0434\u043b\u044f \u0443\u043f\u0440\u043e\u0449\u0435\u043d\u0438\u044f \u0444\u043e\u0440\u043c\u0430\u043b\u044c\u043d\u043e\u0441\u0442\u0435\u0439, \u0441\u0432\u044f\u0437\u0430\u043d\u043d\u044b\u0445 \u0441 \u0434\u0435\u0442\u044c\u043c\u0438, \u0430 \u0441\u0432\u0430\u0434\u044c\u0431\u0443 \u2014 \u043f\u043e\u0442\u043e\u043c\u0443 \u0447\u0442\u043e \u044d\u0442\u043e \u0441\u0430\u043c\u044b\u0439 \u043c\u0435\u043d\u0435\u0435 \u0442\u0440\u0443\u0434\u043e\u0437\u0430\u0442\u0440\u0430\u0442\u043d\u044b\u0439 \u0441\u043f\u043e\u0441\u043e\u0431 \u0443\u0441\u0442\u0430\u043a\u0430\u043d\u0438\u0442\u044c \u0432 \u044d\u0442\u043e\u043c \u043d\u043e\u0432\u043e\u043c \u0441\u0442\u0430\u0442\u0443\u0441\u0435 \u0432\u0441\u044e \u0440\u043e\u0434\u043d\u044e. \u0438 \u0441\u043f\u043e\u0441\u043e\u0431 \u0445\u043e\u0440\u043e\u0448\u043e \u043f\u043e\u0433\u0443\u043b\u044f\u0442\u044c.",
        "ts": "1478105069.003468"
    },
    {
        "type": "message",
        "user": "U27VAQ1AP",
        "text": "\u041f\u0440\u043e\u043a\u043e\u043c\u043c\u0435\u043d\u0442\u0438\u0440\u0443\u0439\u0442\u0435 \u043f\u043e\u0436\u0430\u043b\u0443\u0439\u0441\u0442\u0430 \u043f\u043e\u0441\u043b\u0435\u0434\u043d\u0438\u0439 \u0430\u0440\u0433\u0443\u043c\u0435\u043d\u0442",
        "ts": "1478105070.003469"
    },
    {
        "type": "message",
        "user": "U0G00FWH2",
        "text": "\u043a\u043e\u0442\u043e\u0440\u044b\u0439?",
        "ts": "1478105102.003470"
    },
    {
        "type": "message",
        "user": "U27VAQ1AP",
        "text": "\"\u0415\u0441\u0442\u044c \u0442\u0430\u043a\u0436\u0435 \u043f\u043e\u0441\u044b\u043b\u043a\u0430 \u043e \u0442\u043e\u043c, ..\"",
        "ts": "1478105120.003471"
    },
    {
        "type": "message",
        "user": "U0G8VK9SQ",
        "text": "\u0443 \u0442\u0435\u0431\u044f \u0433\u043e\u0442\u043e\u0432\u0430 \u0441\u0445\u0435\u043c\u0430 \u0440\u0435\u0448\u0435\u043d\u0438\u0435 \u0441\u043f\u043e\u0440\u043e\u0432 \u0431\u0435\u0437 \u0430\u0440\u0431\u0438\u0442\u0440\u0430?",
        "ts": "1478105187.003472"
    },
    {
        "type": "message",
        "user": "U0G00FWH2",
        "text": "\u0444\u0435\u0439\u043b \u0441\u0443\u0434\u0435\u0431\u043d\u043e\u0439 \u0441\u0438\u0441\u0442\u0435\u043c\u044b ( \u0441\u0438\u0441\u0442\u0435\u043c\u0430\u0442\u0438\u0447\u0435\u0441\u043a\u0438\u0439, \u043d\u043e \u0434\u0430\u043b\u0435\u043a\u043e \u043d\u0435 \u0432\u0441\u0435\u0433\u0434\u0430 \u0441\u043b\u0443\u0447\u0430\u044e\u0449\u0438\u0439\u0441\u044f) - \u043a\u0430\u043a-\u0442\u043e \u0441\u043e\u0432\u0441\u0435\u043c \u0434\u0440\u0443\u0433\u0430\u044f \u0442\u0435\u043c\u0430 \u0438 \u0440\u0430\u0441\u043f\u0440\u043e\u0441\u0442\u0440\u0430\u043d\u044f\u0435\u0442\u0441\u044f \u043d\u0430 \u043c\u043d\u043e\u0436\u0435\u0441\u0442\u0432\u043e \u0434\u0440\u0443\u0433\u0438\u0445 \u0448\u0442\u0443\u043a \u043a\u0440\u043e\u043c\u0435 \u0431\u0440\u0430\u043a\u0430",
        "ts": "1478105220.003473",
        "reactions": [
            {
                "name": "heavy_plus_sign",
                "users": [
                    "U2T2K1NPR",
                    "U27VAQ1AP",
                    "U0FGKCY31",
                    "U1ZPGFN3Y",
                    "U0HJ93C3B"
                ],
                "count": 5
            }
        ]
    },
    {
        "type": "message",
        "user": "U27VAQ1AP",
        "text": "<@U0G8VK9SQ> \u0423 \u043c\u0435\u043d\u044f \u0435\u0441\u0442\u044c \u0436\u0435\u043b\u0430\u043d\u0438\u0435 \u0440\u0430\u0441\u0441\u043c\u043e\u0442\u0440\u0435\u0442\u044c \u0431\u0440\u0430\u043a \u0438 \u043f\u0440\u043e\u0430\u043d\u0430\u043b\u0438\u0437\u0438\u0440\u043e\u0432\u0430\u0442\u044c, \u0443\u0434\u043e\u0432\u043b\u0435\u0442\u0432\u043e\u0440\u044f\u0435\u0442 \u043b\u0438 \u043e\u043d \u043f\u0440\u0435\u0434\u044c\u044f\u0432\u043b\u044f\u0435\u043c\u044b\u043c \u0442\u0440\u0435\u0431\u043e\u0432\u0430\u043d\u0438\u044f\u043c \u0438\u043b\u0438 \u044d\u0442\u043e \u0443\u0436\u0435 \u0430\u0442\u0430\u0432\u0438\u0437\u043c. \u0418 \u0435\u0441\u043b\u0438 \u043d\u0435 \u0443\u0434\u043e\u0432\u043b\u0435\u0442\u0432\u043e\u0440\u044f\u0435\u0442 - \u0440\u0430\u0437\u0440\u0430\u0431\u043e\u0442\u0430\u0442\u044c \u0434\u0440\u0443\u0433\u0443\u044e \u0444\u043e\u0440\u043c\u0443 \u0447\u0435\u0433\u043e-\u0442\u043e \u0447\u0442\u043e \u0431\u0443\u0434\u0435\u0442 \u0443\u0434\u043e\u0432\u043b\u0435\u0442\u0432\u043e\u0440\u044f\u0442\u044c \u043b\u0443\u0447\u0448\u0435, \u0438\u043b\u0438 \u0443\u0431\u0435\u0434\u0438\u0442\u044c\u0441\u044f \u0447\u0442\u043e \u043d\u0438\u0447\u0435\u0433\u043e \u043b\u0443\u0447\u0448\u0435 \u0431\u0440\u0430\u043a\u0430 \u043f\u0440\u0438\u0434\u0443\u043c\u0430\u0442\u044c \u043d\u0435\u043b\u044c\u0437\u044f",
        "ts": "1478105438.003474"
    },
    {
        "type": "message",
        "user": "U27VAQ1AP",
        "text": "\u041f\u043e\u044d\u0442\u043e\u043c\u0443 \u044f \u0445\u043e\u0442\u0435\u043b \u0431\u044b \u043f\u043e\u043b\u043d\u0435\u0435 \u0441\u043e\u0441\u0442\u0430\u0432\u0438\u0442\u044c \u043f\u0440\u0435\u0434\u0441\u0442\u0432\u0430\u043b\u0435\u043d\u0438\u0435 \u043e \u0442\u043e\u043c \u0432 \u0447\u0435\u043c \u0431\u0440\u0430\u043a \u0441\u043f\u0440\u0430\u0432\u043b\u044f\u0435\u0442\u0441\u044f \u0430 \u0432 \u0447\u0435\u043c \u043d\u0435\u0442, \u0438 \u0447\u0442\u043e \u0432\u043e\u043e\u0431\u0449\u0435 \u043c\u043e\u0436\u043d\u043e \u0445\u043e\u0442\u0435\u0442\u044c \u043e\u0442 \u0441\u0443\u0449\u043d\u043e\u0441\u0442\u0438 \u043a\u043e\u0442\u043e\u0440\u0430\u044f \u0434\u043e\u043b\u0436\u043d\u0430 \u0440\u0435\u0448\u0430\u0442\u044c \u0441\u043e\u043f\u0443\u0442\u0441\u0442\u0432\u0443\u044e\u0449\u0438\u0435 \u043f\u0440\u043e\u0431\u043b\u0435\u043c\u044b",
        "ts": "1478105568.003475"
    },
    {
        "type": "message",
        "user": "U0G00FWH2",
        "text": "\u041f\u0440\u0430\u043a\u0442\u0438\u0447\u0435\u0441\u043a\u0438 \u0432\u0441\u0435 \u0441\u043e\u0446\u0438\u0430\u043b\u044c\u043d\u044b\u0435 \u0438\u043d\u0441\u0442\u0438\u0442\u0443\u0442\u044b \u043c\u043e\u0436\u043d\u043e \u043f\u0440\u0438\u0434\u0443\u043c\u0430\u0442\u044c \u043b\u0443\u0447\u0448\u0435. \u043e\u0441\u043e\u0431\u0435\u043d\u043d\u043e \u043d\u0430 \u0431\u0443\u043c\u0430\u0433\u0435. \u043f\u0440\u043e\u0431\u043b\u0435\u043c\u0430 \u0432 \u0442\u043e\u043c, \u0447\u0442\u043e \u0441\u043e\u0446\u0438\u0430\u043b\u044c\u043d\u043e\u0435 \u0432\u0437\u0430\u0438\u043c\u043e\u0434\u0435\u0439\u0441\u0442\u0432\u0438\u0435 \u043d\u0430\u0441\u0442\u043e\u043b\u044c\u043a\u043e \u0441\u043b\u043e\u0436\u043d\u043e\u0435, \u0447\u0442\u043e \u044f \u0431\u044b \u0441\u043a\u0430\u0437\u0430\u043b \u043d\u0435\u0432\u044b\u0447\u0438\u0441\u043b\u0438\u043c\u043e. \u0438 \u0437\u0430\u043c\u0435\u043d\u044f\u0442\u044c \u043e\u0434\u0438\u043d \u0438\u043d\u0441\u0442\u0438\u0442\u0443\u0442 \u043d\u0430 \u0434\u0440\u0443\u0433\u043e\u0439 \u0447\u0440\u0435\u0432\u0430\u0442\u043e \u0442\u0435\u043c, \u0447\u0442\u043e \u0442\u044b \u043f\u043b\u043e\u0445\u043e \u0441\u043c\u043e\u0434\u0435\u043b\u0438\u0440\u043e\u0432\u0430\u043b \u0447\u0442\u043e \u043f\u043e\u043b\u0443\u0447\u0438\u0442\u0441\u044f \u0438 \u043e\u0433\u0440\u0435\u0431\u0435\u0448\u044c \u043b\u043e\u043f\u0430\u0442\u043e\u0439 \u043f\u043e \u043b\u0431\u0443. \u043c\u0438\u043b\u043b\u0438\u043e\u043d \u043f\u0440\u0438\u043c\u0435\u0440\u043e\u0432 \u0432 \u0438\u0441\u0442\u043e\u0440\u0438\u0438.",
        "edited": {
            "user": "U0G00FWH2",
            "ts": "1478105676.000000"
        },
        "ts": "1478105667.003476",
        "reactions": [
            {
                "name": "+1",
                "users": [
                    "U0HJ93C3B"
                ],
                "count": 1
            }
        ]
    },
    {
        "type": "message",
        "user": "U0G00FWH2",
        "text": "\u0442\u043e\u0447\u0435\u0447\u043d\u044b\u0439 \u0431\u0430\u0433\u043e\u0444\u0438\u043a\u0441 \u0438 \u043c\u0430\u043b\u0435\u043d\u044c\u043a\u0438\u0435 \u0443\u043b\u0443\u0447\u0448\u0435\u043d\u0438\u044f \u0440\u0430\u043d\u043e \u0438\u043b\u0438 \u043f\u043e\u0437\u0434\u043d\u043e \u0434\u043e\u0432\u0435\u0434\u0443\u0442 \u043d\u0430\u0441 \u0432 \u043a\u0430\u043a\u043e\u0439-\u0442\u043e \u0431\u043e\u043b\u0435\u0435 \u043c\u0435\u043d\u0435\u0435 \u043d\u043e\u0440\u043c\u0430\u043b\u044c\u043d\u044b\u0439 \u043b\u043e\u043a\u0430\u043b\u044c\u043d\u044b\u0439 \u043e\u043f\u0442\u0438\u043c\u0443\u043c (\u0435\u0441\u043b\u0438 \u043f\u043e\u0432\u0435\u0437\u0435\u0442).",
        "ts": "1478105755.003478",
        "reactions": [
            {
                "name": "heavy_plus_sign",
                "users": [
                    "U0HJ93C3B"
                ],
                "count": 1
            }
        ]
    },
    {
        "type": "message",
        "user": "U0G00FWH2",
        "text": "\u043c\u043e\u044f \u043f\u043e\u0437\u0438\u0446\u0438\u044f \u0442\u0443\u0442 - \u0435\u0441\u043b\u0438 \u0443 \u0442\u0435\u0431\u044f \u043d\u0435\u0442 \u043a\u0430\u043a\u043e\u0433\u043e-\u043b\u0438\u0431\u043e \u043d\u043e\u0432\u043e\u0433\u043e \u0441\u0443\u043f\u0435\u0440 \u0438\u043d\u0441\u0430\u0439\u0442\u0430 \u0438\u043b\u0438 \u0442\u0435\u0445\u043d\u043b\u043e\u0433\u0438\u0438 (\u0431\u043b\u043e\u043a\u0447\u0435\u0439\u043d \u0441\u0432\u0430\u0434\u044c\u0431\u044b!) \u0442\u043e \u043d\u0435 \u0447\u0438\u043d\u0438 \u0447\u0442\u043e \u043d\u0435 \u0441\u043b\u043e\u043c\u0430\u043d\u043e.",
        "ts": "1478105791.003479",
        "reactions": [
            {
                "name": "+1",
                "users": [
                    "U0HJ93C3B"
                ],
                "count": 1
            }
        ]
    },
    {
        "type": "message",
        "user": "U0G8VK9SQ",
        "text": "<@U27VAQ1AP> \u043f\u0440\u0438\u043c\u0435\u043d\u0438\u0448\u044c \u043d\u0430\u0441\u0438\u043b\u0438\u0435 \u043a \u0443\u0447\u0430\u0441\u0442\u043d\u0438\u043a\u0430\u043c \u0447\u0430\u0442\u0430, \u044f \u0442\u0432\u043e\u0439 \u043c\u043e\u0442\u043e\u0446\u0438\u043a\u043b \u043f\u043e\u0434\u043e\u0436\u0433\u0443",
        "ts": "1478105861.003480",
        "reactions": [
            {
                "name": "+1",
                "users": [
                    "U27VAQ1AP"
                ],
                "count": 1
            },
            {
                "name": "cockroach",
                "users": [
                    "U0FQW7HH7"
                ],
                "count": 1
            }
        ]
    },
    {
        "type": "message",
        "user": "U27VAQ1AP",
        "text": "<@U0G8VK9SQ> \u0421\u0438\u043b\u044c\u043d\u044b\u0439 \u0441\u0434\u0435\u0440\u0436\u0438\u0432\u0430\u044e\u0449\u0438\u0439 \u0441\u0442\u0438\u043c\u0443\u043b, \u0441\u043e\u0433\u043b\u0430\u0441\u0435\u043d",
        "ts": "1478105947.003481"
    },
    {
        "type": "message",
        "user": "U27VAQ1AP",
        "text": "<@U0G00FWH2> \u0413\u043c, \u043c\u044b\u0441\u043b\u044c \u0438\u043d\u0442\u0435\u0440\u0435\u0441\u043d\u0430\u044f, \u043d\u043e \u0442\u0443\u0442 \u043d\u0443\u0436\u043d\u043e \u043d\u0435\u043c\u043d\u043e\u0433\u043e \u0431\u043e\u043b\u044c\u0448\u0435 \u0440\u0430\u0437\u0440\u0430\u0431\u043e\u0442\u043a\u0438\n\u0415\u0441\u0442\u044c \u0435\u0449\u0435 \u043e\u0434\u043d\u0430 \u043f\u043e\u0441\u044b\u043b\u043a\u0430 - \u0435\u0441\u043b\u0438 \u0433\u043e\u0441\u0443\u0434\u0430\u0440\u0441\u0442\u0432\u043e - \u0430\u0440\u0431\u0438\u0442\u0440, \u0430 \u043a\u0430\u043a \u043c\u044b \u0437\u043d\u0430\u0435\u043c, \u0433\u043e\u0441\u0443\u0434\u0430\u0440\u0441\u0442\u0432\u043e, \u043a\u0430\u043a \u0438 \u0431\u043e\u043b\u044c\u0448\u0430\u044f \u043a\u043e\u0440\u043f\u043e\u0440\u0430\u0446\u0438\u044f, \u043d\u0435 \u0438\u043c\u0435\u0435\u0442 \u0437\u043d\u0430\u0447\u0438\u043c\u044b\u0445 \u0441\u0442\u0438\u043c\u0443\u043b\u043e\u0432 \u0431\u044b\u0442\u044c \u0441\u043f\u0440\u0430\u0432\u0435\u0434\u043b\u0438\u0432\u044b\u043c - \u043d\u0435 \u043a\u0430\u0436\u0435\u0442\u0441\u044f \u043b\u0438 \u0432\u0430\u043c \u043d\u0435\u0431\u0435\u0437\u043e\u043f\u0430\u0441\u043d\u044b\u043c \u0441\u043e\u043e\u0431\u0449\u0430\u0442\u044c \u0435\u043c\u0443 \u0438\u043d\u0444\u043e\u0440\u043c\u0430\u0446\u0438\u044e \u043e \u0442\u043e\u043c, \u043a\u0442\u043e \u044f\u0432\u043b\u044f\u0435\u0442\u0441\u044f \u0442\u0432\u043e\u0438\u043c \u0441\u0430\u043c\u044b\u043c \u0431\u043b\u0438\u0437\u043a\u0438\u043c \u0447\u0435\u043b\u043e\u0432\u0435\u043a\u043e\u043c?",
        "ts": "1478106074.003483"
    },
    {
        "type": "message",
        "user": "U27VAQ1AP",
        "text": "<@U0G8VK9SQ> \u0410\u0433\u0433\u0440\u0435\u0441\u0441\u043e\u0440\u044b \u043a\u0441\u0442\u0430\u0442\u0438 \u0441\u0435\u0440\u044c\u0435\u0437\u043d\u043e \u043d\u0435\u0434\u043e\u043e\u0446\u0435\u043d\u0438\u0432\u0430\u044e\u0442 \u0432\u043e\u0437\u043c\u043e\u0436\u043d\u043e\u0441\u0442\u044c \u0441\u043e\u043f\u0440\u043e\u0442\u0438\u0432\u043b\u0435\u043d\u0438\u044f, \u0434\u0430",
        "ts": "1478106130.003484"
    },
    {
        "type": "message",
        "user": "U0G8VK9SQ",
        "text": "\u0442\u044b \u0441\u043b\u0438\u0448\u043a\u043e\u043c \u043e\u0434\u043d\u043e\u043e\u0431\u0440\u0430\u0437\u043d\u044b\u0439",
        "ts": "1478108022.003485"
    },
    {
        "type": "message",
        "user": "U0FQW7HH7",
        "text": "<https:\/\/www.youtube.com\/watch?v=5x37y3JryEQ>",
        "attachments": [
            {
                "service_name": "YouTube",
                "service_url": "https:\/\/www.youtube.com\/",
                "title": "[IOSYS] \u30e1\u30a4\u30c9\u3084\u3081\u307e\u3059\u304b\uff1f\u4eba\u9593\u3084\u3081\u307e\u3059\u304b\uff1fPV [rus sub]",
                "title_link": "https:\/\/www.youtube.com\/watch?v=5x37y3JryEQ",
                "author_name": "MikanChannel Zakuro",
                "author_link": "https:\/\/www.youtube.com\/user\/MikanChannelZakuro",
                "thumb_url": "https:\/\/i.ytimg.com\/vi\/5x37y3JryEQ\/hqdefault.jpg",
                "thumb_width": 480,
                "thumb_height": 360,
                "fallback": "YouTube Video: [IOSYS] \u30e1\u30a4\u30c9\u3084\u3081\u307e\u3059\u304b\uff1f\u4eba\u9593\u3084\u3081\u307e\u3059\u304b\uff1fPV [rus sub]",
                "video_html": "<iframe width=\"400\" height=\"300\" src=\"https:\/\/www.youtube.com\/embed\/5x37y3JryEQ?feature=oembed&autoplay=1&iv_load_policy=3\" frameborder=\"0\" allowfullscreen><\/iframe>",
                "video_html_width": 400,
                "video_html_height": 300,
                "from_url": "https:\/\/www.youtube.com\/watch?v=5x37y3JryEQ",
                "service_icon": "https:\/\/a.slack-edge.com\/2089\/img\/unfurl_icons\/youtube.png",
                "id": 1
            }
        ],
        "ts": "1478108985.003488"
    },
    {
        "type": "message",
        "user": "U27VAQ1AP",
        "text": "\u0427\u0442\u043e-\u0442\u043e \u0432 \u044d\u0442\u043e\u043c \u0435\u0441\u0442\u044c",
        "ts": "1478109367.003490"
    },
    {
        "type": "message",
        "user": "U0FGKCY31",
        "text": "<https:\/\/lesswrongru.slack.com\/archives\/chaos\/p1478105438003474>\n",
        "attachments": [
            {
                "from_url": "https:\/\/lesswrongru.slack.com\/archives\/chaos\/p1478105438003474",
                "fallback": "[November 2nd, 2016 9:50 AM] rigidus: <@U0G8VK9SQ> \u0423 \u043c\u0435\u043d\u044f \u0435\u0441\u0442\u044c \u0436\u0435\u043b\u0430\u043d\u0438\u0435 \u0440\u0430\u0441\u0441\u043c\u043e\u0442\u0440\u0435\u0442\u044c \u0431\u0440\u0430\u043a \u0438 \u043f\u0440\u043e\u0430\u043d\u0430\u043b\u0438\u0437\u0438\u0440\u043e\u0432\u0430\u0442\u044c, \u0443\u0434\u043e\u0432\u043b\u0435\u0442\u0432\u043e\u0440\u044f\u0435\u0442 \u043b\u0438 \u043e\u043d \u043f\u0440\u0435\u0434\u044c\u044f\u0432\u043b\u044f\u0435\u043c\u044b\u043c \u0442\u0440\u0435\u0431\u043e\u0432\u0430\u043d\u0438\u044f\u043c \u0438\u043b\u0438 \u044d\u0442\u043e \u0443\u0436\u0435 \u0430\u0442\u0430\u0432\u0438\u0437\u043c. \u0418 \u0435\u0441\u043b\u0438 \u043d\u0435 \u0443\u0434\u043e\u0432\u043b\u0435\u0442\u0432\u043e\u0440\u044f\u0435\u0442 - \u0440\u0430\u0437\u0440\u0430\u0431\u043e\u0442\u0430\u0442\u044c \u0434\u0440\u0443\u0433\u0443\u044e \u0444\u043e\u0440\u043c\u0443 \u0447\u0435\u0433\u043e-\u0442\u043e \u0447\u0442\u043e \u0431\u0443\u0434\u0435\u0442 \u0443\u0434\u043e\u0432\u043b\u0435\u0442\u0432\u043e\u0440\u044f\u0442\u044c \u043b\u0443\u0447\u0448\u0435, \u0438\u043b\u0438 \u0443\u0431\u0435\u0434\u0438\u0442\u044c\u0441\u044f \u0447\u0442\u043e \u043d\u0438\u0447\u0435\u0433\u043e \u043b\u0443\u0447\u0448\u0435 \u0431\u0440\u0430\u043a\u0430 \u043f\u0440\u0438\u0434\u0443\u043c\u0430\u0442\u044c \u043d\u0435\u043b\u044c\u0437\u044f",
                "ts": "1478105438.003474",
                "author_subname": "rigidus",
                "channel_id": "C0GKHDHC3",
                "channel_name": "chaos",
                "is_msg_unfurl": true,
                "text": "<@U0G8VK9SQ> \u0423 \u043c\u0435\u043d\u044f \u0435\u0441\u0442\u044c \u0436\u0435\u043b\u0430\u043d\u0438\u0435 \u0440\u0430\u0441\u0441\u043c\u043e\u0442\u0440\u0435\u0442\u044c \u0431\u0440\u0430\u043a \u0438 \u043f\u0440\u043e\u0430\u043d\u0430\u043b\u0438\u0437\u0438\u0440\u043e\u0432\u0430\u0442\u044c, \u0443\u0434\u043e\u0432\u043b\u0435\u0442\u0432\u043e\u0440\u044f\u0435\u0442 \u043b\u0438 \u043e\u043d \u043f\u0440\u0435\u0434\u044c\u044f\u0432\u043b\u044f\u0435\u043c\u044b\u043c \u0442\u0440\u0435\u0431\u043e\u0432\u0430\u043d\u0438\u044f\u043c \u0438\u043b\u0438 \u044d\u0442\u043e \u0443\u0436\u0435 \u0430\u0442\u0430\u0432\u0438\u0437\u043c. \u0418 \u0435\u0441\u043b\u0438 \u043d\u0435 \u0443\u0434\u043e\u0432\u043b\u0435\u0442\u0432\u043e\u0440\u044f\u0435\u0442 - \u0440\u0430\u0437\u0440\u0430\u0431\u043e\u0442\u0430\u0442\u044c \u0434\u0440\u0443\u0433\u0443\u044e \u0444\u043e\u0440\u043c\u0443 \u0447\u0435\u0433\u043e-\u0442\u043e \u0447\u0442\u043e \u0431\u0443\u0434\u0435\u0442 \u0443\u0434\u043e\u0432\u043b\u0435\u0442\u0432\u043e\u0440\u044f\u0442\u044c \u043b\u0443\u0447\u0448\u0435, \u0438\u043b\u0438 \u0443\u0431\u0435\u0434\u0438\u0442\u044c\u0441\u044f \u0447\u0442\u043e \u043d\u0438\u0447\u0435\u0433\u043e \u043b\u0443\u0447\u0448\u0435 \u0431\u0440\u0430\u043a\u0430 \u043f\u0440\u0438\u0434\u0443\u043c\u0430\u0442\u044c \u043d\u0435\u043b\u044c\u0437\u044f",
                "author_name": "rigidus .",
                "author_link": "https:\/\/lesswrongru.slack.com\/team\/rigidus",
                "author_icon": "https:\/\/secure.gravatar.com\/avatar\/d8a986606b9d5e4769ba062779e95d9f.jpg?s=48&d=https%3A%2F%2Fa.slack-edge.com%2F66f9%2Fimg%2Favatars%2Fava_0019-48.png",
                "mrkdwn_in": [
                    "text"
                ],
                "id": 1,
                "footer": "Posted in #chaos"
            }
        ],
        "ts": "1478111286.003491"
    },
    {
        "type": "message",
        "user": "U0FGKCY31",
        "text": "\u0423\u0431\u0440\u0430\u0442\u044c \u043c\u0438\u043b\u0438\u0446\u0438\u044e \u0438 \u0440\u0430\u0437\u0440\u0430\u0431\u043e\u0442\u0430\u0442\u044c \u043f\u043e\u043b\u0438\u0446\u0438\u044e. \u042f \u0441\u0435\u0439\u0447\u0430\u0441 \u043f\u043e\u043d\u044f\u043b \u043b\u043e\u0433\u0438\u043a\u0443 \u0442\u0435\u0445, \u043a\u0442\u043e \u044d\u0442\u043e \u0443\u0441\u0442\u0440\u043e\u0438\u043b.",
        "ts": "1478111354.003493"
    },
    {
        "user": "U1UNQJWP4",
        "text": "<@U1UNQJWP4|solweig> has joined the channel",
        "type": "message",
        "subtype": "channel_join",
        "ts": "1478115065.003494"
    },
    {
        "user": "U1UNQJWP4",
        "text": "<@U1UNQJWP4|solweig> has left the channel",
        "type": "message",
        "subtype": "channel_leave",
        "ts": "1478115077.003495"
    },
    {
        "type": "message",
        "user": "U0FQW7HH7",
        "text": "<https:\/\/en.wikipedia.org\/wiki\/Alcohol_and_cancer> om nom nom",
        "ts": "1478132328.003496"
    },
    {
        "type": "message",
        "user": "U0H1U59BL",
        "text": "&gt;World Cancer Research Fund recommends that people aim to limit consumption to two drinks a day for a man and one for a woman.",
        "ts": "1478137924.003497"
    },
    {
        "type": "message",
        "user": "U0H1U59BL",
        "text": "\u0418\u043d\u0442\u0435\u0440\u0435\u0441\u043d\u043e, \u0447\u0442\u043e \u044f \u0432 \u043e\u0447\u0435\u0440\u0435\u0434\u043d\u043e\u0439 \u0440\u0430\u0437 \u0437\u0430\u0431\u044b\u0432\u0430\u044e, \u043e \u043a\u0430\u043a\u0438\u0445 \u043e\u0431\u044a\u0451\u043c\u0430\u0445 \u0432 \u0442\u0430\u043a\u0438\u0445 \u0441\u043b\u0443\u0447\u0430\u044f\u0445 \u043e\u0431\u044b\u0447\u043d\u043e \u0433\u043e\u0432\u043e\u0440\u044f\u0442. \u0423 \u043c\u0435\u043d\u044f \u043e\u0442\u043a\u0440\u044b\u0442\u044b\u0439 \u0432\u043e\u043f\u0440\u043e\u0441 \u0441\u043a\u043e\u0440\u0435\u0435 \"\u0441\u0442\u043e\u0438\u0442 \u043b\u0438 \u043f\u0438\u0442\u044c \u0431\u0443\u0442\u044b\u043b\u043a\u0443 \u0432\u0438\u043d\u0430 \u0432 \u0433\u043e\u0434, \u0438\u043b\u0438 \u043d\u0435\u0442?\". \u041f\u0440\u0430\u0432\u0438\u043b\u044c\u043d\u043e \u043f\u043e\u043d\u0438\u043c\u0430\u044e, \u0447\u0442\u043e \u0442\u0430\u043a\u043e\u0435 \u043a\u043e\u043b\u0438\u0447\u0435\u0441\u0442\u0432\u043e \u0430\u043b\u043a\u043e\u0433\u043e\u043b\u044f \u043d\u0430 \u0448\u0430\u043d\u0441 \u0440\u0430\u043a\u0430 \u043d\u0435 \u0432\u043b\u0438\u044f\u0435\u0442 \u043f\u043e\u0447\u0442\u0438 \u043d\u0438\u043a\u0430\u043a?",
        "ts": "1478138016.003498"
    },
    {
        "type": "message",
        "user": "U0FQW7HH7",
        "text": "\u0430\u0446\u0435\u0442\u0430\u043b\u044c\u0434\u0435\u0433\u0438\u0434 - \u043a\u0430\u043d\u0446\u0435\u0440\u043e\u0433\u0435\u043d \u0432 \u043b\u044e\u0431\u043e\u043c \u0441\u043b\u0443\u0447\u0430\u0435",
        "ts": "1478139185.003499"
    },
    {
        "type": "message",
        "user": "U0FQW7HH7",
        "text": "\u043c\u043e\u0436\u0435\u0448\u044c \u043f\u043e\u0434\u0441\u0447\u0438\u0442\u0430\u0442\u044c \"\u043f\u043e\u0447\u0442\u0438 \u043d\u0438\u043a\u0430\u043a\" \u0432\u043f\u0440\u043e\u0447\u0435\u043c",
        "ts": "1478139281.003500"
    },
    {
        "user": "U2Y33TVPX",
        "text": "<@U2Y33TVPX|jan_lowa> has joined the channel",
        "type": "message",
        "subtype": "channel_join",
        "ts": "1478141348.003501"
    },
    {
        "type": "message",
        "user": "U2Y33TVPX",
        "text": "\u0418 \u0441\u0440\u0430\u0437\u0443 \u0432\u043e\u043f\u0440\u043e\u0441\u044b: \u043c\u043e\u0434\u0435\u0440\u0430\u0442\u043e\u0440\u044b-\u0432\u0430\u0445\u0442\u0435\u0440\u044b \u0435\u0441\u0442\u044c? \u041e \u0447\u0435\u043c \u0442\u0443\u0442 \u043d\u0435\u043b\u044c\u0437\u044f \u043f\u0438\u0441\u0430\u0442\u044c?",
        "ts": "1478141407.003502"
    },
    {
        "type": "message",
        "user": "U2Y33TVPX",
        "text": "\u043d\u0443 \u043b\u0430\u0434\u043d\u043e",
        "ts": "1478141515.003503"
    },
    {
        "type": "message",
        "user": "U2Y33TVPX",
        "text": "\u044f \u043d\u0438\u0447\u0435\u0433\u043e \u0442\u043e\u0433\u0434\u0430 \u0438 \u043d\u0435 \u0431\u0443\u0434\u0443 \u043d\u0430 \u0432\u0441\u044f\u043a\u0438\u0439 \u0441\u043b\u0443\u0447\u0430\u0439",
        "ts": "1478141531.003504"
    },
    {
        "type": "message",
        "user": "U2SRD70D9",
        "text": "\u041d\u0430\u0441\u043a\u043e\u043b\u044c\u043a\u043e \u044f \u043f\u043e\u043d\u044f\u043b, \u0432\u0430\u0445\u0442\u0451\u0440\u043e\u0432 \u043d\u0435\u0442, \u0437\u0430\u043f\u0440\u0435\u0442\u043d\u044b\u0445 \u0442\u0435\u043c \u0442\u043e\u0436\u0435.",
        "ts": "1478141572.003505"
    },
    {
        "type": "message",
        "user": "U2Y33TVPX",
        "text": "gitdes, \u043d\u0435 \u0441\u0442\u043e\u0438\u0442 \u043f\u0438\u0442\u044c \u0432\u043e\u043e\u0431\u0449\u0435",
        "ts": "1478141582.003506"
    },
    {
        "type": "message",
        "user": "U2Y33TVPX",
        "text": "\u0436\u0435",
        "ts": "1478141590.003507"
    },
    {
        "type": "message",
        "user": "U2Y33TVPX",
        "text": "\u0435\u0441\u043b\u0438 \u0442\u0435\u0431\u0435 \u043d\u0435 \u0445\u043e\u0447\u0435\u0442\u0441\u044f \u0440\u0430\u043a\u0430",
        "ts": "1478141605.003508"
    },
    {
        "type": "message",
        "user": "U2Y33TVPX",
        "text": "\u043c\u043d\u0435 \u0442\u043e\u0436\u0435 \u043d\u0435 \u0445\u043e\u0447\u0435\u0442\u0441\u044f, \u043d\u043e \u0438\u043d\u043e\u0433\u0434\u0430 \u043f\u044c\u044e",
        "ts": "1478141616.003509"
    },
    {
        "type": "message",
        "user": "U2Y33TVPX",
        "text": "\u043f\u0440\u0438\u0432\u044b\u0447\u043a\u0430 \u0442\u0430\u043a\u0430\u044f \u0443 \u043c\u0435\u043d\u044f",
        "ts": "1478141621.003510"
    },
    {
        "type": "message",
        "user": "U2Y33TVPX",
        "text": "\u0417\u0410\u0422\u041e \u043b\u043e\u043b \u043f\u044c\u044e \u0440\u044b\u0431\u0438\u0439 \u0436\u0438\u0440",
        "ts": "1478141675.003511"
    },
    {
        "type": "message",
        "user": "U2Y33TVPX",
        "text": "\u0447\u0442\u043e\u0431 \u043a\u0430\u043a\u0430 \u043a\u0430\u043a \u043d\u0430 \u0441\u043d\u043e\u0447\u043a\u0430\u0445 \u0432\u044b\u043b\u0435\u0442\u0430\u043b\u0430 \u0438\u0437 \u043f\u0435\u0446\u0435\u0440\u044b",
        "ts": "1478141687.003512"
    },
    {
        "type": "message",
        "user": "U2Y33TVPX",
        "text": "\u043d\u0435 \u0437\u043d\u0430\u044e \u0437\u0430\u0447\u0435\u043c",
        "ts": "1478141715.003513"
    },
    {
        "type": "message",
        "user": "U2Y33TVPX",
        "text": "\u043c\u043d\u0435 \u043c\u0430\u043c\u0430 \u0441\u043a\u0430\u0437\u0430\u043b\u0438 \u043f\u0438\u0442\u044c \u0438 \u044f \u043f\u044c\u044e",
        "ts": "1478141721.003514"
    },
    {
        "type": "message",
        "user": "U2Y33TVPX",
        "text": "\u0431\u0430\u0431\u0443\u0448\u043a\u0430 \u043f\u0438\u043b\u0430 - \u0442\u0430\u043a \u043e\u043d\u0430 \u0443\u043c\u0435\u0440\u043b\u0430",
        "ts": "1478141730.003515"
    },
    {
        "type": "message",
        "user": "U2Y33TVPX",
        "text": "\u043d\u0430\u0432\u0435\u0440\u043d\u043e\u0435 \u043e\u0442 \u044d\u0442\u043e\u0433\u043e",
        "ts": "1478141734.003516"
    },
    {
        "type": "message",
        "user": "U2Y33TVPX",
        "text": "\u0437\u043d\u0430\u0447\u0438\u0442 \u043d\u0430\u0434\u043e \u043f\u0438\u0442\u044c",
        "ts": "1478141741.003517"
    },
    {
        "type": "message",
        "user": "U2Y33TVPX",
        "text": "\u0430 \u0442\u043e \u043a\u0430\u043a \u0443\u043c\u0435\u0440\u0435\u0442\u044c \u0435\u0441\u043b\u0438 \u043d\u0435 \u043f\u044c\u0435\u0448\u044c",
        "ts": "1478141749.003518"
    },
    {
        "type": "message",
        "user": "U2Y33TVPX",
        "text": "\u0432\u043e\u0442 \u0443 \u043d\u0430\u0441 \u043e\u0434\u0438\u043d \u0434\u0435\u0434 \u0442\u043e\u0436\u0435 \u043d\u0435 \u043f\u0438\u043b, \u043d\u0435 \u043f\u0438\u043b",
        "ts": "1478141792.003519"
    },
    {
        "type": "message",
        "user": "U2Y33TVPX",
        "text": "\u0438 \u0437\u0430\u043a\u043e\u043f\u0430\u043b\u0438 \u0435\u0433\u043e \u043a\u043e\u0440\u043e\u0447\u0435",
        "ts": "1478141801.003520"
    },
    {
        "type": "message",
        "user": "U2SRD70D9",
        "text": "...\u043d\u043e \u0441 \u0434\u0440\u0443\u0433\u043e\u0439 \u0441\u0442\u043e\u0440\u043e\u043d\u044b, \u0446\u0435\u043d\u044f\u0442\u0441\u044f \u0440\u0430\u0437\u0432\u0451\u0440\u043d\u0443\u0442\u044b\u0435 \u0438 \u043e\u0431\u0434\u0443\u043c\u0430\u043d\u043d\u044b\u0435 \u0441\u043e\u043e\u0431\u0449\u0435\u043d\u0438\u044f. \u041d\u0430\u043f\u0440\u0438\u043c\u0435\u0440, \u0435\u0441\u043b\u0438 \u0442\u044b \u0433\u043e\u0432\u043e\u0440\u0438\u0448\u044c \u043e \u0442\u043e\u043c, \u0447\u0442\u043e \u0430\u043b\u043a\u043e\u0433\u043e\u043b\u044c \u0443\u0432\u0435\u043b\u0438\u0447\u0438\u0432\u0430\u0435\u0442 \u0440\u0438\u0441\u043a \u0440\u0430\u043a\u0430, \u0442\u043e \u0445\u043e\u0440\u043e\u0448\u043e \u0431\u044b \u044d\u0442\u043e \u043e\u0431\u043e\u0441\u043d\u043e\u0432\u0430\u0442\u044c.",
        "ts": "1478141804.003521"
    },
    {
        "type": "message",
        "user": "U2Y33TVPX",
        "text": "\u043d\u0443 \u0430\u0446\u0435\u0442\u0430\u043b\u044c\u0434\u0435\u0433\u0438\u0434 \u0441 \u0433\u043e\u0432\u043d\u043e\u043c \u0434\u0432\u0438\u0436\u0435\u0442\u0441\u044f \u043f\u043e \u043a\u0438\u0448\u043a\u0432\u0430\u043c \u0432\u0441\u0435 \u043f\u043e \u043f\u0443\u0442\u0438 \u0448\u043a\u0432\u0430\u0440\u044f",
        "ts": "1478141837.003522"
    },
    {
        "type": "message",
        "user": "U2Y33TVPX",
        "text": "\u0436\u0435",
        "ts": "1478141837.003523"
    },
    {
        "type": "message",
        "user": "U2Y33TVPX",
        "text": "*\u043a\u0438\u0448\u043a\u0430\u043c",
        "ts": "1478141847.003524"
    },
    {
        "type": "message",
        "user": "U2Y33TVPX",
        "text": "\u0443 \u043c\u0435\u043d\u044f \u0442\u0430\u043a\u043e\u0435 \u0432\u0438\u0434\u0435\u043d\u0438\u0435",
        "ts": "1478141852.003525"
    },
    {
        "type": "message",
        "user": "U2Y33TVPX",
        "text": "\u043f\u0440\u0443\u0444\u043e\u0432 \u043d\u0435 \u0434\u0430\u043c",
        "ts": "1478141886.003526"
    },
    {
        "type": "message",
        "user": "U2Y33TVPX",
        "text": "\u041d\u0443 \u0441\u0430\u043c\u044b\u0439 \u0436\u0435 \u0440\u0430\u043a \u043e\u0442 \u0430\u043b\u043a\u043e\u0433\u043e\u043b\u0438\u0437\u043c\u0430 - \u0436\u043a\u0442",
        "ts": "1478141927.003527"
    },
    {
        "type": "message",
        "user": "U2Y33TVPX",
        "text": "\u0430 \u0434\u043e\u0431\u0430\u0432\u043b\u044f\u0442\u044c \u0440\u0438\u0441\u043a\u0438 \u043e\u0448\u0438\u0431\u043a\u0430",
        "ts": "1478141946.003528"
    },
    {
        "type": "message",
        "user": "U2Y33TVPX",
        "text": "\u043a\u043e\u0442\u043e\u0440\u043e\u0439 \u043c\u043e\u0436\u043d\u043e \u0438\u0437\u0431\u0435\u0436\u0430\u0442\u044c",
        "ts": "1478141963.003529"
    },
    {
        "type": "message",
        "user": "U2Y33TVPX",
        "text": "\u041e\u0442 \u0430\u043b\u043a\u043e\u0433\u043e\u043b\u044f \u0435\u0449\u0451 \u0443\u0447\u0438\u0442\u0441\u044f \u0442\u044f\u0436\u0435\u043b\u043e, \u043f\u0440\u0438\u0445\u043e\u0434\u0438\u0442\u0441\u044f \u043f\u0435\u0440\u0435\u0447\u0438\u0442\u044b\u0432\u0430\u043f\u0442\u044c \u0442\u0435\u043a\u0441\u0442 \u0447\u0430\u0441\u0442\u043e \u0438 \u0432 \u0433\u043e\u043b\u043e\u0432\u0435 \u043d\u0435 \u0443\u043a\u043b\u0430\u0434\u044b\u0432\u0430\u0435\u0442\u0441\u044f \u0445\u043e\u0440\u043e\u0448\u043e. \u0414\u043d\u044f \u0442\u0440\u0438-\u0447\u0435\u0442\u044b\u0440\u0435",
        "ts": "1478142275.003530"
    },
    {
        "type": "message",
        "user": "U2Y33TVPX",
        "text": "\u044f \u043f\u043e\u044d\u0442\u043e\u043c\u0443-\u0442\u043e \u043f\u044c\u044e \u0440\u0435\u0434\u043a\u043e, \u0430 \u0445\u0430\u043e\u0434\u043d\u043e \u044f \u043d\u0435 \u043f\u044c\u044f\u043d\u0435\u044e \u043e\u0441\u043e\u0431\u043e. \u0422\u0438\u043f\u0430 \u043f\u044c\u044f\u043d\u044b\u0439 \u0438 \u043f\u044c\u044f\u043d\u044b\u0439 \u0441\u0438\u0434\u0438\u0448\u044c, \u0430 \u0447\u0435\u0440\u0435\u0437 \u0442\u0440\u0438 \u0447\u0430\u0441\u0430 \u0442\u0440\u0435\u0437\u0432\u044b\u0439. \u0422\u0430\u043a\u043e\u0435 \u0441\u0435\u0431\u0435 \u0437\u0430\u043d\u044f\u0442\u0438\u0435",
        "ts": "1478142371.003531"
    },
    {
        "type": "message",
        "user": "U2Y33TVPX",
        "text": "\u043d\u043e \u0432\u043e\u0442 \u043a\u043e\u0433\u0434\u0430 \u043d\u0430\u0434\u043e",
        "ts": "1478142387.003532"
    },
    {
        "type": "message",
        "user": "U2Y33TVPX",
        "text": "\u043e\u0442\u043a\u0443\u0434\u0430-\u0442\u043e \u0431\u0435\u0440\u0435\u0442\u0441\u044f \u043f\u043e\u0442\u0440\u0435\u0431\u043d\u043e\u0441\u0442\u044c",
        "ts": "1478142416.003533"
    },
    {
        "type": "message",
        "user": "U2Y33TVPX",
        "text": "\u044f \u043f\u043e\u043a\u0443\u043f\u0430\u044e \u0432\u0438\u043d\u043e \u0438 \u043f\u0438\u0432\u043e \u043f\u043e\u043a\u0443\u043f\u0430\u044e",
        "ts": "1478142430.003534"
    },
    {
        "type": "message",
        "user": "U2Y33TVPX",
        "text": "\u0438 \u0434\u0430\u0436\u0435 \u0432\u043e\u0434\u043a\u0443",
        "ts": "1478142439.003535"
    },
    {
        "type": "message",
        "user": "U2Y33TVPX",
        "text": "\u043f\u0440\u0430\u0432\u0434\u0430 \u0434\u043e\u0440\u043e\u0433\u043e \u044d\u0442\u043e",
        "ts": "1478142466.003536"
    },
    {
        "type": "message",
        "user": "U2Y33TVPX",
        "text": "\u0440\u0430\u0437-\u0434\u0432\u0430 \u0432 \u043c\u0435\u0441\u044f\u0446",
        "ts": "1478142490.003537"
    },
    {
        "type": "message",
        "user": "U2Y33TVPX",
        "text": "\u0441 \u043f\u0440\u043e\u0448\u043b\u043e\u0433\u043e \u043c\u0435\u0441\u0446\u0430 \u0434\u0432\u0435 \u0431\u0443\u0442\u044b\u043b\u043a\u0438 \u043b\u0435\u0436\u0430\u0442 \u043d\u0430 \u043f\u043e\u043b\u0443",
        "ts": "1478142509.003538"
    },
    {
        "type": "message",
        "user": "U2Y33TVPX",
        "text": "*\u044f",
        "ts": "1478142526.003539"
    },
    {
        "type": "message",
        "user": "U2Y33TVPX",
        "text": "\u0432\u0440\u043e\u0434\u0435 \u0436\u0438\u0432, \u043d\u043e \u043e\u0449\u0443\u0449\u0435\u043d\u0438\u0435 \u043d\u0435 \u043e\u0447\u0435\u043d\u044c.",
        "ts": "1478142576.003540"
    },
    {
        "type": "message",
        "user": "U2Y33TVPX",
        "text": "1400 \u0440\u0443\u0431\u043b\u0435\u0439 \u0431\u043b\u0438\u043d",
        "ts": "1478142598.003541"
    },
    {
        "type": "message",
        "user": "U2Y33TVPX",
        "text": "\u043a\u043e\u0442\u043e\u0440\u044b\u0435 \u043c\u043e\u0433\u043b\u0438 \u0440\u0430\u0431\u043e\u0442\u0430\u0442\u044c",
        "ts": "1478142605.003542"
    },
    {
        "type": "message",
        "user": "U2Y33TVPX",
        "text": "\u0447\u0442\u043e-\u0442\u043e \u043f\u043e\u043b\u0435\u0437\u043d\u043e\u0435 \u043c\u043d\u0435 \u0434\u0430\u0442\u044c",
        "ts": "1478142617.003543"
    },
    {
        "type": "message",
        "user": "U2Y33TVPX",
        "text": "\u044d\u0442\u043e \u0432\u0438\u043d\u0430",
        "ts": "1478142669.003544"
    },
    {
        "type": "message",
        "user": "U2Y33TVPX",
        "text": "\u043b\u0435\u0436\u0438\u0442 \u043f\u0440\u043e \u0437\u0430\u043f\u0430\u0441 \u043f\u0443\u0441\u0442\u0430\u044f \u0431\u0443\u0442\u044b\u043b\u043a\u0430 \u0432\u043e\u0434\u043a\u0438 \u0438 \u0448\u0442\u0443\u043a \u0448\u0435\u0441\u0442\u044c \u0431\u0430\u043d\u043e\u0447\u0435\u043a \u043e\u0442 \u043f\u0438\u0432\u0430",
        "ts": "1478142723.003545"
    },
    {
        "type": "message",
        "user": "U2Y33TVPX",
        "text": "\u0437\u0430\u043f\u0430\u0441\u044b, \u0447\u0442\u043e\u0431 \u0438\u0445 \u0441\u0434\u0430\u0442\u044c \u043f\u043e\u0442\u043e\u043c",
        "ts": "1478142759.003546"
    },
    {
        "type": "message",
        "user": "U2Y33TVPX",
        "text": "\u0434\u0435\u043d\u044c\u0433\u0438 \u0435\u0441\u0442\u044c \u0434\u0435\u043d\u044c\u0433\u0438",
        "ts": "1478142773.003547"
    },
    {
        "type": "message",
        "user": "U27VAQ1AP",
        "text": "<@U2Y33TVPX> \u042f \u0431\u044b \u0445\u043e\u0442\u0435\u043b \u043d\u0435\u043d\u0430\u0432\u044f\u0437\u0447\u0438\u0432\u043e \u043f\u043e\u043f\u0440\u043e\u0441\u0438\u0442\u044c \u043f\u0438\u0441\u0430\u0442\u044c \u043e\u0434\u043d\u043e \u0431\u043e\u043b\u044c\u0448\u043e\u0435 \u0441\u043e\u043e\u0431\u0449\u0435\u043d\u0438\u0435 \u0430 \u043d\u0435 \u043d\u0435\u0441\u043a\u043e\u043b\u044c\u043a\u043e \u043c\u0435\u043b\u043a\u0438\u0445. \u0410 \u0442\u043e \u044f \u0447\u0430\u0441\u0442\u043e \u0432\u044b\u043d\u0443\u0436\u0434\u0435\u043d \u043f\u0435\u0440\u0435\u043a\u043b\u044e\u0447\u0430\u0442\u044c\u0441\u044f \u0442\u0443\u0434\u0430-\u0441\u044e\u0434\u0430 \u0447\u0442\u043e\u0431\u044b \u0443\u0432\u0438\u0434\u0435\u0442\u044c \u0441\u043e\u043e\u0431\u0449\u0435\u043d\u0438\u044f \/ \u043f\u0440\u043e\u0447\u0438\u0442\u0430\u0442\u044c \u0447\u0442\u043e-\u0442\u043e \u0435\u0449\u0435.",
        "ts": "1478142829.003548",
        "reactions": [
            {
                "name": "heavy_plus_sign",
                "users": [
                    "U2SRD70D9",
                    "U0D0R0D4P",
                    "U0GQ50ESU",
                    "U2T2K1NPR",
                    "U2MKPHGDS",
                    "U0FGKCY31",
                    "U0G6DS4F8",
                    "U0HJ93C3B"
                ],
                "count": 8
            }
        ]
    }
]