[
    {
        "type": "message",
        "user": "U0FGKCY31",
        "text": "<https:\/\/lesswrongru.slack.com\/archives\/chaos\/p1468448496000031>\n\u0410 \u0435\u0441\u0442\u044c \u0435\u0449\u0451 \u0431\u043e\u043b\u0435\u0435 \u0441\u0442\u0430\u0440\u0430\u044f \u0438\u0433\u0440\u0430 \u0441 \u0433\u0435\u043e\u043f\u043e\u0437\u0438\u0446\u0438\u043e\u043d\u0438\u0440\u043e\u0432\u0430\u043d\u0438\u0435\u043c \u043e\u0442 \u0442\u0435\u0445 \u0436\u0435 \u0440\u0430\u0437\u0440\u0430\u0431\u043e\u0442\u0447\u0438\u043a\u043e\u0432, \u043d\u0430\u0437\u044b\u0432\u0430\u0435\u0442\u0441\u044f Ingress, \u043f\u043e\u043a\u0430 \u043c\u043d\u0435 \u043d\u0440\u0430\u0432\u0438\u0442\u0441\u044f \u0431\u043e\u043b\u044c\u0448\u0435.",
        "attachments": [
            {
                "from_url": "https:\/\/lesswrongru.slack.com\/archives\/chaos\/p1468448496000031",
                "fallback": "[July 13th, 2016 3:21 PM] muyyd: \u043a\u0443\u0447\u0430 \u043f\u043e\u0441\u0442\u043e\u0432 \u043f\u0440\u043e \u043f\u043e\u043a\u0435\u043c\u043e\u043d\u043e\u0432, \u0442\u043e\u0436\u0435 \u0437\u0430\u0445\u043e\u0442\u0435\u043b\u043e\u0441\u044c :slightly_smiling_face:",
                "author_subname": "muyyd",
                "ts": "1468448496.000031",
                "channel_id": "C0GKHDHC3",
                "channel_name": "chaos",
                "is_msg_unfurl": true,
                "text": "\u043a\u0443\u0447\u0430 \u043f\u043e\u0441\u0442\u043e\u0432 \u043f\u0440\u043e \u043f\u043e\u043a\u0435\u043c\u043e\u043d\u043e\u0432, \u0442\u043e\u0436\u0435 \u0437\u0430\u0445\u043e\u0442\u0435\u043b\u043e\u0441\u044c :slightly_smiling_face:",
                "author_name": "\u041c\u0438\u0445\u0430\u0438\u043b \u041c\u044e\u0438\u0438\u0434",
                "author_link": "https:\/\/lesswrongru.slack.com\/team\/muyyd",
                "author_icon": "https:\/\/avatars.slack-edge.com\/2015-12-06\/16024424435_97ffb2b59dc3f706c010_48.jpg",
                "mrkdwn_in": [
                    "text"
                ],
                "id": 1,
                "footer": "Posted in #chaos"
            }
        ],
        "ts": "1468595157.000049"
    }
]