[
    {
        "type": "message",
        "user": "U0F6P8JAG",
        "text": "<http:\/\/www.theatlantic.com\/science\/archive\/2016\/09\/flat-earth-truthers\/499322\/>",
        "attachments": [
            {
                "service_name": "The Atlantic",
                "title": "Flat-Earthers Have a Wild New Theory About Forests",
                "title_link": "http:\/\/www.theatlantic.com\/science\/archive\/2016\/09\/flat-earth-truthers\/499322\/",
                "text": "What it means to believe that \"real\" trees no longer exist\u00a0",
                "fallback": "The Atlantic: Flat-Earthers Have a Wild New Theory About Forests",
                "image_url": "https:\/\/cdn.theatlantic.com\/assets\/media\/img\/mt\/2016\/09\/GettyImages_532780898\/facebook.jpg?1473433477",
                "from_url": "http:\/\/www.theatlantic.com\/science\/archive\/2016\/09\/flat-earth-truthers\/499322\/",
                "image_width": 480,
                "image_height": 250,
                "image_bytes": 232460,
                "service_icon": "https:\/\/cdn.theatlantic.com\/assets\/static\/a\/theatlantic\/common\/img\/apple-touch-icon-iphone.png",
                "id": 1
            }
        ],
        "ts": "1475679039.000148"
    },
    {
        "type": "message",
        "user": "U0F6P8JAG",
        "text": "\u0418\u043b\u0438 \u0442\u0430\u043a: <https:\/\/www.youtube.com\/watch?v=UHkiZNT3cyE>\n\u0410\u043a\u0446\u0435\u043d\u0442 \u043f\u0440\u0435\u043a\u0440\u0430\u0441\u043d\u044b\u0439. <@U0H1U59BL>, \u0442\u0435\u0431\u0435 \u0434\u043e\u043b\u0436\u043d\u043e \u043f\u043e\u043d\u0440\u0430\u0432\u0438\u0442\u044c\u0441\u044f.",
        "attachments": [
            {
                "service_name": "YouTube",
                "service_url": "https:\/\/www.youtube.com\/",
                "title": "There are no forests on Flat Earth Wake Up",
                "title_link": "https:\/\/www.youtube.com\/watch?v=UHkiZNT3cyE",
                "author_name": "\u041b\u044e\u0434\u0438\u043d \u0420\u0263\u0441\u0438",
                "author_link": "https:\/\/www.youtube.com\/user\/DavidSexMachina",
                "thumb_url": "https:\/\/i.ytimg.com\/vi\/UHkiZNT3cyE\/hqdefault.jpg",
                "thumb_width": 480,
                "thumb_height": 360,
                "fallback": "YouTube Video: There are no forests on Flat Earth Wake Up",
                "video_html": "<iframe width=\"400\" height=\"225\" src=\"https:\/\/www.youtube.com\/embed\/UHkiZNT3cyE?feature=oembed&autoplay=1&iv_load_policy=3\" frameborder=\"0\" allowfullscreen><\/iframe>",
                "video_html_width": 400,
                "video_html_height": 225,
                "from_url": "https:\/\/www.youtube.com\/watch?v=UHkiZNT3cyE",
                "service_icon": "https:\/\/a.slack-edge.com\/2089\/img\/unfurl_icons\/youtube.png",
                "id": 1
            }
        ],
        "ts": "1475679167.000150"
    },
    {
        "type": "message",
        "user": "U0F6P8JAG",
        "text": "\u0412 \u0434\u0440\u0443\u0433\u0438\u0445 \u043f\u043b\u0435\u0439\u043b\u0438\u0441\u0442\u0430\u0445 \u0442\u043e\u0433\u043e \u0436\u0435 \u0430\u0432\u0442\u043e\u0440\u0430: \u201c\u043f\u0440\u043e\u0434\u0435\u043b\u043a\u0438 \u043c\u0430\u0441\u043e\u043d\u043e\u0432\u201d, \"\u0420\u044b\u0431\u043d\u0438\u043a\u043e\u0432 \u0438 \u0434\u0440\u0443\u0433\u0438\u0435 \u0443\u0447\u0451\u043d\u044b\u0435!\u201d (\u043d\u0435 \u0437\u043d\u0430\u044e \u043a\u0442\u043e \u044d\u0442\u043e) \u0438 \"\u0416\u0430\u043a \u0424\u0440\u0435\u0441\u043a\u043e \u0438 \u041f\u0440\u043e\u0435\u043a\u0442 \u0412\u0415\u041d\u0415\u0420\u0410\u201d. \u041e\u043e\u043a, \u043f\u043e\u043a\u0430\u0437\u0430\u0442\u0435\u043b\u044c\u043d\u043e.",
        "ts": "1475679542.000152"
    },
    {
        "type": "message",
        "user": "U0H1U59BL",
        "text": "\u0410\u043a\u0446\u0435\u043d\u0442 \u043e\u043a, \u043d\u043e \u0438\u043d\u0442\u043e\u043d\u0430\u0446\u0438\u0438 \u0438 \u043f\u0440\u0430\u0432\u0434\u0430 \u043f\u0440\u0435\u043a\u0440\u0430\u0441\u043d\u044b\u0435.",
        "ts": "1475681167.000153"
    },
    {
        "type": "message",
        "subtype": "file_share",
        "text": "<@U0H1U59BL|gitdes> uploaded a file: <https:\/\/lesswrongru.slack.com\/files\/gitdes\/F2KM4SEFN\/itsfani.mp3|itsfani.mp3>",
        "file": {
            "id": "F2KM4SEFN",
            "created": 1475681414,
            "timestamp": 1475681414,
            "name": "itsfani.mp3",
            "title": "itsfani.mp3",
            "mimetype": "audio\/mpeg",
            "filetype": "mp3",
            "pretty_type": "MP3",
            "user": "U0H1U59BL",
            "editable": false,
            "size": 56635,
            "mode": "hosted",
            "is_external": false,
            "external_type": "",
            "is_public": true,
            "public_url_shared": false,
            "display_as_bot": false,
            "username": "",
            "url_private": "https:\/\/files.slack.com\/files-pri\/T0CTD4Q0K-F2KM4SEFN\/itsfani.mp3?t=xoxe-12931160019-103607625319-102215183440-059257f7d7",
            "url_private_download": "https:\/\/files.slack.com\/files-pri\/T0CTD4Q0K-F2KM4SEFN\/download\/itsfani.mp3?t=xoxe-12931160019-103607625319-102215183440-059257f7d7",
            "permalink": "https:\/\/lesswrongru.slack.com\/files\/gitdes\/F2KM4SEFN\/itsfani.mp3",
            "permalink_public": "https:\/\/slack-files.com\/T0CTD4Q0K-F2KM4SEFN-e38e738dae",
            "channels": [
                "C0GKHDHC3"
            ],
            "groups": [
    
            ],
            "ims": [
    
            ],
            "comments_count": 0
        },
        "user": "U0H1U59BL",
        "upload": true,
        "display_as_bot": false,
        "username": "<@U0H1U59BL|gitdes>",
        "bot_id": null,
        "ts": "1475681415.000154"
    }
]