[
    {
        "type": "message",
        "user": "U0D0R0D4P",
        "text": "<https:\/\/www.trustbag.com\/collections\/all>",
        "attachments": [
            {
                "service_name": "TrustBag\u2122 - the Original",
                "title": "Protect your valuables with the new TrustBag\u2122 - safe, locked and at hand!",
                "title_link": "https:\/\/www.trustbag.com\/collections\/all",
                "text": "The TrustBag\u2122 is the bag you always wanted! 100% cut resistant, waterproof, RFID-blocking and secured by an unique closing mechanism! It\u2019s the safest way to keep your things close, no matter where you are!",
                "fallback": "TrustBag\u2122 - the Original: Protect your valuables with the new TrustBag\u2122 - safe, locked and at hand!",
                "thumb_url": "http:\/\/i.imgur.com\/zH6WGPi.jpg",
                "from_url": "https:\/\/www.trustbag.com\/collections\/all",
                "thumb_width": 1200,
                "thumb_height": 630,
                "service_icon": "https:\/\/www.trustbag.com\/favicon.ico",
                "id": 1
            }
        ],
        "ts": "1471197294.000075"
    },
    {
        "type": "message",
        "user": "U0D0R0D4P",
        "text": "trust bag. trust.",
        "ts": "1471197311.000077"
    },
    {
        "type": "message",
        "user": "U0D0R0D4P",
        "text": "TRUST",
        "ts": "1471197318.000078"
    }
]