[
    {
        "type": "message",
        "user": "U0G0PFDST",
        "text": "<https:\/\/youtu.be\/RvPBWc69D0U?t=2498> (\u0441 41:38)",
        "attachments": [
            {
                "service_name": "YouTube",
                "service_url": "https:\/\/www.youtube.com\/",
                "title": "\u041f\u0440\u0435\u0441\u0441-\u043a\u043e\u043d\u0444\u0435\u0440\u0435\u043d\u0446\u0438\u044f \u0422\u0410\u0421\u0421: \u041b\u0414\u041f\u0420, \u0412\u043b\u0430\u0434\u0438\u043c\u0438\u0440 \u0416\u0438\u0440\u0438\u043d\u043e\u0432\u0441\u043a\u0438\u0439. \u041f\u043e\u043b\u043d\u0430\u044f \u0432\u0435\u0440\u0441\u0438\u044f",
                "title_link": "https:\/\/youtu.be\/RvPBWc69D0U?t=2495",
                "author_name": "\u0422\u0410\u0421\u0421",
                "author_link": "https:\/\/www.youtube.com\/channel\/UCEyGP84v6qbsZy9-pL6Jx2g",
                "thumb_url": "https:\/\/i.ytimg.com\/vi\/RvPBWc69D0U\/hqdefault.jpg",
                "thumb_width": 480,
                "thumb_height": 360,
                "fallback": "YouTube Video: \u041f\u0440\u0435\u0441\u0441-\u043a\u043e\u043d\u0444\u0435\u0440\u0435\u043d\u0446\u0438\u044f \u0422\u0410\u0421\u0421: \u041b\u0414\u041f\u0420, \u0412\u043b\u0430\u0434\u0438\u043c\u0438\u0440 \u0416\u0438\u0440\u0438\u043d\u043e\u0432\u0441\u043a\u0438\u0439. \u041f\u043e\u043b\u043d\u0430\u044f \u0432\u0435\u0440\u0441\u0438\u044f",
                "video_html": "<iframe width=\"400\" height=\"225\" src=\"https:\/\/www.youtube.com\/embed\/RvPBWc69D0U?start=2495&feature=oembed&start=2495&autoplay=1&iv_load_policy=3\" frameborder=\"0\" allowfullscreen><\/iframe>",
                "video_html_width": 400,
                "video_html_height": 225,
                "from_url": "https:\/\/youtu.be\/RvPBWc69D0U?t=2495",
                "service_icon": "https:\/\/a.slack-edge.com\/2089\/img\/unfurl_icons\/youtube.png",
                "id": 1
            }
        ],
        "edited": {
            "user": "U0G0PFDST",
            "ts": "1469151337.000000"
        },
        "ts": "1469151252.000014"
    }
]