[
    {
        "type": "message",
        "user": "U0D0R0D4P",
        "text": "<http:\/\/img-9gag-fun.9cache.com\/photo\/an1Zv6q_700b.jpg>",
        "attachments": [
            {
                "fallback": "552x552px image",
                "image_url": "http:\/\/img-9gag-fun.9cache.com\/photo\/an1Zv6q_700b.jpg",
                "image_width": 552,
                "image_height": 552,
                "image_bytes": 65629,
                "from_url": "http:\/\/img-9gag-fun.9cache.com\/photo\/an1Zv6q_700b.jpg",
                "id": 1
            }
        ],
        "ts": "1475222632.000119"
    },
    {
        "type": "message",
        "user": "U0D0R0D4P",
        "text": "\u044f \u0442\u043e\u043b\u044c\u043a\u043e \u0447\u0442\u043e \u043f\u043e\u0441\u0442\u0430\u0432\u0438\u043b \u0440\u0443\u043a\u0438 \u043d\u0430 <https:\/\/www.microsoft.com\/accessories\/ru-ru\/products\/keyboards\/sculpt-ergonomic-desktop\/l5v-00017#devkit-highlights>",
        "attachments": [
            {
                "title": "Sculpt Ergonomic Desktop Keyboard &amp; Mouse | Microsoft Accessories",
                "title_link": "https:\/\/www.microsoft.com\/accessories\/ru-ru\/products\/keyboards\/sculpt-ergonomic-desktop\/l5v-00017#devkit-highlights",
                "text": "\u041d\u043e\u0432\u044b\u0439 \u044d\u0440\u0433\u043e\u043d\u043e\u043c\u0438\u0447\u043d\u044b\u0439 \u043a\u043e\u043c\u043f\u043b\u0435\u043a\u0442 \u041c\u0430\u0439\u043a\u0440\u043e\u0441\u043e\u0444\u0442 \u0441\u043e\u0447\u0435\u0442\u0430\u0435\u0442 \u043f\u043e\u043b\u043d\u043e\u0444\u0443\u043d\u043a\u0446\u0438\u043e\u043d\u0430\u043b\u044c\u043d\u0443\u044e \u043a\u043b\u0430\u0432\u0438\u0430\u0442\u0443\u0440\u0443 \u0438 \u043c\u044b\u0448\u044c, \u043e\u0431\u0435\u0441\u043f\u0435\u0447\u0438\u0432\u0430\u044f \u043c\u0430\u043a\u0441\u0438\u043c\u0430\u043b\u044c\u043d\u044b\u0439 \u043a\u043e\u043c\u0444\u043e\u0440\u0442, \u0443\u0434\u043e\u0431\u0441\u0442\u0432\u043e \u0438 \u044d\u0441\u0442\u0435\u0442\u0438\u0447\u0435\u0441\u043a\u043e\u0435 \u043f\u0440\u0435\u0438\u043c\u0443\u0449\u0435\u0441\u0442\u0432\u043e. \u0423\u0437\u043d\u0430\u0439\u0442\u0435 \u043e \u043d\u0435\u043c \u0431\u043e\u043b\u044c\u0448\u0435 \u043d\u0430 \u0441\u0430\u0439\u0442\u0435 Microsoft Hardware!",
                "fallback": "Sculpt Ergonomic Desktop Keyboard &amp; Mouse | Microsoft Accessories",
                "from_url": "https:\/\/www.microsoft.com\/accessories\/ru-ru\/products\/keyboards\/sculpt-ergonomic-desktop\/l5v-00017#devkit-highlights",
                "service_icon": "https:\/\/www.microsoft.com\/accessories\/favicon.ico?v=062320161233",
                "service_name": "microsoft.com",
                "id": 1
            }
        ],
        "ts": "1475245740.000121",
        "reactions": [
            {
                "name": "+1",
                "users": [
                    "U0HJ93C3B"
                ],
                "count": 1
            }
        ]
    },
    {
        "type": "message",
        "user": "U0D0R0D4P",
        "text": "<http:\/\/cs5.pikabu.ru\/post_img\/2015\/01\/14\/8\/1421238053_1293970760.png>",
        "attachments": [
            {
                "fallback": "600x586px image",
                "image_url": "http:\/\/cs5.pikabu.ru\/post_img\/2015\/01\/14\/8\/1421238053_1293970760.png",
                "image_width": 600,
                "image_height": 586,
                "image_bytes": 61600,
                "from_url": "http:\/\/cs5.pikabu.ru\/post_img\/2015\/01\/14\/8\/1421238053_1293970760.png",
                "id": 1
            }
        ],
        "ts": "1475245763.000123"
    },
    {
        "type": "message",
        "user": "U0D0R0D4P",
        "text": "\u0417\u0430\u0449\u0438\u0449\u0430\u0442\u044c \u0422\u0430\u043b\u0435\u0431\u0430 \u0435\u0449\u0435 \u043d\u0438\u043a\u043e\u0433\u0434\u0430 \u043d\u0435 \u0431\u044b\u043b\u043e \u0442\u0430\u043a \u043a\u043e\u043c\u0444\u043e\u0440\u0442\u043d\u043e!",
        "ts": "1475245827.000125"
    },
    {
        "type": "message",
        "user": "U0L4B5338",
        "text": "<http:\/\/i.imgur.com\/dPeLNnx.png>",
        "attachments": [
            {
                "fallback": "1013x1395px image",
                "image_url": "http:\/\/i.imgur.com\/dPeLNnx.png",
                "image_width": 1013,
                "image_height": 1395,
                "image_bytes": 805648,
                "from_url": "http:\/\/i.imgur.com\/dPeLNnx.png",
                "id": 1
            }
        ],
        "ts": "1475256822.000126",
        "reactions": [
            {
                "name": "+1",
                "users": [
                    "U0G00FWH2"
                ],
                "count": 1
            }
        ]
    },
    {
        "type": "message",
        "user": "U0G00FWH2",
        "text": "\u041f\u0440\u0438\u043c\u0435\u0440\u043d\u043e \u0442\u0430\u043a \u043e\u043d\u043e \u0438 \u0431\u044b\u043b\u043e",
        "ts": "1475258770.000128"
    },
    {
        "type": "message",
        "user": "U0F6P8JAG",
        "text": "\u0413\u0434\u0435 \u0443\u0441\u044b? \u0423 \u043d\u0435\u0433\u043e \u0431\u044b\u043b\u0438 \u0443\u0441\u044b!",
        "ts": "1475258931.000129"
    },
    {
        "type": "message",
        "user": "U0HJ93C3B",
        "text": "<@U0D0R0D4P> \u041b\u0443\u0447\u0448\u0430\u044f \u043a\u043b\u0430\u0432\u0438\u0430\u0442\u0443\u0440\u0430 ever.",
        "ts": "1475262085.000130"
    },
    {
        "type": "message",
        "user": "U0HJ93C3B",
        "text": "\u041d\u0435 \u0431\u0435\u0437 \u0438\u0437\u044a\u044f\u043d\u043e\u0432, \u043d\u043e \u043b\u0443\u0447\u0448\u0435 \u043d\u0438\u0447\u0435\u0433\u043e \u043d\u0435 \u0441\u0434\u0435\u043b\u0430\u043d\u043e \u043f\u043e\u043a\u0430.",
        "ts": "1475262111.000131",
        "reactions": [
            {
                "name": "heavy_plus_sign",
                "users": [
                    "U0D0R0D4P"
                ],
                "count": 1
            }
        ]
    },
    {
        "type": "message",
        "user": "U10S2FP1U",
        "text": "<@U0D0R0D4P>, \u0443\u0434\u043e\u0431\u043d\u0430\u044f?",
        "ts": "1475266692.000132"
    },
    {
        "type": "message",
        "user": "U0D0R0D4P",
        "text": "<@U10S2FP1U>  \u041a\u0438\u0441\u0442\u0438 \u043b\u0435\u0436\u0430\u0442 \u043f\u043e\u0442\u0440\u044f\u0441\u0430\u044e\u0449\u0435 \u043a\u043e\u043c\u0444\u043e\u0440\u0442\u043d\u043e.",
        "ts": "1475290967.000133"
    }
]