[
    {
        "type": "message",
        "user": "U0F6P8JAG",
        "text": "<https:\/\/ru.wikipedia.org\/wiki\/\u041a\u043e\u0444\u0435\u0438\u043d>\n&gt; \u0412 \u043c\u0430\u043b\u044b\u0445 \u0434\u043e\u0437\u0430\u0445 \u043e\u043a\u0430\u0437\u044b\u0432\u0430\u0435\u0442 \u0441\u0442\u0438\u043c\u0443\u043b\u0438\u0440\u0443\u044e\u0449\u0435\u0435 \u0432\u043e\u0437\u0434\u0435\u0439\u0441\u0442\u0432\u0438\u0435 \u043d\u0430 \u043d\u0435\u0440\u0432\u043d\u0443\u044e \u0441\u0438\u0441\u0442\u0435\u043c\u0443. \u041f\u0440\u0438 \u0434\u043b\u0438\u0442\u0435\u043b\u044c\u043d\u043e\u043c \u043f\u0440\u0438\u043c\u0435\u043d\u0435\u043d\u0438\u0438 \u043c\u043e\u0436\u0435\u0442 \u0432\u044b\u0437\u044b\u0432\u0430\u0442\u044c \u0441\u043b\u0430\u0431\u0443\u044e \u0437\u0430\u0432\u0438\u0441\u0438\u043c\u043e\u0441\u0442\u044c \u2014 \u0442\u0435\u0438\u0437\u043c\n\n\u041e\u0419.",
        "edited": {
            "user": "U0F6P8JAG",
            "ts": "1470840881.000000"
        },
        "ts": "1470840860.000069"
    },
    {
        "type": "message",
        "user": "U0G0PFDST",
        "text": "<https:\/\/www.reddit.com\/r\/nongolfers>",
        "attachments": [
            {
                "service_name": "reddit",
                "title": "Golfers are literally Hitler \u2022 \/r\/nongolfers",
                "title_link": "https:\/\/www.reddit.com\/r\/nongolfers",
                "text": "reddit: the front page of the internet",
                "fallback": "reddit: Golfers are literally Hitler \u2022 \/r\/nongolfers",
                "thumb_url": "https:\/\/www.redditstatic.com\/icon.png",
                "from_url": "https:\/\/www.reddit.com\/r\/nongolfers",
                "thumb_width": 256,
                "thumb_height": 256,
                "service_icon": "https:\/\/www.reddit.com\/favicon.ico",
                "id": 1
            }
        ],
        "ts": "1470859386.000071"
    },
    {
        "type": "message",
        "user": "U0H1U59BL",
        "text": "\u0423\u0437\u043d\u0430\u043b, \u0447\u0442\u043e \u0442\u0430\u043a\u043e\u0435 tee.",
        "ts": "1470863058.000073"
    }
]