[
    {
        "type": "message",
        "user": "U0G0MCG3A",
        "text": "<http:\/\/img-9gag-fun.9cache.com\/photo\/aRexjOQ_460sv.mp4>",
        "ts": "1476902382.001219"
    },
    {
        "user": "U0N5M8GDT",
        "text": "<@U0N5M8GDT|sk_yaroslav> has joined the channel",
        "type": "message",
        "subtype": "channel_join",
        "ts": "1476904434.001220"
    },
    {
        "type": "message",
        "user": "U0F6P8JAG",
        "text": "\u0421\u043a\u043e\u043b\u044c\u043a\u043e \u0432 \u0433\u0443\u0433\u043b\u043e\u0432\u043e\u0439 \u043a\u0430\u043f\u0447\u0435 \u0443\u0440\u043e\u0432\u043d\u0435\u0439 \u0441\u043b\u043e\u0436\u043d\u043e\u0441\u0442\u0438? \u0418 \u043f\u043e\u043a\u0430\u0436\u0443\u0442 \u043b\u0438 \u0432 \u043a\u043e\u043d\u0446\u0435 \u043c\u0443\u043b\u044c\u0442\u0438\u043a? \u042f \u0432\u043e\u0442 \u0434\u043e\u0448\u0451\u043b \u0434\u043e \u0442\u043e\u0433\u043e, \u043a\u043e\u0433\u0434\u0430 \u043e\u043d\u0430 \u043c\u0435\u043d\u044f \u0437\u0430\u0441\u0442\u0430\u0432\u043b\u044f\u0435\u0442 \u043c\u043d\u043e\u0433\u043e\u0443\u0433\u043e\u043b\u044c\u043d\u0438\u043a\u0438 \u0440\u0438\u0441\u043e\u0432\u0430\u0442\u044c.",
        "ts": "1476904999.001221"
    },
    {
        "type": "message",
        "subtype": "file_share",
        "text": "<@U0F6P8JAG|berekuk> uploaded a file: <https:\/\/lesswrongru.slack.com\/files\/berekuk\/F2RHPMG2K\/screen_shot_2016-10-19_at_22.23.13.png|Screen Shot 2016-10-19 at 22.23.13.png>",
        "file": {
            "id": "F2RHPMG2K",
            "created": 1476905011,
            "timestamp": 1476905011,
            "name": "Screen Shot 2016-10-19 at 22.23.13.png",
            "title": "Screen Shot 2016-10-19 at 22.23.13.png",
            "mimetype": "image\/png",
            "filetype": "png",
            "pretty_type": "PNG",
            "user": "U0F6P8JAG",
            "editable": false,
            "size": 542130,
            "mode": "hosted",
            "is_external": false,
            "external_type": "",
            "is_public": true,
            "public_url_shared": false,
            "display_as_bot": false,
            "username": "",
            "url_private": "https:\/\/files.slack.com\/files-pri\/T0CTD4Q0K-F2RHPMG2K\/screen_shot_2016-10-19_at_22.23.13.png?t=xoxe-12931160019-103607625319-102215183440-059257f7d7",
            "url_private_download": "https:\/\/files.slack.com\/files-pri\/T0CTD4Q0K-F2RHPMG2K\/download\/screen_shot_2016-10-19_at_22.23.13.png?t=xoxe-12931160019-103607625319-102215183440-059257f7d7",
            "thumb_64": "https:\/\/files.slack.com\/files-tmb\/T0CTD4Q0K-F2RHPMG2K-555ea1634c\/screen_shot_2016-10-19_at_22.23.13_64.png?t=xoxe-12931160019-103607625319-102215183440-059257f7d7",
            "thumb_80": "https:\/\/files.slack.com\/files-tmb\/T0CTD4Q0K-F2RHPMG2K-555ea1634c\/screen_shot_2016-10-19_at_22.23.13_80.png?t=xoxe-12931160019-103607625319-102215183440-059257f7d7",
            "thumb_360": "https:\/\/files.slack.com\/files-tmb\/T0CTD4Q0K-F2RHPMG2K-555ea1634c\/screen_shot_2016-10-19_at_22.23.13_360.png?t=xoxe-12931160019-103607625319-102215183440-059257f7d7",
            "thumb_360_w": 242,
            "thumb_360_h": 360,
            "thumb_480": "https:\/\/files.slack.com\/files-tmb\/T0CTD4Q0K-F2RHPMG2K-555ea1634c\/screen_shot_2016-10-19_at_22.23.13_480.png?t=xoxe-12931160019-103607625319-102215183440-059257f7d7",
            "thumb_480_w": 322,
            "thumb_480_h": 480,
            "thumb_160": "https:\/\/files.slack.com\/files-tmb\/T0CTD4Q0K-F2RHPMG2K-555ea1634c\/screen_shot_2016-10-19_at_22.23.13_160.png?t=xoxe-12931160019-103607625319-102215183440-059257f7d7",
            "thumb_720": "https:\/\/files.slack.com\/files-tmb\/T0CTD4Q0K-F2RHPMG2K-555ea1634c\/screen_shot_2016-10-19_at_22.23.13_720.png?t=xoxe-12931160019-103607625319-102215183440-059257f7d7",
            "thumb_720_w": 484,
            "thumb_720_h": 720,
            "thumb_960": "https:\/\/files.slack.com\/files-tmb\/T0CTD4Q0K-F2RHPMG2K-555ea1634c\/screen_shot_2016-10-19_at_22.23.13_960.png?t=xoxe-12931160019-103607625319-102215183440-059257f7d7",
            "thumb_960_w": 645,
            "thumb_960_h": 960,
            "thumb_1024": "https:\/\/files.slack.com\/files-tmb\/T0CTD4Q0K-F2RHPMG2K-555ea1634c\/screen_shot_2016-10-19_at_22.23.13_1024.png?t=xoxe-12931160019-103607625319-102215183440-059257f7d7",
            "thumb_1024_w": 688,
            "thumb_1024_h": 1024,
            "image_exif_rotation": 1,
            "original_w": 794,
            "original_h": 1182,
            "permalink": "https:\/\/lesswrongru.slack.com\/files\/berekuk\/F2RHPMG2K\/screen_shot_2016-10-19_at_22.23.13.png",
            "permalink_public": "https:\/\/slack-files.com\/T0CTD4Q0K-F2RHPMG2K-1fb4989884",
            "channels": [
                "C0GKHDHC3"
            ],
            "groups": [
    
            ],
            "ims": [
    
            ],
            "comments_count": 0
        },
        "user": "U0F6P8JAG",
        "upload": true,
        "display_as_bot": false,
        "username": "<@U0F6P8JAG|berekuk>",
        "bot_id": null,
        "ts": "1476905015.001222"
    },
    {
        "type": "message",
        "user": "U0H1U59BL",
        "text": "\u041f\u0440\u043e\u0445\u043e\u0434\u0438\u0442 \u043f\u0440\u043e\u0432\u0435\u0440\u043a\u0443 \u0442\u043e\u0442, \u0443 \u043a\u043e\u0433\u043e \u043a\u043e\u043d\u0447\u0438\u0442\u0441\u044f \u0442\u0435\u0440\u043f\u0435\u043d\u0438\u0435.",
        "ts": "1476905179.001223"
    },
    {
        "type": "message",
        "user": "U0H1U59BL",
        "text": "\u0412\u0435\u0434\u044c \u0443 \u0440\u043e\u0431\u043e\u0442\u043e\u0432 \u043e\u043d\u043e \u043d\u0435\u043e\u0433\u0440\u0430\u043d\u0438\u0447\u0435\u043d\u043d\u043e\u0435",
        "ts": "1476905188.001224"
    },
    {
        "type": "message",
        "user": "U0L4B5338",
        "text": "\u0418\u043d\u043e\u0433\u0434\u0430 \u0433\u0443\u0433\u043b \u043f\u043e\u043a\u0430\u0437\u044b\u0432\u0430\u0435\u0442 \u043c\u043d\u0435 \u043a\u0430\u043f\u0447\u0443, \u0433\u0434\u0435 \u043d\u0443\u0436\u043d\u043e \u0432\u044b\u0431\u0440\u0430\u0442\u044c \u0432\u0441\u0435 \u043a\u0432\u0430\u0434\u0440\u0430\u0442\u0438\u043a\u0438, \u043d\u0430 \u043a\u043e\u0442\u043e\u0440\u044b\u0445 \u0435\u0441\u0442\u044c \u0437\u043d\u0430\u043a. \u0418\u0437\u0440\u0435\u0434\u043a\u0430 \u043d\u0430 \u043a\u0430\u043a\u043e\u043c-\u043d\u0438\u0431\u0443\u0434\u044c \u043a\u0432\u0430\u0434\u0440\u0430\u0442\u0438\u043a\u0435 \u0435\u0441\u0442\u044c \u0441\u0430\u043c\u044b\u0439 \u043a\u0440\u0430\u0435\u0448\u0435\u043a \u0438\u043b\u0438 \u043d\u043e\u0436\u043a\u0430 \u0437\u043d\u0430\u043a\u0430 \u0438 \u044f \u0435\u0433\u043e \u0432\u044b\u0431\u0438\u0440\u0430\u044e. \u0413\u0443\u0433\u043b \u0441\u043e \u043c\u043d\u043e\u0439 \u043d\u0435 \u0432\u0441\u0435\u0433\u0434\u0430 \u0441\u043e\u0433\u043b\u0430\u0448\u0430\u0435\u0442\u0441\u044f \u043f\u043e \u044d\u0442\u043e\u043c\u0443 \u0432\u043e\u043f\u0440\u043e\u0441\u0443.",
        "ts": "1476905328.001225"
    },
    {
        "type": "message",
        "user": "U0FD5HC1F",
        "text": "\u041e\u0434\u043d\u0430\u0436\u0434\u044b \u043d\u0430\u0441\u0442\u0443\u043f\u0430\u0435\u0442 \u043c\u043e\u043c\u0435\u043d\u0442, \u043a\u043e\u0433\u0434\u0430 \u0442\u044b \u043d\u0430\u0447\u0438\u043d\u0430\u0435\u0448\u044c \u0432\u0438\u0434\u0435\u0442\u044c \u043a\u0440\u0430\u0441\u043e\u0442\u0443 \u043c\u0438\u0440\u0430. \u0422\u044b \u043f\u043e\u043d\u0438\u043c\u0430\u0435\u0448\u044c, \u0441\u043a\u043e\u043b\u044c\u043a\u043e \u0438\u043d\u0442\u0435\u0440\u0435\u0441\u043d\u044b\u0445 \u0432\u043e\u0437\u043c\u043e\u0436\u043d\u043e\u0441\u0442\u0435\u0439 \u043b\u0435\u0436\u0438\u0442 \u043f\u0435\u0440\u0435\u0434 \u0442\u043e\u0431\u043e\u0439. \u041a\u0430\u043a \u043c\u043d\u043e\u0433\u043e \u0431\u0435\u0441\u0435\u0434 \u0441 \u0443\u043c\u043d\u044b\u043c\u0438 \u043b\u044e\u0434\u044c\u043c\u0438 \u0436\u0434\u0435\u0442 \u0442\u0435\u0431\u044f. \u041d\u0435\u043f\u0440\u043e\u0447\u0438\u0442\u0430\u043d\u043d\u044b\u0445 \u043a\u043d\u0438\u0433. \u041d\u0435\u043f\u043e\u0441\u0435\u0449\u0435\u043d\u043d\u044b\u0445 \u043c\u0435\u0441\u0442. \u0422\u0435\u043a\u0441\u0442\u043e\u0432, \u043a\u043e\u0442\u043e\u0440\u044b\u0435 \u0442\u0435\u0431\u0435 \u0435\u0449\u0435 \u043f\u0440\u0435\u0434\u0441\u0442\u043e\u0438\u0442 \u043d\u0430\u043f\u0438\u0441\u0430\u0442\u044c. \u0412\u0441\u0442\u0440\u0435\u0447, \u0434\u0438\u0441\u043a\u0443\u0441\u0441\u0438\u0439 \u0438 \u0432\u0435\u0447\u0435\u0440\u0438\u043d\u043e\u043a. \u0422\u044b \u0432\u0438\u0434\u0438\u0448\u044c \u043c\u043d\u043e\u0433\u043e \u0438\u043d\u0442\u0435\u0440\u0435\u0441\u043d\u044b\u0445 \u0437\u0430\u0434\u0430\u0447, \u043a\u043e\u0442\u043e\u0440\u044b\u0435 \u043c\u043e\u0436\u0435\u0448\u044c \u0440\u0435\u0448\u0438\u0442\u044c. \u0421\u0442\u043e\u043b\u044c\u043a\u043e \u043f\u0443\u0442\u0435\u0439 \u043e\u0442\u043a\u0440\u044b\u0442\u043e \u043f\u0435\u0440\u0435\u0434 \u0442\u043e\u0431\u043e\u0439, \u0441\u0442\u043e\u043b\u044c\u043a\u043e \u0438\u043d\u0442\u0435\u0440\u0435\u0441\u043d\u043e\u0433\u043e \u043d\u0430\u0447\u0438\u043d\u0430\u0435\u0448\u044c \u0432\u0438\u0434\u0435\u0442\u044c \u0432\u043e\u043a\u0440\u0443\u0433 \u0441\u0435\u0431\u044f \u0432 \u043d\u043e\u0447\u044c \u043f\u0435\u0440\u0435\u0434 \u0434\u0435\u0434\u043b\u0430\u0439\u043d\u043e\u043c.",
        "ts": "1476905402.001226",
        "reactions": [
            {
                "name": "grinning",
                "users": [
                    "U0F6P8JAG",
                    "U1XQG3N2G",
                    "U1ZPGFN3Y",
                    "U0D0R0D4P",
                    "U2KS93BC2",
                    "U0HJ93C3B",
                    "U2L4WGQFK",
                    "U2U36TZ4G"
                ],
                "count": 8
            },
            {
                "name": "heavy_plus_sign",
                "users": [
                    "U0HJ93C3B"
                ],
                "count": 1
            }
        ]
    },
    {
        "type": "message",
        "user": "U0F6P8JAG",
        "text": "\u0414\u0430, \u043a\u0432\u0430\u0434\u0440\u0430\u0442\u0438\u043a\u0438 \u0447\u0430\u0441\u0442\u043e \u0431\u044b\u0432\u0430\u044e\u0442.\n\u0412\u043e\u043e\u0431\u0449\u0435, \u0441\u043a\u043e\u043b\u044c\u043a\u043e \u044f \u0437\u043d\u0430\u044e:\n0) \u043f\u0440\u043e\u0441\u0442\u043e \u043f\u043e\u0441\u0442\u0430\u0432\u044c \u0433\u0430\u043b\u043a\u0443 \u201c\u044f \u043d\u0435 \u0440\u043e\u0431\u043e\u0442\u201d\n1) \"\u0432\u044b\u0434\u0435\u043b\u0438 \u0432\u0441\u0435 \u0438\u0437\u043e\u0431\u0440\u0430\u0436\u0435\u043d\u0438\u044f, \u0433\u0434\u0435 \u0435\u0441\u0442\u044c \u0432\u0438\u0442\u0440\u0438\u043d\u044b\u201d (\u0438\u043b\u0438 \u0447\u0442\u043e-\u0442\u043e \u0435\u0449\u0451 - \u0442\u0440\u0430\u0432\u0430, \u043f\u0430\u0442\u0438\u043e, \u0435\u0434\u0430, \u043c\u043d\u043e\u0433\u043e\u044d\u0442\u0430\u0436\u043d\u044b\u0435 \u0434\u043e\u043c\u0430, \u0433\u0440\u0443\u0437\u043e\u0432\u0438\u043a\u0438)\n1.5) \"\u0432\u044b\u0434\u0435\u043b\u0438 \u0432\u0441\u0435 \u0438\u0437\u043e\u0431\u0440\u0430\u0436\u0435\u043d\u0438\u044f, \u0433\u0434\u0435 \u0435\u0441\u0442\u044c \u0432\u0438\u0442\u0440\u0438\u043d\u044b\u201d, \u043f\u0440\u0438 \u044d\u0442\u043e\u043c \u0432\u044b\u0434\u0435\u043b\u0435\u043d\u043d\u044b\u0435 \u043a\u043b\u0435\u0442\u043a\u0438 \u0438\u0441\u0447\u0435\u0437\u0430\u044e\u0442 \u0438 \u043d\u0430 \u0438\u0445 \u043c\u0435\u0441\u0442\u0435 \u043f\u043e\u044f\u0432\u043b\u044f\u044e\u0442\u0441\u044f \u043d\u043e\u0432\u044b\u0435\n2) \u043f\u043e\u0441\u0442\u0430\u0432\u044c \u043a\u0432\u0430\u0434\u0440\u0430\u0442\u0438\u043a\u0438 \u0432\u0435\u0437\u0434\u0435, \u0433\u0434\u0435 \u0435\u0441\u0442\u044c \u0434\u043e\u0440\u043e\u0436\u043d\u044b\u0439 \u0437\u043d\u0430\u043a\n3) \u0438 \u0432\u043e\u0442 \u044d\u0442\u0430 \u0448\u0442\u0443\u043a\u0430 \u0441 \u043a\u043e\u043d\u0442\u0443\u0440\u043e\u043c, \u0432\u043f\u0435\u0440\u0432\u044b\u0435 \u0435\u0451 \u0443\u0432\u0438\u0434\u0435\u043b",
        "ts": "1476905488.001227"
    },
    {
        "type": "message",
        "user": "U0N5M8GDT",
        "text": "\u044f \u0432\u043e\u0442 \u0434\u043e \u0442\u0440\u0435\u0442\u044c\u0435\u0433\u043e \u0443\u0440\u043e\u0432\u043d\u044f \u043d\u0438 \u0440\u0430\u0437\u0443 \u043d\u0435 \u0434\u043e\u0445\u043e\u0434\u0438\u043b, \u0434\u0430.",
        "ts": "1476905741.001228"
    },
    {
        "type": "message",
        "user": "U0N5M8GDT",
        "text": "\u043d\u043e, \u0441\u043a\u0430\u0436\u0435\u043c, \u0432 \u0442\u043e\u0440\u0435 \u0432\u0441\u0451 \u043e\u0441\u0442\u0430\u043b\u044c\u043d\u043e\u0435 \u043d\u0435\u0440\u0435\u0434\u043a\u043e \u0431\u044b\u0432\u0430\u0435\u0442.",
        "ts": "1476905758.001229",
        "reactions": [
            {
                "name": "equal",
                "users": [
                    "U0FGKCY31"
                ],
                "count": 1
            }
        ]
    }
]