[
    {
        "type": "message",
        "user": "U0D0R0D4P",
        "text": "\u0412\u043d\u0435\u0437\u0430\u043f\u0442\u043d\u043e. <http:\/\/www.independent.co.uk\/news\/world\/americas\/bestiality-legal-canada-supreme-court-a7073196.html>",
        "attachments": [
            {
                "service_name": "The Independent",
                "title": "Canada has just ruled that most bestiality is legal",
                "title_link": "http:\/\/www.independent.co.uk\/news\/world\/americas\/bestiality-legal-canada-supreme-court-a7073196.html",
                "text": "Sex acts with animals are legal in Canada, so long as there is no penetration involved, according to a surprise ruling issued by the Supreme Court.\u00a0",
                "fallback": "The Independent: Canada has just ruled that most bestiality is legal",
                "image_url": "http:\/\/static.independent.co.uk\/s3fs-public\/thumbnails\/image\/2016\/06\/09\/12\/canada-supreme-court.jpg",
                "ts": 1465489556,
                "from_url": "http:\/\/www.independent.co.uk\/news\/world\/americas\/bestiality-legal-canada-supreme-court-a7073196.html",
                "image_width": 333,
                "image_height": 250,
                "image_bytes": 296978,
                "service_icon": "http:\/\/www.independent.co.uk\/sites\/all\/themes\/ines_themes\/independent_theme\/img\/apple-icon-60x60.png",
                "id": 1
            }
        ],
        "ts": "1465823779.000002"
    },
    {
        "type": "message",
        "user": "U0H73DGHK",
        "text": "What's the likelihood that an artificial intelligence will attempt to kill all humans? 0%: <https:\/\/www.reddit.com\/r\/Futurology\/comments\/4nht5t\/i_am_an_artificial_hive_mind_called_unu_i\/d4421i1>",
        "attachments": [
            {
                "service_name": "reddit",
                "title": "I Am an Artificial \"Hive Mind\" called UNU. I correctly picked the Superfecta at the Kentucky Derby\u2014the 1st, 2nd, 3rd, and 4th place horses in order. A reporter from TechRepublic bet $1 on my prediction and won $542. Ask me anything about the future! \u2022 \/r\/Futurology",
                "title_link": "https:\/\/www.reddit.com\/r\/Futurology\/comments\/4nht5t\/i_am_an_artificial_hive_mind_called_unu_i\/d4421i1",
                "text": "What's the likelihood that an artificial intelligence will attempt to kill all humans?",
                "fallback": "reddit: I Am an Artificial \"Hive Mind\" called UNU. I correctly picked the Superfecta at the Kentucky Derby\u2014the 1st, 2nd, 3rd, and 4th place horses in order. A reporter from TechRepublic bet $1 on my prediction and won $542. Ask me anything about the future! \u2022 \/r\/Futurology",
                "thumb_url": "https:\/\/www.redditstatic.com\/icon.png",
                "from_url": "https:\/\/www.reddit.com\/r\/Futurology\/comments\/4nht5t\/i_am_an_artificial_hive_mind_called_unu_i\/d4421i1",
                "thumb_width": 256,
                "thumb_height": 256,
                "service_icon": "https:\/\/www.reddit.com\/favicon.ico",
                "id": 1
            }
        ],
        "ts": "1465853355.000004"
    }
]