[
    {
        "user": "U0FS0PUM8",
        "text": "<@U0FS0PUM8|mentalgopher> has joined the channel",
        "type": "message",
        "subtype": "channel_join",
        "ts": "1476232725.001158"
    },
    {
        "type": "message",
        "user": "U0FGKCY31",
        "text": "\u041a\u0430\u043a \u0443\u0441\u0442\u0430\u043d\u043e\u0432\u0438\u0442\u044c freeBSD+KDE2 \u043d\u0430 \u043c\u0430\u043a\u0431\u0443\u043a?",
        "attachments": [
            {
                "fallback": "[October 11th, 2016 9:31 AM] dsent: \u0417\u0434\u0440\u0430\u0432\u0441\u0442\u0432\u0443\u0439\u0442\u0435, \u044d\u0442\u043e \u043a\u0430\u043d\u0430\u043b \u0434\u043b\u044f \u043e\u0431\u0441\u0443\u0436\u0434\u0435\u043d\u0438\u044f \u0418\u043b\u043e\u043d\u0430 \u041c\u0430\u0441\u043a\u0430?",
                "ts": "1476160282.000021",
                "author_subname": "dsent",
                "channel_id": "C2MB1CHB4",
                "channel_name": "tech",
                "is_msg_unfurl": true,
                "text": "\u0417\u0434\u0440\u0430\u0432\u0441\u0442\u0432\u0443\u0439\u0442\u0435, \u044d\u0442\u043e \u043a\u0430\u043d\u0430\u043b \u0434\u043b\u044f \u043e\u0431\u0441\u0443\u0436\u0434\u0435\u043d\u0438\u044f \u0418\u043b\u043e\u043d\u0430 \u041c\u0430\u0441\u043a\u0430?",
                "author_name": "Danila Sentyabov",
                "author_link": "https:\/\/lesswrongru.slack.com\/team\/dsent",
                "author_icon": "https:\/\/secure.gravatar.com\/avatar\/72d0656543849aa91471bfabe0ffc5a7.jpg?s=48&d=https%3A%2F%2Fa.slack-edge.com%2F66f9%2Fimg%2Favatars%2Fava_0011-48.png",
                "mrkdwn_in": [
                    "text"
                ],
                "color": "D0D0D0",
                "from_url": "https:\/\/lesswrongru.slack.com\/archives\/tech\/p1476160282000021",
                "is_share": true,
                "footer": "Posted in #tech"
            }
        ],
        "ts": "1476252881.001159",
        "reactions": [
            {
                "name": "blush",
                "users": [
                    "U0CTGJMR9"
                ],
                "count": 1
            },
            {
                "name": "heavy_plus_sign",
                "users": [
                    "U0HJ93C3B"
                ],
                "count": 1
            }
        ]
    }
]