[
    {
        "type": "message",
        "user": "U0D0R0D4P",
        "text": "<https:\/\/www.youtube.com\/watch?time_continue=102&amp;v=n1ou0nx7sdk>",
        "attachments": [
            {
                "service_name": "YouTube",
                "service_url": "https:\/\/www.youtube.com\/",
                "title": "\u041b\u043e\u0448\u0430\u0434\u0438",
                "title_link": "https:\/\/www.youtube.com\/watch?time_continue=102&amp;v=n1ou0nx7sdk",
                "author_name": "Alexandr Matora",
                "author_link": "https:\/\/www.youtube.com\/user\/3101195225911013",
                "thumb_url": "https:\/\/i.ytimg.com\/vi\/n1ou0nx7sdk\/hqdefault.jpg",
                "thumb_width": 480,
                "thumb_height": 360,
                "fallback": "YouTube Video: \u041b\u043e\u0448\u0430\u0434\u0438",
                "video_html": "<iframe width=\"400\" height=\"300\" src=\"https:\/\/www.youtube.com\/embed\/n1ou0nx7sdk?feature=oembed&autoplay=1&iv_load_policy=3\" frameborder=\"0\" allowfullscreen><\/iframe>",
                "video_html_width": 400,
                "video_html_height": 300,
                "from_url": "https:\/\/www.youtube.com\/watch?time_continue=102&amp;v=n1ou0nx7sdk",
                "id": 1
            }
        ],
        "ts": "1454159403.000002"
    },
    {
        "type": "message",
        "user": "U0D0R0D4P",
        "text": "\u043d\u0435\u043e\u0436\u0438\u0434\u0430\u043d\u043d\u0430\u044f \u043a\u043e\u043d\u0446\u043e\u0432\u043a\u0430",
        "ts": "1454159410.000004"
    },
    {
        "type": "message",
        "user": "U0FGKCY31",
        "text": "\u0417\u0430\u0431\u0430\u0432\u043d\u043e\nWhat would be your choice? <http:\/\/9gag.com\/gag\/aOVBwp6?ref=android.s>",
        "attachments": [
            {
                "service_name": "9GAG",
                "title": "What would be your choice? Chameleon for sure, invisibility would be awesome, comment your choice below",
                "title_link": "http:\/\/9gag.com\/gag\/aOVBwp6?ref=android.s",
                "text": "Click to see the pic and write a comment...",
                "fallback": "9GAG: What would be your choice? Chameleon for sure, invisibility would be awesome, comment your choice below",
                "image_url": "http:\/\/images-cdn.9gag.com\/photo\/aOVBwp6_700b_v1.jpg",
                "from_url": "http:\/\/9gag.com\/gag\/aOVBwp6?ref=android.s",
                "image_width": 190,
                "image_height": 250,
                "image_bytes": 69552,
                "id": 1
            }
        ],
        "ts": "1454183586.000005"
    },
    {
        "type": "message",
        "user": "U0FGKCY31",
        "text": "\u042f \u0431\u044b \u0432\u044b\u0431\u0440\u0430\u043b \u043e\u0441\u044c\u043c\u0438\u043d\u043e\u0433\u0430-\u0445\u0430\u043c\u0435\u043b\u0435\u043e\u043d\u0430. \u0418\u043b\u0438 \u0433\u0438\u0434\u0440\u0443.",
        "ts": "1454183762.000007"
    },
    {
        "type": "message",
        "user": "U0FGKCY31",
        "text": "\u0418\u043b\u0438 \u043e\u043a\u0443\u043d\u044f.",
        "ts": "1454184049.000008"
    },
    {
        "type": "message",
        "user": "U0D0R0D4P",
        "text": "\u042e\u0434\u043a\u043e\u0432\u0441\u043a\u043e\u0433\u043e.",
        "ts": "1454184496.000009"
    },
    {
        "type": "message",
        "user": "U0FGKCY31",
        "text": "\u041d\u0443 \u0442\u0430\u043c \u0436\u0435 \u0442\u0438\u043f\u0430 \u0432\u0441\u044f\u043a\u0430\u044f \u043f\u0441\u0435\u0432\u0434\u043e\u0433\u0435\u043d\u0435\u0442\u0438\u0447\u0435\u0441\u043a\u0430\u044f \u0445\u0440\u0435\u043d\u044c. \u0421\u0442\u0430\u043d\u0435\u0448\u044c \u043f\u043e\u043b\u0443\u0447\u0435\u043b\u043e\u0432\u0435\u043a\u043e\u043c\u043f\u043e\u043b\u0443\u0447\u0435\u043b\u043e\u0432\u0435\u043a\u043e\u043c\u0435\u0432\u0440\u0435\u0435\u043c.",
        "ts": "1454194628.000010"
    },
    {
        "type": "message",
        "user": "U0H1U59BL",
        "text": "\u041f\u0430\u0443\u043a \u0441\u0430\u043c \u043f\u043e \u0441\u0435\u0431\u0435 \u0438 \u0447\u0435\u043b\u043e\u0432\u0435\u043a-\u043f\u0430\u0443\u043a - \u0441\u043b\u0430\u0431\u043e \u0441\u0432\u044f\u0437\u0430\u043d\u043d\u044b\u0435 \u0432\u0435\u0449\u0438 \u0432 \u043c\u043e\u0451\u043c \u0432\u043e\u0441\u043f\u0440\u0438\u044f\u0442\u0438\u0438. \u0422\u043e\u043b\u044c\u043a\u043e \u043f\u0430\u0443\u0442\u0438\u043d\u043e\u0439 \u0441\u0442\u0440\u0435\u043b\u044f\u0435\u0442. \u041f\u043e \u043f\u043e\u0442\u043e\u043b\u043a\u0430\u043c \u0432\u0440\u043e\u0434\u0435 \u043f\u0430\u0443\u043a\u0438 \u043d\u0435 \u043c\u043e\u0433\u0443\u0442 \u0445\u043e\u0434\u0438\u0442\u044c, \u043f\u043e \u043a\u0440\u0430\u0439\u043d\u0435\u0439 \u043c\u0435\u0440\u0435 \u043d\u0435 \u0432\u0441\u0435. \u042d\u0442\u043e \u044f \u043a \u0442\u043e\u043c\u0443, \u0447\u0442\u043e, \u0435\u0441\u043b\u0438 \u043f\u0440\u0435\u0434\u043f\u043e\u043b\u0430\u0433\u0430\u0442\u044c \u0442\u0430\u043a\u043e\u0439 \u0436\u0435 \u043f\u0440\u043e\u0438\u0437\u0432\u043e\u043b\u044c\u043d\u044b\u0439 \u044d\u0444\u0444\u0435\u043a\u0442, \u0442\u043e \u043c\u043e\u0436\u043d\u043e \u0432\u044b\u0431\u0438\u0440\u0430\u0442\u044c \u043f\u043e \u043a\u0440\u0443\u0442\u043e\u0441\u0442\u0438 \u0437\u0432\u0443\u0447\u0430\u043d\u0438\u044f.",
        "ts": "1454195753.000011"
    },
    {
        "type": "message",
        "user": "U0FGKCY31",
        "text": "\u041f\u043e\u043c\u043d\u044e \u0432 \u043e\u0434\u043d\u043e\u043c \u043a\u043e\u043c\u0438\u043a\u0441\u0435 \u0431\u044b\u043b \u0447\u0435\u043b\u043e\u0432\u0435\u043a-\u0447\u0443\u0432\u0430\u0430\u0430\u043a",
        "ts": "1454223998.000012"
    },
    {
        "type": "message",
        "user": "U0FGKCY31",
        "text": "\u0410 \u0442\u0430\u043c \u0432 \u043a\u043e\u043c\u043c\u0435\u043d\u0442\u0430\u0445 \u0434\u043e\u0432\u043e\u043b\u044c\u043d\u043e \u0437\u0430\u0431\u0430\u0432\u043d\u044b\u0435 \u0432\u0430\u0440\u0438\u0430\u043d\u0442\u044b.",
        "ts": "1454224129.000013"
    },
    {
        "type": "message",
        "user": "U0D0R0D4P",
        "text": "&gt;\u041d\u0443 \u0442\u0430\u043c \u0436\u0435 \u0442\u0438\u043f\u0430 \u0432\u0441\u044f\u043a\u0430\u044f \u043f\u0441\u0435\u0432\u0434\u043e\u0433\u0435\u043d\u0435\u0442\u0438\u0447\u0435\u0441\u043a\u0430\u044f \u0445\u0440\u0435\u043d\u044c. \u0421\u0442\u0430\u043d\u0435\u0448\u044c \u043f\u043e\u043b\u0443\u0447\u0435\u043b\u043e\u0432\u0435\u043a\u043e\u043c\u043f\u043e\u043b\u0443\u0447\u0435\u043b\u043e\u0432\u0435\u043a\u043e\u043c\u0435\u0432\u0440\u0435\u0435\u043c.\n\u0421\u043e\u043c\u043d\u0435\u0432\u0430\u044e\u0441\u044c, \u0447\u0442\u043e \u0442\u044b \u0432 \u043f\u043e\u0437\u0438\u0446\u0438\u0438, \u043e\u043f\u0440\u0430\u0432\u0434\u044b\u0432\u0430\u044e\u0449\u0435\u0439 \u043a\u0430\u043a\u0443\u044e-\u0442\u043e \u043a\u0440\u0438\u0442\u0438\u043a\u0443 \u0432 \u043e\u0442\u043d\u043e\u0448\u0435\u043d\u0438\u0438 \u043c\u043e\u0435\u0433\u043e \u0432\u044b\u0431\u043e\u0440\u044b, \u0447\u0435\u043b\u043e\u043a\u0443\u043d\u044c.",
        "ts": "1454224418.000014"
    },
    {
        "type": "message",
        "user": "U0D0R0D4P",
        "text": "\u0427\u0443\u043d\u044c.",
        "ts": "1454224621.000015"
    },
    {
        "type": "message",
        "user": "U0FGKCY31",
        "text": "\u041d\u0443 \u0430 \u0447\u0442\u043e, \u043f\u043b\u0430\u0432\u0430\u0442\u044c \u043c\u043e\u0436\u043d\u043e \u0445\u043e\u0440\u043e\u0448\u043e, \u0434\u044b\u0448\u0430\u0442\u044c \u043f\u043e\u0434 \u0432\u043e\u0434\u043e\u0439, \u0438 \u0435\u0449\u0451 \u043a\u043e\u0435 \u0447\u0442\u043e \u0441\u0442\u0440\u0430\u043d\u043d\u043e\u0435.",
        "ts": "1454224920.000016"
    },
    {
        "type": "message",
        "user": "U0FGKCY31",
        "text": "\u0427\u0435\u043b\u043e\u0432\u0435\u043a-\u0442\u0435\u0442\u0440\u0430\u0445\u0440\u043e\u043c\u0430\u0442  \u0442\u043e\u0436\u0435 \u043d\u0435\u043f\u043b\u043e\u0445\u043e\u0439 \u0432\u0430\u0440\u0438\u0430\u043d\u0442.",
        "ts": "1454225860.000017"
    },
    {
        "type": "message",
        "user": "U0FGKCY31",
        "text": "\u0420\u0430\u043a-\u0431\u043e\u0433\u043e\u043c\u043e\u043b \u043a\u0430\u043a \u0431\u044b \u0442\u0443\u043f\u043e \u043d\u0435 \u0437\u0432\u0443\u0447\u0430\u043b\u043e \u043f\u043e \u0441\u043f\u043e\u0441\u043e\u0431\u043d\u043e\u0441\u0442\u044f\u043c \u0442\u043e\u0436\u0435 \u0432\u0430\u0440\u0438\u0430\u043d\u0442, \u0443\u0434\u0430\u0440 \u0441 \u0441\u0438\u043b\u043e\u0439 \u0432\u044b\u0441\u0442\u0440\u0435\u043b\u0430 \u043f\u0443\u0448\u0435\u0447\u043d\u044b\u043c \u044f\u0434\u0440\u043e\u043c(\u0435\u0441\u043b\u0438 \u0443\u0432\u0435\u043b\u0438\u0447\u0438\u0442\u044c \u0434\u043e \u0447\u0435\u043b\u043e\u0432\u0435\u0447\u0435\u0441\u043a\u0438\u0445 \u0440\u0430\u0437\u043c\u0435\u0440\u043e\u0432) \u0438 \u0437\u0440\u0435\u043d\u0438\u0435 \u043f\u043e\u0437\u0432\u043e\u043b\u044f\u044e\u0449\u0435\u0435 \u0440\u0430\u0437\u043b\u0438\u0447\u0430\u0442\u044c \u043a\u043e\u043c\u0431\u0438\u043d\u0430\u0446\u0438\u0438 \u0438\u0437 16 \u0446\u0432\u0435\u0442\u043e\u0432(\u0432\u043c\u0435\u0441\u0442\u043e \u0447\u0435\u043b\u043e\u0432\u0435\u0447\u0435\u0441\u043a\u0438\u0445 \u0442\u0440\u0451\u0445).",
        "ts": "1454226439.000018"
    }
]