[
    {
        "type": "message",
        "user": "U0G0PFDST",
        "text": "<http:\/\/www.scp-wiki.net\/understanding-memetics>",
        "ts": "1472735756.000061"
    },
    {
        "type": "message",
        "user": "U0HJ93C3B",
        "text": "<@U0G0PFDST> \u041c\u043d\u0435 \u043d\u0430 SCP \u0431\u043e\u043b\u044c\u0448\u0435 \u0432\u0441\u0435\u0433\u043e \u043d\u0440\u0430\u0432\u0438\u0442\u0441\u044f \u043f\u0440\u043e \u0430\u043d\u0442\u0438\u043c\u0435\u043c\u0435\u0442\u0438\u043a\u0443 \u043e\u0442 \u0421\u044d\u043c\u0430 \u0425\u044c\u044e\u0437\u0430 (\u0430\u0432\u0442\u043e\u0440 Ra, Fine Structure).",
        "edited": {
            "user": "U0HJ93C3B",
            "ts": "1472743963.000000"
        },
        "ts": "1472743932.000062"
    },
    {
        "type": "message",
        "user": "U0H1U59BL",
        "text": "<https:\/\/www.gwern.net\/Nootropics#flaxseed>\n&gt;The general cost of fish oil made me interested in possible substitutes. Seth Roberts uses exclusively flaxseed oil or flaxseed meal, and this seems to work well for him\n<https:\/\/en.wikipedia.org\/wiki\/Seth_Roberts>\n&gt;Roberts died on Saturday, April 26, 2014. He collapsed while hiking near his home in Berkeley, CA. Occlusive *coronary artery disease and cardiomegaly* contributed to his death.",
        "edited": {
            "user": "U0H1U59BL",
            "ts": "1472744974.000000"
        },
        "ts": "1472744959.000065"
    }
]