[
    {
        "type": "message",
        "user": "U0G8DRB40",
        "text": "\u043d\u0435\u0442, \u044d\u0442\u043e \u043d\u0435\u0433\u043e\u0434\u043d\u044b\u0439 \u0441\u043f\u043e\u0441\u043e\u0431, \u043f\u043e\u0442\u043e\u043c\u0443 \u0447\u0442\u043e \u043e\u0442\u043b\u043e\u0432\u043b\u0435\u043d\u043d\u044b\u0435 \u043b\u044e\u0434\u0438 \u0431\u0443\u0434\u0443\u0442 \u0431\u0435\u0437 \u043c\u0435\u0434\u0438\u0446\u0438\u043d\u0441\u043a\u0438\u0445 \u043a\u0430\u0440\u0442, \u0438\u0445 \u043f\u043e\u0442\u0440\u043e\u0445\u0430 \u0432 \u044d\u0442\u043e\u043c \u0441\u043b\u0443\u0447\u0430\u0435 \u043d\u0435 \u0431\u0443\u0434\u0443\u0442 \u0441\u0442\u043e\u0438\u0442\u044c \u043d\u0438\u0447\u0435\u0433\u043e.",
        "ts": "1472644918.000039"
    },
    {
        "type": "message",
        "user": "U0G8DRB40",
        "text": "\u0447\u0442\u043e\u0431\u044b \u0441\u0434\u0435\u043b\u0430\u0442\u044c \u0431\u0438\u0437\u043d\u0435\u0441 \u043d\u0430 \u043e\u0440\u0433\u0430\u043d\u0430\u0445 \u043d\u0443\u0436\u043d\u0430 \u0441\u0438\u0441\u0442\u0435\u043c\u0430 \u0438\u0437 \u043c\u0435\u0434\u0440\u0430\u0431\u043e\u0442\u043d\u0438\u043a\u043e\u0432 \u0438 \u043f\u043e\u043b\u0438\u0446\u0438\u0438",
        "ts": "1472644994.000040"
    },
    {
        "type": "message",
        "user": "U0H1U59BL",
        "text": "\u0417\u0430 \u0434\u0435\u043b\u043e!",
        "ts": "1472659792.000041"
    },
    {
        "type": "message",
        "user": "U0FGKCY31",
        "text": "<https:\/\/www.youtube.com\/watch?v=ZkJKpxq1_Gw>",
        "attachments": [
            {
                "service_name": "YouTube",
                "service_url": "https:\/\/www.youtube.com\/",
                "title": "\u0414\u043b\u044f \u0447\u0435\u0433\u043e \u044f \u0447\u0438\u0442\u0430\u044e \u043f\u043e \u043a\u043d\u0438\u0433\u0435 \u0432 \u0434\u0435\u043d\u044c, \u0438 \u043f\u043e\u0447\u0435\u043c\u0443 \u0432\u0430\u043c \u0442\u043e\u0436\u0435 \u0441\u0442\u043e\u0438\u0442 \u044d\u0442\u043e \u0434\u0435\u043b\u0430\u0442\u044c  | \u041e\u0437\u0432\u0443\u0447\u043a\u0430 DeeAFilm",
                "title_link": "https:\/\/www.youtube.com\/watch?v=ZkJKpxq1_Gw",
                "author_name": "DeeAFilm Studio",
                "author_link": "https:\/\/www.youtube.com\/user\/MDLchannelart",
                "thumb_url": "https:\/\/i.ytimg.com\/vi\/ZkJKpxq1_Gw\/hqdefault.jpg",
                "thumb_width": 480,
                "thumb_height": 360,
                "fallback": "YouTube Video: \u0414\u043b\u044f \u0447\u0435\u0433\u043e \u044f \u0447\u0438\u0442\u0430\u044e \u043f\u043e \u043a\u043d\u0438\u0433\u0435 \u0432 \u0434\u0435\u043d\u044c, \u0438 \u043f\u043e\u0447\u0435\u043c\u0443 \u0432\u0430\u043c \u0442\u043e\u0436\u0435 \u0441\u0442\u043e\u0438\u0442 \u044d\u0442\u043e \u0434\u0435\u043b\u0430\u0442\u044c  | \u041e\u0437\u0432\u0443\u0447\u043a\u0430 DeeAFilm",
                "video_html": "<iframe width=\"400\" height=\"225\" src=\"https:\/\/www.youtube.com\/embed\/ZkJKpxq1_Gw?feature=oembed&autoplay=1&iv_load_policy=3\" frameborder=\"0\" allowfullscreen><\/iframe>",
                "video_html_width": 400,
                "video_html_height": 225,
                "from_url": "https:\/\/www.youtube.com\/watch?v=ZkJKpxq1_Gw",
                "service_icon": "https:\/\/a.slack-edge.com\/2089\/img\/unfurl_icons\/youtube.png",
                "id": 1
            }
        ],
        "ts": "1472674054.000044"
    },
    {
        "type": "message",
        "user": "U0FGKCY31",
        "text": "\u041c\u043d\u0435 \u0443\u0436\u0435 \u043e\u0442 \u043d\u0430\u0437\u0432\u0430\u043d\u0438\u044f \u0441\u0442\u0440\u0430\u0448\u043d\u043e.",
        "ts": "1472674076.000046"
    },
    {
        "type": "message",
        "user": "U0FGKCY31",
        "text": "\u041f\u043e\u043a\u0430 \u043d\u0435 \u0443\u0441\u043f\u0435\u043b \u043f\u043e\u0441\u043c\u043e\u0442\u0440\u0435\u0442\u044c.",
        "edited": {
            "user": "U0FGKCY31",
            "ts": "1472674168.000000"
        },
        "ts": "1472674102.000047"
    },
    {
        "type": "message",
        "user": "U0G00FWH2",
        "text": "<https:\/\/www.youtube.com\/watch?v=-N_RZJUAQY4>",
        "attachments": [
            {
                "service_name": "YouTube",
                "service_url": "https:\/\/www.youtube.com\/",
                "title": "A two-year-old's solution to the trolley problem",
                "title_link": "https:\/\/www.youtube.com\/watch?v=-N_RZJUAQY4",
                "author_name": "E.J. Masicampo",
                "author_link": "https:\/\/www.youtube.com\/user\/emerjames",
                "thumb_url": "https:\/\/i.ytimg.com\/vi\/-N_RZJUAQY4\/hqdefault.jpg",
                "thumb_width": 480,
                "thumb_height": 360,
                "fallback": "YouTube Video: A two-year-old's solution to the trolley problem",
                "video_html": "<iframe width=\"400\" height=\"225\" src=\"https:\/\/www.youtube.com\/embed\/-N_RZJUAQY4?feature=oembed&autoplay=1&iv_load_policy=3\" frameborder=\"0\" allowfullscreen><\/iframe>",
                "video_html_width": 400,
                "video_html_height": 225,
                "from_url": "https:\/\/www.youtube.com\/watch?v=-N_RZJUAQY4",
                "service_icon": "https:\/\/a.slack-edge.com\/2089\/img\/unfurl_icons\/youtube.png",
                "id": 1
            }
        ],
        "ts": "1472680498.000049"
    },
    {
        "type": "message",
        "user": "U0H1U59BL",
        "text": "<@U0G00FWH2> \u0414\u0443\u043c\u0430\u044e, \u043f\u043e\u0441\u0442\u0430\u043d\u043e\u0432\u043a\u0430.",
        "ts": "1472680648.000051"
    },
    {
        "type": "message",
        "user": "U10S2FP1U",
        "text": "\u0434\u0430 \u043b\u0430\u0434\u043d\u043e",
        "ts": "1472681029.000052"
    },
    {
        "type": "message",
        "user": "U10S2FP1U",
        "text": "\u0432 \u043a\u0430\u043a\u043e\u043c \u0441\u043c\u044b\u0441\u043b\u0435 \"\u043f\u043e\u0441\u0442\u0430\u043d\u043e\u0432\u043a\u0430\")",
        "ts": "1472681084.000053"
    },
    {
        "type": "message",
        "user": "U0H1U59BL",
        "text": "\u0410\u0432\u0442\u043e\u0440 \u0432\u0438\u0434\u0435\u043e \u0441\u043a\u0430\u0437\u0430\u043b \u0440\u0435\u0431\u0451\u043d\u043a\u0443, \u0447\u0442\u043e \u0434\u0435\u043b\u0430\u0442\u044c, \u0447\u0442\u043e\u0431\u044b \u0441\u0434\u0435\u043b\u0430\u0442\u044c \u0432\u0438\u0440\u0443\u0441\u043d\u043e\u0435 \u0432\u0438\u0434\u0435\u043e.",
        "ts": "1472682169.000054"
    },
    {
        "type": "message",
        "user": "U0F6P8JAG",
        "text": "\u0423 \u0442\u0435\u0431\u044f \u044d\u0442\u0430 \u0433\u0438\u043f\u043e\u0442\u0435\u0437\u0430 \u0438\u0437-\u0437\u0430 \u043d\u0435\u0434\u043e\u0432\u0435\u0440\u0438\u044f \u043a \u0442\u043e\u043c\u0443, \u0447\u0442\u043e \u0440\u0435\u0431\u0451\u043d\u043e\u043a \u0442\u0430\u043a \u0431\u044b \u0441\u0435\u0431\u044f \u043f\u043e\u0432\u0451\u043b, \u0438\u043b\u0438 \u043f\u0440\u043e\u0441\u0442\u043e \u043f\u043e\u0442\u043e\u043c\u0443, \u0447\u0442\u043e \u044d\u0442\u043e \u0442\u0435\u0431\u0435 \u043a\u0430\u0436\u0435\u0442\u0441\u044f \u0431\u043e\u043b\u0435\u0435 \u0432\u0435\u0440\u043e\u044f\u0442\u043d\u044b\u043c \u0432 \u0441\u043c\u044b\u0441\u043b\u0435 \u043d\u0430\u043b\u0438\u0447\u0438\u044f \u043a\u0430\u043c\u0435\u0440\u044b \u0438 \u0442.\u043f.?",
        "edited": {
            "user": "U0F6P8JAG",
            "ts": "1472682366.000000"
        },
        "ts": "1472682341.000055"
    },
    {
        "type": "message",
        "user": "U0FD5HC1F",
        "text": "\u041f\u0440\u0438\u0434\u0443\u043c\u0430\u043b drinking game \u043d\u0430 \u043e\u0441\u043d\u043e\u0432\u0435 \u0444\u0430\u043b\u043b\u0430\u0441\u0438\u043c\u0430\u043d\u0438\u0438.\n\n\u041a\u0430\u0440\u0442\u043e\u0447\u043a\u0438 \u0441 \u0441\u043e\u0444\u0438\u0437\u043c\u0430\u043c\u0438 \u0440\u0430\u0437\u0434\u0430\u044e\u0442\u0441\u044f \u043f\u043e\u0440\u043e\u0432\u043d\u0443 \u0443\u0447\u0430\u0441\u0442\u043d\u0438\u043a\u0430\u043c. \u0412\u043a\u043b\u044e\u0447\u0430\u0435\u0442\u0441\u044f \u0432\u0438\u0434\u0435\u043e \u043f\u0440\u043e\u043f\u0430\u0433\u0430\u043d\u0434\u0438\u0441\u0442\u0430 \u043a\u0430\u043a\u043e\u0439-\u043d\u0438\u0431\u0443\u0434\u044c \u0430\u0445\u0438\u043d\u0435\u0438 \u0442\u0438\u043f\u0430 \u0433\u043e\u043c\u0435\u043e\u043f\u0430\u0442\u0438\u0438 (\u0432\u0430\u0440\u0438\u0430\u043d\u0442 - \u0432\u0441\u043b\u0443\u0445 \u0437\u0430\u0447\u0438\u0442\u044b\u0432\u0430\u0435\u0442\u0441\u044f \u0442\u0435\u043a\u0441\u0442, \u0442\u0430\u043a\u0436\u0435 \u043a\u0430\u043a \u0432\u0430\u0440\u0438\u0430\u043d\u0442 \u043c\u043e\u0436\u043d\u043e \u0447\u0438\u0442\u0430\u0442\u044c \u0442\u0440\u0435\u0434\u044b \u0441 \u0440\u0443\u0441\u0441\u043a\u043e\u0433\u043e \u0444\u043e\u0440\u0443\u043c\u0430 LW). \u0422\u043e\u0442, \u043a\u0442\u043e \u0441\u043b\u044b\u0448\u0438\u0442 \u0441\u043e\u0444\u0438\u0437\u043c, \u0441 \u043a\u043e\u0442\u043e\u0440\u044b\u043c \u0443 \u043d\u0435\u0433\u043e \u0435\u0441\u0442\u044c \u043a\u0430\u0440\u0442\u043e\u0447\u043a\u0430, \u043f\u044c\u0435\u0442.",
        "ts": "1472686635.000057"
    },
    {
        "type": "message",
        "user": "U0FD5HC1F",
        "text": "(\u0444\u0430\u043b\u043b\u0430\u0441\u0438\u043c\u0430\u043d\u0438\u044f \u044d\u0442\u043e <http:\/\/fallacymania.com\/> \u0435\u0441\u043b\u0438 \u0447\u0442\u043e)",
        "ts": "1472686666.000058"
    },
    {
        "type": "message",
        "user": "U0H1U59BL",
        "text": "<@U0F6P8JAG> \u0418\u0437-\u0437\u0430 \u043a\u0443\u0447\u0438 \u0434\u0435\u0442\u0430\u043b\u0435\u0439, \u043a\u043e\u0442\u043e\u0440\u044b\u0435, \u043d\u0430 \u043c\u043e\u0439 \u0432\u0437\u0433\u043b\u044f\u0434, \u043f\u043e\u043a\u0430\u0437\u044b\u0432\u0430\u044e\u0442 \u043d\u0435\u0435\u0441\u0442\u0435\u0441\u0442\u0432\u0435\u043d\u043d\u043e\u0441\u0442\u044c \u043f\u0440\u043e\u0438\u0441\u0445\u043e\u0434\u044f\u0449\u0435\u0433\u043e. \u041d\u0430\u043b\u0438\u0447\u0438\u0435 \u043a\u0430\u043c\u0435\u0440\u044b \u0432\u043f\u043e\u043b\u043d\u0435 \u0432\u0435\u0440\u043e\u044f\u0442\u043d\u043e, \u0435\u0441\u043b\u0438 \u0430\u0432\u0442\u043e\u0440 \u0445\u043e\u0442\u0435\u043b \u0437\u0430\u043f\u0435\u0447\u0430\u0442\u043b\u0435\u0442\u044c \u0440\u0435\u0448\u0435\u043d\u0438\u0435 \u043f\u0440\u043e\u0431\u043b\u0435\u043c\u044b \u0440\u0435\u0431\u0451\u043d\u043a\u043e\u043c; \u0434\u0430 \u0438 \u0440\u0435\u0431\u0451\u043d\u043e\u043a \u043f\u043e \u0441\u0443\u0442\u0438 \u0434\u0435\u0439\u0441\u0442\u0432\u0438\u0439 \u043c\u043e\u0433 \u0431\u044b \u0442\u0430\u043a \u043f\u043e\u0441\u0442\u0443\u043f\u0438\u0442\u044c. \u042d\u0442\u043e \u0441\u0442\u0430\u0442\u0438\u0447\u043d\u043e\u0435 \u043f\u043e\u043b\u043e\u0436\u0435\u043d\u0438\u0435 \u043a\u0430\u043c\u0435\u0440\u044b, \u0441\u043a\u043b\u0435\u0439\u043a\u0430 \u0434\u0432\u0443\u0445 \u0434\u0443\u0431\u043b\u0435\u0439, \u0432\u0437\u0433\u043b\u044f\u0434 \u0440\u0435\u0431\u0451\u043d\u043a\u0430, \u0431\u0443\u0434\u0442\u043e \u0432\u044b\u0436\u0438\u0434\u0430\u044e\u0449\u0438\u0439 \u043c\u043e\u043c\u0435\u043d\u0442\u0430, \u043a\u043e\u0433\u0434\u0430 \u043d\u0430\u0434\u043e \u0431\u0443\u0434\u0435\u0442 \u0434\u0435\u043b\u0430\u0442\u044c \u0442\u043e, \u0447\u0442\u043e \u043f\u043e\u043f\u0440\u043e\u0441\u0438\u043b\u0438, \u043e\u0442\u0441\u0443\u0442\u0441\u0442\u0432\u0438\u0435 \u0440\u0435\u0430\u043a\u0446\u0438\u0438 \u0443 \u043e\u043f\u0435\u0440\u0430\u0442\u043e\u0440\u0430, \u043f\u043e\u0441\u043f\u0435\u0448\u043d\u043e\u0435 \"\u043e-\u043e\u0443\", \u043a\u043e\u0442\u043e\u0440\u043e\u0435 \u043e\u043d \u0434\u043e\u0433\u043e\u0432\u0430\u0440\u0438\u0432\u0430\u0435\u0442 \u0442\u043e\u043b\u044c\u043a\u043e \u0443\u0431\u0435\u0434\u0438\u0432\u0448\u0438\u0441\u044c, \u0447\u0442\u043e \u0432\u0441\u0435\u0445 \u043f\u0435\u0440\u0435\u0434\u0430\u0432\u0438\u043b, \u0438 \u0442\u0430\u043a \u0434\u0430\u043b\u0435\u0435.",
        "ts": "1472687663.000059"
    },
    {
        "type": "message",
        "user": "U10S2FP1U",
        "text": "\u043c\u043d\u0435 \u043a\u0430\u0436\u0435\u0442\u0441\u044f \u043e\u0447\u0435\u043d\u044c \u0432\u0435\u0440\u043e\u044f\u0442\u043d\u044b\u043c, \u0447\u0442\u043e \u0441\u043d\u0430\u0447\u0430\u043b\u0430 \u0440\u0435\u0431\u0435\u043d\u043e\u043a \u0441\u0434\u0435\u043b\u0430\u043b \u044d\u0442\u043e \u0431\u0435\u0437 \u043a\u0430\u043c\u0435\u0440\u044b, \u0430 \u043f\u043e\u0442\u043e\u043c \u043e\u043d\u0438 \u043d\u0430 \u043a\u0430\u043c\u0435\u0440\u0443 \u043f\u043e\u0432\u0442\u043e\u0440\u0438\u043b\u0438 \u043d\u0435\u0441\u043a\u043e\u043b\u044c\u043a\u043e \u0440\u0430\u0437",
        "ts": "1472688132.000060",
        "reactions": [
            {
                "name": "heavy_plus_sign",
                "users": [
                    "U0HJ93C3B"
                ],
                "count": 1
            }
        ]
    }
]