[
    {
        "type": "message",
        "subtype": "file_share",
        "text": "<@U0G00FWH2|random> uploaded a file: <https:\/\/lesswrongru.slack.com\/files\/random\/F30BQAM0C\/20161109_105835.jpg|\u0423\u0442\u0440\u043e>",
        "file": {
            "id": "F30BQAM0C",
            "created": 1478685645,
            "timestamp": 1478685645,
            "name": "20161109_105835.jpg",
            "title": "\u0423\u0442\u0440\u043e",
            "mimetype": "image\/jpeg",
            "filetype": "jpg",
            "pretty_type": "JPEG",
            "user": "U0G00FWH2",
            "editable": false,
            "size": 3441048,
            "mode": "hosted",
            "is_external": false,
            "external_type": "",
            "is_public": true,
            "public_url_shared": false,
            "display_as_bot": false,
            "username": "",
            "url_private": "https:\/\/files.slack.com\/files-pri\/T0CTD4Q0K-F30BQAM0C\/20161109_105835.jpg?t=xoxe-12931160019-103607625319-102215183440-059257f7d7",
            "url_private_download": "https:\/\/files.slack.com\/files-pri\/T0CTD4Q0K-F30BQAM0C\/download\/20161109_105835.jpg?t=xoxe-12931160019-103607625319-102215183440-059257f7d7",
            "thumb_64": "https:\/\/files.slack.com\/files-tmb\/T0CTD4Q0K-F30BQAM0C-b4e876a3d0\/20161109_105835_64.jpg?t=xoxe-12931160019-103607625319-102215183440-059257f7d7",
            "thumb_80": "https:\/\/files.slack.com\/files-tmb\/T0CTD4Q0K-F30BQAM0C-b4e876a3d0\/20161109_105835_80.jpg?t=xoxe-12931160019-103607625319-102215183440-059257f7d7",
            "thumb_360": "https:\/\/files.slack.com\/files-tmb\/T0CTD4Q0K-F30BQAM0C-b4e876a3d0\/20161109_105835_360.jpg?t=xoxe-12931160019-103607625319-102215183440-059257f7d7",
            "thumb_360_w": 203,
            "thumb_360_h": 360,
            "thumb_480": "https:\/\/files.slack.com\/files-tmb\/T0CTD4Q0K-F30BQAM0C-b4e876a3d0\/20161109_105835_480.jpg?t=xoxe-12931160019-103607625319-102215183440-059257f7d7",
            "thumb_480_w": 270,
            "thumb_480_h": 480,
            "thumb_160": "https:\/\/files.slack.com\/files-tmb\/T0CTD4Q0K-F30BQAM0C-b4e876a3d0\/20161109_105835_160.jpg?t=xoxe-12931160019-103607625319-102215183440-059257f7d7",
            "thumb_720": "https:\/\/files.slack.com\/files-tmb\/T0CTD4Q0K-F30BQAM0C-b4e876a3d0\/20161109_105835_720.jpg?t=xoxe-12931160019-103607625319-102215183440-059257f7d7",
            "thumb_720_w": 405,
            "thumb_720_h": 720,
            "thumb_960": "https:\/\/files.slack.com\/files-tmb\/T0CTD4Q0K-F30BQAM0C-b4e876a3d0\/20161109_105835_960.jpg?t=xoxe-12931160019-103607625319-102215183440-059257f7d7",
            "thumb_960_w": 540,
            "thumb_960_h": 960,
            "thumb_1024": "https:\/\/files.slack.com\/files-tmb\/T0CTD4Q0K-F30BQAM0C-b4e876a3d0\/20161109_105835_1024.jpg?t=xoxe-12931160019-103607625319-102215183440-059257f7d7",
            "thumb_1024_w": 576,
            "thumb_1024_h": 1024,
            "image_exif_rotation": 1,
            "original_w": 5312,
            "original_h": 2988,
            "permalink": "https:\/\/lesswrongru.slack.com\/files\/random\/F30BQAM0C\/20161109_105835.jpg",
            "permalink_public": "https:\/\/slack-files.com\/T0CTD4Q0K-F30BQAM0C-a4a001445c",
            "channels": [
                "C0GKHDHC3"
            ],
            "groups": [
    
            ],
            "ims": [
    
            ],
            "comments_count": 0
        },
        "user": "U0G00FWH2",
        "upload": true,
        "display_as_bot": false,
        "username": "<@U0G00FWH2|random>",
        "bot_id": null,
        "ts": "1478685654.000217"
    },
    {
        "type": "message",
        "user": "U0D0R0D4P",
        "text": "\u042d\u0442\u043e \u0444\u043e\u0442\u043e\u0433\u0440\u0430\u0444\u0438\u044f \u043f\u0440\u043e \u0444\u043b\u0430\u0433, \u0438\u043b\u0438 \u043f\u0440\u043e \u0444\u043b\u0430\u0433 \u0442\u0430\u043c, \u0433\u0434\u0435 \u0435\u0433\u043e \u043d\u0435 \u043e\u0436\u0438\u0434\u0430\u0435\u0448\u044c \u0443\u0432\u0438\u0434\u0435\u0442\u044c?",
        "ts": "1478685780.000218"
    },
    {
        "type": "message",
        "user": "U0G00FWH2",
        "text": "\u041f\u0440\u043e \u043d\u0430\u0441\u0442\u0440\u043e\u0435\u043d\u0438\u0435 \u0441\u0435\u0433\u043e\u0434\u043d\u044f\u0448\u043d\u0435\u0433\u043e \u0443\u0442\u0440\u0430 ",
        "ts": "1478686388.000219"
    },
    {
        "type": "message",
        "user": "U1XQG3N2G",
        "text": "\u0430\u043c\u0435\u0440\u0438\u043a\u0430\u043d\u0441\u043a\u0438\u0439 \u0438\u043d\u0435\u0442 \u0437\u0430\u0445\u043b\u0435\u0441\u0442\u044b\u0432\u0430\u0435\u0442 \u043d\u043e\u0432\u0430\u044f \u0432\u043e\u043b\u043d\u0430 \u043c\u0435\u043c\u043e\u0432",
        "ts": "1478687735.000220"
    },
    {
        "type": "message",
        "user": "U1XQG3N2G",
        "text": "we are living in interesting time",
        "ts": "1478687766.000221"
    },
    {
        "type": "message",
        "user": "U0G0JFJTA",
        "text": "&gt; we are living in interesting time\n\u0414\u043e\u0431\u0440\u043e \u043f\u043e\u0436\u0430\u043b\u043e\u0432\u0430\u0442\u044c \u0432 \u0440\u0435\u0430\u043b\u044c\u043d\u044b\u0439 \u043c\u0438\u0440 :slightly_smiling_face: \u0418\u0437\u0440\u044f\u0434\u043d\u0430\u044f \u0447\u0430\u0441\u0442\u044c \u043f\u043b\u0430\u043d\u0435\u0442\u044b \u0442\u0430\u043a \u0434\u0430\u0432\u043d\u043e \u0443\u0436\u0435 \u0436\u0438\u0432\u0451\u0442 :slightly_smiling_face:",
        "ts": "1478688636.000222"
    },
    {
        "type": "message",
        "user": "U1XQG3N2G",
        "text": "\"\u0442\u0430\u043a\" - \u044d\u0442\u043e \u0437\u0430\u043f\u0430\u0441\u0448\u0438\u0441\u044c \u043f\u043e\u043f\u043a\u043e\u0440\u043d\u043e\u043c \u0432 \u043d\u0430\u0431\u043b\u044e\u0434\u0435\u043d\u0438\u0438 \u0437\u0430 \u043f\u043e\u043b\u0438\u0442\u0438\u0447\u0435\u0441\u043a\u043e\u0439 \u0436\u0438\u0437\u043d\u044c\u044e \u0432 \u0421\u0428\u0410?",
        "ts": "1478690162.000223"
    },
    {
        "type": "message",
        "user": "U2ZTEFXAT",
        "text": "\u0412\u0430\u0448 \u043f\u0440\u0435\u0437\u0438\u0434\u0435\u043d\u0442 - \u043c\u0435\u043c.",
        "ts": "1478692087.000224"
    },
    {
        "type": "message",
        "user": "U0H1U59BL",
        "text": "\u041f\u043e\u0447\u0435\u043c\u0443-\u0442\u043e \u043f\u043e\u044f\u0432\u0438\u043b\u0441\u044f \u0432\u043e\u043f\u0440\u043e\u0441: \u0430 \u043d\u0430\u0441\u043a\u043e\u043b\u044c\u043a\u043e \u0432\u0435\u0440\u043e\u044f\u0442\u043d\u043e, \u0447\u0442\u043e \u044d\u0442\u043e\u0442 \u0444\u043b\u0430\u0433 \u0432\u044b\u0432\u0435\u0441\u0438\u043b \u0447\u0435\u043b\u043e\u0432\u0435\u043a, \u043a\u043e\u0442\u043e\u0440\u044b\u0439 \u0440\u043e\u0434\u043e\u043c \u043d\u0435 \u0438\u0437 \u0421\u0428\u0410? \u0412\u043a\u043b\u044e\u0447\u0430\u044f \u0435\u0433\u043e \u0440\u043e\u0434\u0438\u0442\u0435\u043b\u0435\u0439.",
        "ts": "1478692686.000225"
    },
    {
        "type": "message",
        "user": "U0FD5HC1F",
        "text": "<http:\/\/myrngwaur.livejournal.com\/731114.html>\n\u044d\u0442\u043e \u041d\u0410\u0428\u0410 \u041c\u0418\u0421\u0421\u0418\u042f!",
        "attachments": [
            {
                "title": "\u0421\u043f\u0430\u0441\u0438\u0431\u043e \u0437\u0430 \u043e\u0442\u043b\u0438\u0447\u043d\u0443\u044e \u043d\u0430\u0432\u043e\u0434\u043a\u0443",
                "title_link": "http:\/\/myrngwaur.livejournal.com\/731114.html",
                "text": "\u0414\u0430, \u044f, \u043d\u0430\u0432\u0435\u0440\u043d\u043e\u0435, \u0441\u0447\u0438\u0442\u0430\u044e \u0442\u0430\u043a: \u0443 \u0437\u0430\u043f\u0430\u0434\u043d\u043e\u0433\u043e \u043c\u0438\u0440\u0430 \u0435\u0441\u0442\u044c \u0442\u0440\u0438 \u043e\u0441\u043d\u043e\u0432\u043e\u043f\u043e\u043b\u0430\u0433\u0430\u044e\u0449\u0438\u0445 \u0446\u0435\u043d\u043d\u043e\u0441\u0442\u0438 - \u0434\u0435\u043c\u043e\u043a\u0440\u0430\u0442\u0438\u044f, \u0440\u0430\u0432\u0435\u043d\u0441\u0442\u0432\u043e \u043f\u0435\u0440\u0435\u0434 \u0437\u0430\u043a\u043e\u043d\u043e\u043c \u0438 \u043f\u0440\u043e\u0441\u0432\u0435\u0449\u0435\u043d\u0438\u0435. \u0418 \u043f\u043e\u0441\u043b\u0435\u0434\u043d\u0435\u0435 - \u0441\u0430\u043c\u043e\u0435 \u0433\u043b\u0430\u0432\u043d\u043e\u0435.\u2026",
                "fallback": "\u0421\u043f\u0430\u0441\u0438\u0431\u043e \u0437\u0430 \u043e\u0442\u043b\u0438\u0447\u043d\u0443\u044e \u043d\u0430\u0432\u043e\u0434\u043a\u0443",
                "image_url": "http:\/\/l-files.livejournal.net\/og_image\/1909048\/2855?v=1478692221",
                "from_url": "http:\/\/myrngwaur.livejournal.com\/731114.html",
                "image_width": 476,
                "image_height": 250,
                "image_bytes": 44583,
                "service_icon": "http:\/\/myrngwaur.livejournal.com\/favicon.ico",
                "service_name": "myrngwaur.livejournal.com",
                "id": 1
            }
        ],
        "ts": "1478694191.000226"
    },
    {
        "type": "message",
        "user": "U0G0JFJTA",
        "text": "<https:\/\/lesswrongru.slack.com\/archives\/chaos\/p1478690162000223>\n\u041d\u0435\u0442, \u0432 \u0438\u043d\u0442\u0435\u0440\u0435\u0441\u043d\u044b\u0445 \u0432\u0440\u0435\u043c\u0435\u043d\u0430\u0445.",
        "attachments": [
            {
                "from_url": "https:\/\/lesswrongru.slack.com\/archives\/chaos\/p1478690162000223",
                "fallback": "[November 9th, 2016 3:16 AM] alex.markov: \"\u0442\u0430\u043a\" - \u044d\u0442\u043e \u0437\u0430\u043f\u0430\u0441\u0448\u0438\u0441\u044c \u043f\u043e\u043f\u043a\u043e\u0440\u043d\u043e\u043c \u0432 \u043d\u0430\u0431\u043b\u044e\u0434\u0435\u043d\u0438\u0438 \u0437\u0430 \u043f\u043e\u043b\u0438\u0442\u0438\u0447\u0435\u0441\u043a\u043e\u0439 \u0436\u0438\u0437\u043d\u044c\u044e \u0432 \u0421\u0428\u0410?",
                "ts": "1478690162.000223",
                "author_subname": "alex.markov",
                "channel_id": "C0GKHDHC3",
                "channel_name": "chaos",
                "is_msg_unfurl": true,
                "text": "\"\u0442\u0430\u043a\" - \u044d\u0442\u043e \u0437\u0430\u043f\u0430\u0441\u0448\u0438\u0441\u044c \u043f\u043e\u043f\u043a\u043e\u0440\u043d\u043e\u043c \u0432 \u043d\u0430\u0431\u043b\u044e\u0434\u0435\u043d\u0438\u0438 \u0437\u0430 \u043f\u043e\u043b\u0438\u0442\u0438\u0447\u0435\u0441\u043a\u043e\u0439 \u0436\u0438\u0437\u043d\u044c\u044e \u0432 \u0421\u0428\u0410?",
                "author_name": "Alex Markov",
                "author_link": "https:\/\/lesswrongru.slack.com\/team\/alex.markov",
                "author_icon": "https:\/\/avatars.slack-edge.com\/2016-10-23\/94971425792_f7435b7dac98835289b2_48.png",
                "mrkdwn_in": [
                    "text"
                ],
                "id": 1,
                "footer": "Posted in #chaos"
            }
        ],
        "ts": "1478696062.000228"
    },
    {
        "type": "message",
        "user": "U0KE33M0C",
        "text": "\u0438 \u0447\u0435\u0433\u043e \u0432\u0441\u0435 \u0442\u0430\u043a \u043e\u0431\u0435\u0441\u043f\u043e\u043a\u043e\u0435\u043d\u044b \u0440\u0435\u0437\u0443\u043b\u044c\u0442\u0430\u0442\u0430\u043c\u0438 \u0432\u044b\u0431\u043e\u0440\u043e\u0432? \u0440\u0430\u0437\u0432\u0435 \u0445\u0430\u043e\u0441\u0438\u0442\u044b \u043d\u0435 \u0434\u043e\u043b\u0436\u043d\u044b \u0440\u0430\u0434\u043e\u0432\u0430\u0442\u044c\u0441\u044f, \u0447\u0442\u043e \u0440\u0435\u0437\u0443\u043b\u044c\u0442\u0430\u0442\u044b \u0432\u044b\u0431\u043e\u0440\u043e\u0432 - \u044d\u0442\u043e \u043d\u0435 \u0442\u0440\u0443\u043f \u043d\u0430 \u0442\u0440\u043e\u043d\u0435?",
        "ts": "1478696235.000230",
        "reactions": [
            {
                "name": "glory_of_satan",
                "users": [
                    "U2ZTEFXAT",
                    "U0N5M8GDT"
                ],
                "count": 2
            },
            {
                "name": "trollface",
                "users": [
                    "U0G0JFJTA"
                ],
                "count": 1
            }
        ]
    },
    {
        "type": "message",
        "user": "U0GQ50ESU",
        "text": "<@U0F6P8JAG>, \u043c\u043d\u0435 \u0441\u0442\u0430\u043b\u043e \u0438\u043d\u0442\u0435\u0440\u0435\u0441\u043d\u043e, _\u0438 \u044f \u043f\u043e\u0442\u0440\u0430\u0442\u0438\u043b\u0430 \u043a\u0443\u0447\u0443 \u0432\u0440\u0435\u043c\u0435\u043d\u0438 \u043d\u0430 \u044d\u0442\u0438 \u0432\u043e\u043f\u0440\u043e\u0441\u044b_ :facepalm: \n\u0414\u0430\u0436\u0435 \u0440\u0435\u0437\u0443\u043b\u044c\u0442\u0430\u0442 \u043d\u0435 \u0438\u043d\u0442\u0435\u0440\u0435\u0441\u043d\u044b\u0439 - 72%\n <https:\/\/lesswrongru.slack.com\/archives\/open\/p1478618574000067>",
        "attachments": [
            {
                "from_url": "https:\/\/lesswrongru.slack.com\/archives\/open\/p1478618574000067",
                "fallback": "[November 8th, 2016 7:22 AM] berekuk: [Reveal culture] <https:\/\/www.okcupid.com\/profile\/berekuk>\n\u041f\u043e\u0447\u0438\u0442\u0430\u043b \u0431\u044b \u043f\u0440\u043e\u0444\u0438\u043b\u0438 \u043b\u044e\u0434\u0435\u0439, \u0437\u043d\u0430\u043a\u043e\u043c\u044b\u0445 \u043c\u043d\u0435 \u043f\u043e \u044d\u0442\u043e\u043c\u0443 \u0447\u0430\u0442\u0443, \u0435\u0441\u043b\u0438 \u043e\u043d\u0438 \u0433\u043e\u0442\u043e\u0432\u044b \u0434\u0430\u0442\u044c \u043d\u0430 \u043d\u0438\u0445 \u0441\u0441\u044b\u043b\u043a\u0438.",
                "ts": "1478618574.000067",
                "author_subname": "berekuk",
                "channel_id": "C0CTD63DJ",
                "channel_name": "open",
                "is_msg_unfurl": true,
                "text": "[Reveal culture] <https:\/\/www.okcupid.com\/profile\/berekuk>\n\u041f\u043e\u0447\u0438\u0442\u0430\u043b \u0431\u044b \u043f\u0440\u043e\u0444\u0438\u043b\u0438 \u043b\u044e\u0434\u0435\u0439, \u0437\u043d\u0430\u043a\u043e\u043c\u044b\u0445 \u043c\u043d\u0435 \u043f\u043e \u044d\u0442\u043e\u043c\u0443 \u0447\u0430\u0442\u0443, \u0435\u0441\u043b\u0438 \u043e\u043d\u0438 \u0433\u043e\u0442\u043e\u0432\u044b \u0434\u0430\u0442\u044c \u043d\u0430 \u043d\u0438\u0445 \u0441\u0441\u044b\u043b\u043a\u0438.",
                "author_name": "Vyacheslav Matyukhin",
                "author_link": "https:\/\/lesswrongru.slack.com\/team\/berekuk",
                "author_icon": "https:\/\/secure.gravatar.com\/avatar\/c4b6aeeac2ce08e88cc81c7443a3ef55.jpg?s=48&d=https%3A%2F%2Fa.slack-edge.com%2F66f9%2Fimg%2Favatars%2Fava_0025-48.png",
                "mrkdwn_in": [
                    "text"
                ],
                "id": 1,
                "footer": "Posted in #open"
            }
        ],
        "ts": "1478696677.000231"
    },
    {
        "type": "message",
        "user": "U0G0JFJTA",
        "text": "<@U0GQ50ESU> \u041d\u043e \u0442\u044b \u043d\u0430\u0432\u0435\u0440\u043d\u043e\u0435 \u0443\u0437\u043d\u0430\u043b\u0430 \u043e \u0441\u0435\u0431\u0435 \u043c\u043d\u043e\u0433\u043e \u043d\u043e\u0432\u043e\u0433\u043e :slightly_smiling_face:",
        "ts": "1478699180.000233"
    },
    {
        "type": "message",
        "user": "U0FD5HC1F",
        "text": "\u0410 \u0443 \u043c\u0435\u043d\u044f \u043d\u0435 \u0440\u0430\u0431\u043e\u0442\u0430\u0435\u0442 okcupid, \u043f\u043e\u0445\u043e\u0436\u0435, \u0442\u0430\u043c \u043c\u043e\u0439 IP \u0437\u0430\u0431\u043b\u043e\u0447\u0435\u043d \u043e_\u041e",
        "ts": "1478701445.000234"
    },
    {
        "type": "message",
        "user": "U0FD5HC1F",
        "text": "\u041f\u0440\u0438\u0447\u0435\u043c \u0447\u0435\u0440\u0435\u0437 \u043f\u0440\u043e\u043a\u0441\u0438 \u0442\u043e\u0436\u0435, \u043d\u043e \u044d\u0442\u043e \u0432\u0440\u043e\u0434\u0435 \u043e\u0431\u044a\u044f\u0441\u043d\u044f\u0435\u0442\u0441\u044f \u0442\u0435\u043c, \u0447\u0442\u043e \u043a\u0430\u043a \u0440\u0430\u0437 \u043f\u0440\u043e\u043a\u0441\u0438 \u043e\u043d \u043a\u0430\u043a-\u0442\u043e \u0434\u0435\u0442\u0435\u043a\u0442\u0438\u0442 (\u043f\u0440\u043e\u0447\u0435\u043b \u0433\u0434\u0435-\u0442\u043e).",
        "ts": "1478701472.000235"
    },
    {
        "type": "message",
        "user": "U0FD5HC1F",
        "text": "\u044d\u0442\u043e \u043e\u0442\u0441\u044b\u043b\u043a\u0430 \u043a \u043a\u043e\u043c\u0430\u0442\u043e\u0437\u043d\u043e\u043c\u0443 \u0438\u043c\u043f\u0435\u0440\u0430\u0442\u043e\u0440\u0443 \u0438\u0437 \u043e\u0434\u043d\u043e\u0439 \u043d\u0430\u0434\u043e\u0435\u0432\u0448\u0435\u0439 \u0444\u0440\u0430\u043d\u0448\u0438\u0437\u044b?\n _\u0432\u043d\u0435\u0437\u0430\u043f\u043d\u043e \u0437\u0430\u0434\u0443\u043c\u0430\u043b\u0441\u044f \u043e\u0431 \u0438\u0441\u0442\u0438\u043d\u043d\u043e\u043c \u043d\u0430\u0437\u043d\u0430\u0447\u0435\u043d\u0438\u0438 \u043c\u0430\u0432\u0437\u043e\u043b\u0435\u044f \u043d\u0430 \u043a\u0440\u0430\u0441\u043d\u043e\u0439 \u043f\u043b\u043e\u0449\u0430\u0434\u0438_",
        "attachments": [
            {
                "fallback": "[November 9th, 2016 3:57 PM] no_login_found: \u0438 \u0447\u0435\u0433\u043e \u0432\u0441\u0435 \u0442\u0430\u043a \u043e\u0431\u0435\u0441\u043f\u043e\u043a\u043e\u0435\u043d\u044b \u0440\u0435\u0437\u0443\u043b\u044c\u0442\u0430\u0442\u0430\u043c\u0438 \u0432\u044b\u0431\u043e\u0440\u043e\u0432? \u0440\u0430\u0437\u0432\u0435 \u0445\u0430\u043e\u0441\u0438\u0442\u044b \u043d\u0435 \u0434\u043e\u043b\u0436\u043d\u044b \u0440\u0430\u0434\u043e\u0432\u0430\u0442\u044c\u0441\u044f, \u0447\u0442\u043e \u0440\u0435\u0437\u0443\u043b\u044c\u0442\u0430\u0442\u044b \u0432\u044b\u0431\u043e\u0440\u043e\u0432 - \u044d\u0442\u043e \u043d\u0435 \u0442\u0440\u0443\u043f \u043d\u0430 \u0442\u0440\u043e\u043d\u0435?",
                "ts": "1478696235.000230",
                "author_subname": "no_login_found",
                "channel_id": "C0GKHDHC3",
                "channel_name": "chaos",
                "is_msg_unfurl": true,
                "text": "\u0438 \u0447\u0435\u0433\u043e \u0432\u0441\u0435 \u0442\u0430\u043a \u043e\u0431\u0435\u0441\u043f\u043e\u043a\u043e\u0435\u043d\u044b \u0440\u0435\u0437\u0443\u043b\u044c\u0442\u0430\u0442\u0430\u043c\u0438 \u0432\u044b\u0431\u043e\u0440\u043e\u0432? \u0440\u0430\u0437\u0432\u0435 \u0445\u0430\u043e\u0441\u0438\u0442\u044b \u043d\u0435 \u0434\u043e\u043b\u0436\u043d\u044b \u0440\u0430\u0434\u043e\u0432\u0430\u0442\u044c\u0441\u044f, \u0447\u0442\u043e \u0440\u0435\u0437\u0443\u043b\u044c\u0442\u0430\u0442\u044b \u0432\u044b\u0431\u043e\u0440\u043e\u0432 - \u044d\u0442\u043e \u043d\u0435 \u0442\u0440\u0443\u043f \u043d\u0430 \u0442\u0440\u043e\u043d\u0435?",
                "author_link": "https:\/\/lesswrongru.slack.com\/team\/no_login_found",
                "author_icon": "https:\/\/secure.gravatar.com\/avatar\/76ca4e71f60c792bd32ea6380ba383ea.jpg?s=48&d=https%3A%2F%2Fa.slack-edge.com%2F66f9%2Fimg%2Favatars%2Fava_0000-48.png",
                "mrkdwn_in": [
                    "text"
                ],
                "color": "D0D0D0",
                "from_url": "https:\/\/lesswrongru.slack.com\/archives\/chaos\/p1478696235000230",
                "is_share": true,
                "footer": "Posted in #chaos"
            }
        ],
        "edited": {
            "user": "U0FD5HC1F",
            "ts": "1478701767.000000"
        },
        "ts": "1478701753.000236",
        "reactions": [
            {
                "name": "heavy_plus_sign",
                "users": [
                    "U0KE33M0C"
                ],
                "count": 1
            }
        ]
    },
    {
        "type": "message",
        "user": "U0GQ50ESU",
        "text": "<@U0G0JFJTA>, \u0441\u043a\u043e\u0440\u0435\u0435 \u043e \u0421\u043b\u0430\u0432\u0435, \u0447\u0435\u043c \u043e \u0441\u0435\u0431\u0435:)",
        "ts": "1478703240.000238"
    },
    {
        "type": "message",
        "user": "U0F6P8JAG",
        "text": "<@U0GQ50ESU>: \u0432\u0437\u0438\u043c\u043d\u043e :) (\u043d\u0430 \u0441\u0430\u043c\u043e\u043c \u0434\u0435\u043b\u0435 \u043d\u0435\u0442, \u0432\u0441\u0451 \u0432\u044b\u0433\u043b\u044f\u0434\u0438\u0442 \u0434\u043e\u0432\u043e\u043b\u044c\u043d\u043e \u043e\u0431\u044b\u0434\u0435\u043d\u043d\u043e).",
        "ts": "1478704411.000239"
    },
    {
        "type": "message",
        "user": "U0F6P8JAG",
        "text": "\u041f\u043e\u0447\u0435\u043c\u0443 \u043f\u043e\u043b\u0443\u0447\u0438\u043b\u043e\u0441\u044c 72%, \u043d\u0435 \u043f\u043e\u043d\u0438\u043c\u0430\u044e, \u043a\u0441\u0442\u0430\u0442\u0438.",
        "ts": "1478704431.000240"
    },
    {
        "type": "message",
        "user": "U0GQ50ESU",
        "text": "<@U0F6P8JAG>, \u0434\u043e\u043f\u0443\u0441\u043a\u0430\u044e, \u0447\u0442\u043e \u043f\u043e\u043b\u0443\u0447\u0438\u043b\u043e\u0441\u044c \u0431\u044b \u043f\u043e-\u0434\u0440\u0443\u0433\u043e\u043c\u0443, \u0435\u0441\u043b\u0438 \u0431\u044b \u044f \u043e\u0442\u0432\u0435\u0442\u0438\u043b\u0430 \u043d\u0430 \u0432\u0441\u0435 \u0432\u043e\u043f\u0440\u043e\u0441\u044b, \u043d\u043e \u0438\u0445 \u0442\u0430\u043c \u0442\u0430\u043a \u043c\u043d\u043e\u0433\u043e - \u044f \u043d\u0438\u0430\u0441\u0438\u043b\u0438\u043b:sweat:",
        "ts": "1478704558.000241"
    },
    {
        "type": "message",
        "user": "U0F6P8JAG",
        "text": "\u0421\u043a\u043e\u0440\u0435\u0435 \u0434\u0435\u043b\u043e \u0432 \u0434\u0440\u0443\u0433\u043e\u043c. \u041c\u0435\u0445\u0430\u043d\u0438\u043a\u0430 \u043e\u0446\u0435\u043d\u043e\u043a importance \u0442\u0430\u043c \u043f\u0440\u0438\u043c\u0435\u0440\u043d\u043e \u0442\u0430\u043a\u0430\u044f:\n1 \u0431\u0430\u043b\u043b \u0437\u0430 \"a little\"\n10 \u0431\u0430\u043b\u043b\u043e\u0432 \u0437\u0430 \u201csomewhat important\u201d\n250 \u0431\u0430\u043b\u043b\u043e\u0432 \u0437\u0430 \u201cvery important\u201d\n\u0415\u0441\u043b\u0438 \u0442\u044b \u0432 \u043f\u0430\u0440\u0435 \u043c\u0435\u0441\u0442 \u043e\u0442\u043c\u0435\u0442\u0438\u043b\u0430 very important \u0438 \u043f\u043e \u043d\u0438\u043c \u043d\u0435\u0441\u043e\u0432\u043f\u0430\u0434\u0435\u043d\u0438\u0435, \u0442\u043e \u044d\u0442\u043e \u043c\u043e\u0433\u043b\u043e \u043f\u0435\u0440\u0435\u0432\u0435\u0441\u0438\u0442\u044c \u0432\u0441\u0451 \u043e\u0441\u0442\u0430\u043b\u044c\u043d\u043e\u0435.",
        "ts": "1478704734.000242"
    },
    {
        "type": "message",
        "user": "U0F6P8JAG",
        "text": "(\u043f\u043e\u0434\u0440\u043e\u0431\u043d\u043e\u0441\u0442\u0438: <https:\/\/okcupid.desk.com\/customer\/en\/portal\/articles\/2458380-match-percentages\u2014a-detailed-explanation>)",
        "ts": "1478704739.000243"
    },
    {
        "type": "message",
        "user": "U0GQ50ESU",
        "text": "<@U0F6P8JAG>: \n\u0414\u0430, \u0442\u0430\u043a \u0438 \u0431\u044b\u043b\u043e. \u0412 \u043f\u0430\u0440\u0435 \u043c\u0435\u0441\u0442 very, \u0438\u043d\u043e\u0433\u0434\u0430 somewhat\/little, \u0438 \u043c\u043d\u043e\u0433\u043e \u0433\u0434\u0435 irrelevant. \u041f\u043e\u044d\u043a\u0441\u043f\u0435\u0440\u0438\u043c\u0435\u043d\u0442\u0438\u0440\u0443\u044e \u043f\u043e\u0442\u043e\u043c:)",
        "edited": {
            "user": "U0GQ50ESU",
            "ts": "1478705405.000000"
        },
        "ts": "1478705344.000244"
    },
    {
        "type": "message",
        "user": "U0L4B5338",
        "text": "<https:\/\/lesswrongru.slack.com\/archives\/open\/p1478704503000398>\n\u0414\u043e\u043f\u0438\u043b\u0438\u0432\u0430\u043d\u0438\u0435 \u043c\u0430\u0448\u0438\u043d\u043d\u043e\u0433\u043e \u043f\u0435\u0440\u0435\u0432\u043e\u0434\u0430 - \u043d\u0435 \u0435\u0434\u0438\u043d\u0441\u0442\u0432\u0435\u043d\u043d\u0430\u044f \u043f\u0440\u0438\u0447\u0438\u043d\u0430, \u043f\u043e \u043a\u043e\u0442\u043e\u0440\u043e\u0439 \u043f\u0440\u043e\u0444\u0435\u0441\u0441\u0438\u044f \u043f\u0435\u0440\u0435\u0432\u043e\u0434\u0447\u0438\u043a\u0430 \u043c\u043e\u0436\u0435\u0442 \u0441\u0442\u0430\u0442\u044c \u043d\u0435\u0440\u0435\u043b\u0435\u0432\u0430\u043d\u0442\u043d\u043e\u0439 \u0447\u0435\u0440\u0435\u0437 50 \u043b\u0435\u0442.",
        "attachments": [
            {
                "from_url": "https:\/\/lesswrongru.slack.com\/archives\/open\/p1478704503000398",
                "fallback": "[November 9th, 2016 7:15 AM] staenrey: \u0410 \u0442\u0435\u043c \u0432\u0440\u0435\u043c\u0435\u043d\u0435\u043c \u0443 \u043c\u0435\u043d\u044f \u0442\u0443\u0442 \u0432\u0431\u0440\u043e\u0441. \u041a\u0442\u043e \u0447\u0442\u043e \u0437\u043d\u0430\u0435\u0442 \u043f\u0440\u043e \u043c\u0430\u0448\u0438\u043d\u043d\u044b\u0439 \u043f\u0435\u0440\u0435\u0432\u043e\u0434 \u0438 \u043f\u0440\u043e \u0442\u043e, \u0447\u0442\u043e \u041f\u0420\u041e\u0424\u0415\u0421\u0421\u0418\u042f \u041f\u0415\u0420\u0415\u0412\u041e\u0414\u0427\u0418\u041a\u0410 \u0412\u042b\u041c\u0420\u0415\u0422 \u041b\u0415\u0422 \u0427\u0415\u0420\u0415\u0417 \u041f\u042f\u0422\u042c\u0414\u0415\u0421\u042f\u0422?",
                "ts": "1478704503.000398",
                "author_subname": "staenrey",
                "channel_id": "C0CTD63DJ",
                "channel_name": "open",
                "is_msg_unfurl": true,
                "text": "\u0410 \u0442\u0435\u043c \u0432\u0440\u0435\u043c\u0435\u043d\u0435\u043c \u0443 \u043c\u0435\u043d\u044f \u0442\u0443\u0442 \u0432\u0431\u0440\u043e\u0441. \u041a\u0442\u043e \u0447\u0442\u043e \u0437\u043d\u0430\u0435\u0442 \u043f\u0440\u043e \u043c\u0430\u0448\u0438\u043d\u043d\u044b\u0439 \u043f\u0435\u0440\u0435\u0432\u043e\u0434 \u0438 \u043f\u0440\u043e \u0442\u043e, \u0447\u0442\u043e \u041f\u0420\u041e\u0424\u0415\u0421\u0421\u0418\u042f \u041f\u0415\u0420\u0415\u0412\u041e\u0414\u0427\u0418\u041a\u0410 \u0412\u042b\u041c\u0420\u0415\u0422 \u041b\u0415\u0422 \u0427\u0415\u0420\u0415\u0417 \u041f\u042f\u0422\u042c\u0414\u0415\u0421\u042f\u0422?",
                "author_name": "Anastasiya Besman",
                "author_link": "https:\/\/lesswrongru.slack.com\/team\/staenrey",
                "author_icon": "https:\/\/avatars.slack-edge.com\/2016-11-04\/100732970710_731f0636469705ab59fe_48.png",
                "mrkdwn_in": [
                    "text"
                ],
                "id": 1,
                "footer": "Posted in #open"
            }
        ],
        "ts": "1478705797.000247"
    },
    {
        "type": "message",
        "user": "U0L4B5338",
        "text": "(\u043c\u0435\u0441\u0442\u043e \u0434\u043b\u044f \u0448\u0443\u0442\u043e\u043a \u043f\u0440\u043e \u044d\u043a\u0437\u0438\u0441\u0442\u0435\u043d\u0446\u0438\u0430\u043b\u044c\u043d\u044b\u0435 \u0440\u0438\u0441\u043a\u0438, \u0422\u0440\u0430\u043c\u043f\u0430 \u0438 \u044f\u0434\u0435\u0440\u043d\u044b\u0439 \u0430\u043f\u043e\u043a\u0430\u043b\u0438\u043f\u0441\u0438\u0441)",
        "ts": "1478705861.000249"
    },
    {
        "type": "message",
        "user": "U0F6P8JAG",
        "text": "\u0414\u0430, \u044f \u0442\u0430\u043c \u043d\u0430\u0447\u0430\u043b \u0443 <@U242HHSLA> \u0441\u043f\u0440\u0430\u0448\u0438\u0432\u0430\u0442\u044c \u043f\u0440\u043e \u0435\u0433\u043e \u043e\u0446\u0435\u043d\u043a\u0438 \u0443\u0432\u0435\u0440\u0435\u043d\u043d\u043e\u0441\u0442\u0438 \u0432 \u043f\u0440\u0438\u0448\u0435\u0441\u0442\u0432\u0438\u0438 \u0441\u0438\u043b\u044c\u043d\u043e\u0433\u043e \u0418\u0418 \u0447\u0435\u0440\u0435\u0437 50 \u043b\u0435\u0442, \u043d\u043e \u0440\u0435\u0448\u0438\u043b \u043d\u0435 \u0434\u0435\u0440\u0435\u0439\u043b\u0438\u0442\u044c \u0442\u0440\u0435\u0434.",
        "ts": "1478706220.000250"
    },
    {
        "type": "message",
        "user": "U0L9E04J0",
        "text": "@whaf used `\/poll`! Each person can only vote for :one: item.  Results will be visible to everyone.",
        "bot_id": "B0L9M8116",
        "attachments": [
            {
                "callback_id": "hgFeXP7p3ECyHMhcv",
                "fallback": "\u0440\u0430\u0437\u0433\u043e\u0432\u0430\u0440\u0438\u0432\u0430\u044e\u0442 \u043b\u0438 \u043c\u0430\u0442\u043e\u043c \u043d\u0430 \u0432\u0430\u0448\u0435\u0439 \u0440\u0430\u0431\u043e\u0442\u0435?",
                "title": "\u0440\u0430\u0437\u0433\u043e\u0432\u0430\u0440\u0438\u0432\u0430\u044e\u0442 \u043b\u0438 \u043c\u0430\u0442\u043e\u043c \u043d\u0430 \u0432\u0430\u0448\u0435\u0439 \u0440\u0430\u0431\u043e\u0442\u0435?",
                "id": 1,
                "title_link": "https:\/\/app.polly.ai\/slackvote\/hgFeXP7p3ECyHMhcv",
                "color": "35a8e0",
                "actions": [
                    {
                        "id": "1",
                        "name": "one",
                        "text": "\u043d\u0435\u0442",
                        "type": "button",
                        "value": "0",
                        "style": ""
                    },
                    {
                        "id": "2",
                        "name": "two",
                        "text": "\u0440\u0435\u0434\u043a\u043e",
                        "type": "button",
                        "value": "1",
                        "style": ""
                    },
                    {
                        "id": "3",
                        "name": "three",
                        "text": "\u0447\u0430\u0441\u0442\u043e",
                        "type": "button",
                        "value": "2",
                        "style": ""
                    }
                ]
            },
            {
                "callback_id": "hgFeXP7p3ECyHMhcv",
                "fallback": "\u0440\u0430\u0437\u0433\u043e\u0432\u0430\u0440\u0438\u0432\u0430\u044e\u0442 \u043b\u0438 \u043c\u0430\u0442\u043e\u043c \u043d\u0430 \u0432\u0430\u0448\u0435\u0439 \u0440\u0430\u0431\u043e\u0442\u0435?",
                "footer": "<http:\/\/app.polly.ai|app.polly.ai>\u2003<https:\/\/app.polly.ai\/slackvote\/hgFeXP7p3ECyHMhcv|View responses>",
                "id": 2,
                "footer_icon": "https:\/\/www.polly.ai\/favicon.ico",
                "fields": [
                    {
                        "title": "\u043d\u0435\u0442",
                        "value": "`\u2587\u2587\u2587\u2587\u2587\u2587\u2587\u2587\u2587\u2587\u2587\u2587\u2587\u2587\u2587\u2587\u2587\u2587\u2587\u2587\u2587\u2587\u2587\u2587\u2587` 45% (5)",
                        "short": false
                    },
                    {
                        "title": "\u0440\u0435\u0434\u043a\u043e",
                        "value": "`\u2587\u2587\u2587\u2587\u2587\u2587\u2587\u2587\u2587\u2587\u2587\u2587\u2587\u2587\u2587\u2587\u2587\u2587\u2587\u2587\u2587\u2587\u2587\u2587\u2587` 45% (5)",
                        "short": false
                    },
                    {
                        "title": "\u0447\u0430\u0441\u0442\u043e",
                        "value": "`\u2587\u2587\u2587\u2587\u2587` 9% (1)",
                        "short": false
                    },
                    {
                        "title": "Total votes",
                        "value": "11",
                        "short": true
                    }
                ],
                "mrkdwn_in": [
                    "fields"
                ]
            }
        ],
        "edited": {
            "user": "U0L9E04J0",
            "ts": "1478746878.000000"
        },
        "ts": "1478706898.000252"
    },
    {
        "type": "message",
        "user": "U0G0F43UH",
        "text": "\u0410 \u0433\u0434\u0435 \u043e\u0442\u0432\u0435\u0442 \u201c\u0442\u043e\u043b\u044c\u043a\u043e \u044f\u201d?",
        "ts": "1478707057.000255"
    },
    {
        "type": "message",
        "user": "U0G8VK9SQ",
        "text": "<@U0G0F43UH> \u044f \u0445\u043e\u0447\u0443 \u0443\u0437\u043d\u0430\u0442\u044c \u043f\u0440\u043e \u043f\u0440\u0438\u0435\u043c\u043b\u0435\u043c\u043e\u0441\u0442\u044c, \u0432\u0440\u043e\u0434\u0435 \u0442\u0443\u0442 \u043d\u0435 \u043e\u0447\u0435\u043d\u044c \u0432\u0430\u0436\u043d\u043e, \u0442\u044b \u0438\u043b\u0438 \u043d\u0435 \u0442\u044b",
        "ts": "1478707179.000257"
    },
    {
        "type": "message",
        "user": "U0G00FWH2",
        "text": "\u0422\u0443\u0442 \u043c\u043d\u043e\u0433\u043e \u044d\u043a\u0441\u043f\u0430\u0442\u043e\u0432 \u0438\u0437 \u0421\u0428\u0410. \u0412\u0435\u0440\u043e\u044f\u0442\u043d\u043e\u0441\u0442\u044c \u0447\u0442\u043e \u044d\u0442\u043e \u043e\u043d\u0438, \u0434\u043e\u0432\u043e\u043b\u044c\u043d\u043e \u0431\u043e\u043b\u044c\u0448\u0430\u044f.",
        "attachments": [
            {
                "fallback": "[November 9th, 2016 12:58 PM] gitdes: \u041f\u043e\u0447\u0435\u043c\u0443-\u0442\u043e \u043f\u043e\u044f\u0432\u0438\u043b\u0441\u044f \u0432\u043e\u043f\u0440\u043e\u0441: \u0430 \u043d\u0430\u0441\u043a\u043e\u043b\u044c\u043a\u043e \u0432\u0435\u0440\u043e\u044f\u0442\u043d\u043e, \u0447\u0442\u043e \u044d\u0442\u043e\u0442 \u0444\u043b\u0430\u0433 \u0432\u044b\u0432\u0435\u0441\u0438\u043b \u0447\u0435\u043b\u043e\u0432\u0435\u043a, \u043a\u043e\u0442\u043e\u0440\u044b\u0439 \u0440\u043e\u0434\u043e\u043c \u043d\u0435 \u0438\u0437 \u0421\u0428\u0410? \u0412\u043a\u043b\u044e\u0447\u0430\u044f \u0435\u0433\u043e \u0440\u043e\u0434\u0438\u0442\u0435\u043b\u0435\u0439.",
                "ts": "1478692686.000225",
                "author_subname": "gitdes",
                "channel_id": "C0GKHDHC3",
                "channel_name": "chaos",
                "is_msg_unfurl": true,
                "text": "\u041f\u043e\u0447\u0435\u043c\u0443-\u0442\u043e \u043f\u043e\u044f\u0432\u0438\u043b\u0441\u044f \u0432\u043e\u043f\u0440\u043e\u0441: \u0430 \u043d\u0430\u0441\u043a\u043e\u043b\u044c\u043a\u043e \u0432\u0435\u0440\u043e\u044f\u0442\u043d\u043e, \u0447\u0442\u043e \u044d\u0442\u043e\u0442 \u0444\u043b\u0430\u0433 \u0432\u044b\u0432\u0435\u0441\u0438\u043b \u0447\u0435\u043b\u043e\u0432\u0435\u043a, \u043a\u043e\u0442\u043e\u0440\u044b\u0439 \u0440\u043e\u0434\u043e\u043c \u043d\u0435 \u0438\u0437 \u0421\u0428\u0410? \u0412\u043a\u043b\u044e\u0447\u0430\u044f \u0435\u0433\u043e \u0440\u043e\u0434\u0438\u0442\u0435\u043b\u0435\u0439.",
                "author_link": "https:\/\/lesswrongru.slack.com\/team\/gitdes",
                "author_icon": "https:\/\/avatars.slack-edge.com\/2015-12-23\/17242632517_0c8a1ab346b882285a79_48.jpg",
                "mrkdwn_in": [
                    "text"
                ],
                "color": "D0D0D0",
                "from_url": "https:\/\/lesswrongru.slack.com\/archives\/chaos\/p1478692686000225",
                "is_share": true,
                "footer": "Posted in #chaos"
            }
        ],
        "ts": "1478707307.000261"
    },
    {
        "type": "message",
        "user": "U0G8VK9SQ",
        "text": "\u0443\u0441\u043b\u044b\u0448\u0430\u043b\u0430 \u0432 \u043e\u0447\u0435\u0440\u0435\u0434\u043d\u043e\u0439 \u0440\u0430\u0437 \u0434\u043e\u0431\u0440\u043e\u0436\u0435\u043b\u0430\u0442\u0435\u043b\u044c\u043d\u043e\u0435 \"\u0438\u0434\u0438 \u043d\u0430\u0445\u0443\u0439 &lt;\u044e\u0437\u0435\u0440\u043d\u0435\u0439\u043c&gt;\" \u0438 \u0437\u0430\u0434\u0443\u043c\u0430\u043b\u0430\u0441\u044c",
        "ts": "1478707482.000263"
    },
    {
        "type": "message",
        "user": "U0H1U59BL",
        "text": "<@U0G00FWH2> \u0422\u044b \u043d\u0435\u043f\u0440\u0430\u0432\u0438\u043b\u044c\u043d\u043e \u043f\u0440\u043e\u0447\u0438\u0442\u0430\u043b \u0432\u043e\u043f\u0440\u043e\u0441, \u0438\u043b\u0438 \u043f\u0440\u043e\u0441\u0442\u043e \u0440\u0435\u0448\u0438\u043b \u0442\u0430\u043a \u043e\u0442\u0432\u0435\u0442\u0438\u0442\u044c?",
        "ts": "1478707597.000264"
    },
    {
        "type": "message",
        "user": "U0G00FWH2",
        "text": "\u0440\u0435\u0448\u0438\u043b \u0442\u0430\u043a \u043e\u0442\u0432\u0435\u0442\u0438\u0442\u044c. \u044f \u043d\u0435 \u043c\u043e\u0433\u0443 \u043e\u0446\u0435\u043d\u0438\u0442\u044c \u0432\u0435\u0440\u043e\u044f\u0442\u043d\u043e\u0441\u0442\u044c \u0447\u0442\u043e \u044d\u0442\u043e \u043b\u044e\u0434\u0438 \u0440\u043e\u0434\u043e\u043c \u043d\u0435 \u0438\u0437 \u0421\u0428\u0410. \u043f\u0440\u043e\u0441\u0442\u043e \u043f\u043e\u0434\u043a\u0438\u0434\u044b\u0432\u0430\u044e \u0442\u0435\u0431\u0435 \u043f\u0440\u0438\u043e\u0440\u043e\u0432 - \u0442\u0443\u0442 \u043c\u043d\u043e\u0433\u043e \u043b\u044e\u0434\u0435\u0439 \u0438\u0437 \u0421\u0428\u0410",
        "ts": "1478707672.000265"
    },
    {
        "type": "message",
        "user": "U0H1U59BL",
        "text": "\u041c\u043d\u043e\u0433\u043e \u043b\u0438 \u0442\u0430\u043c \u0438\u0445 \u0432\u043e\u043e\u0431\u0449\u0435 - \u043c\u0430\u043b\u043e\u043f\u043e\u043b\u0435\u0437\u043d\u0430\u044f \u0438\u043d\u0444\u043e\u0440\u043c\u0430\u0446\u0438\u044f, \u043a\u043e\u0433\u0434\u0430 \u0443 \u043c\u0435\u043d\u044f \u0432\u043e\u043f\u0440\u043e\u0441 \u0432 \u043e\u0442\u043d\u043e\u0448\u0435\u043d\u0438\u0438 \u043a \u043d\u0438\u043c \u0442\u0435\u0445, \u043a\u0442\u043e \"\u0432\u044b\u0432\u0435\u0441\u0438\u043b \u0444\u043b\u0430\u0433 + \u043d\u0435 \u0438\u0437 \u0421\u0428\u0410\".",
        "ts": "1478707712.000266"
    },
    {
        "type": "message",
        "user": "U0G00FWH2",
        "text": "\u044d\u043c",
        "ts": "1478707726.000267"
    },
    {
        "type": "message",
        "user": "U0H1U59BL",
        "text": "\u0418 \u044f \u043f\u0440\u043e\u0441\u0438\u043b \u043f\u0440\u0438\u043a\u0438\u0434\u043a\u0438 \u0438\u043d\u0442\u0443\u0438\u0446\u0438\u0439, \u0430 \u043d\u0435 \u043a\u0430\u043a\u0438\u0435-\u0442\u043e \u0434\u0430\u043d\u043d\u044b\u0435 \u0442\u043e\u0447\u043d\u044b\u0435.",
        "ts": "1478707733.000268"
    },
    {
        "type": "message",
        "user": "U0G00FWH2",
        "text": "P(\u0432\u044b\u0432\u0435\u0441\u0438\u043b \u0444\u043b\u0430\u043d | \u043d\u0435 \u0438\u0437 \u0441\u0448\u0430) = .... \/ P ( \u043d\u0435 \u0438\u0437 \u0441\u0448\u0430) . \u0437\u043d\u0430\u043d\u0438\u0435 \u0447\u0442\u043e \u0442\u0443\u0442 \u043c\u043d\u043e\u0433\u043e \u043b\u044e\u0434\u0435\u0439 \u0438\u0437 \u0441\u0448\u0430 \u043f\u043e\u043c\u043e\u0433\u0430\u0435\u0442 \u043f\u0440\u0438\u043a\u0438\u043d\u0443\u0442\u044c P ( \u043d\u0435 \u0438\u0437 \u0441\u0448\u0430)",
        "ts": "1478707837.000269"
    },
    {
        "type": "message",
        "user": "U0H1U59BL",
        "text": "\u0425\u043e\u0442\u044f \u044f \u043f\u043e\u0434\u0443\u043c\u0430\u043b \u0438 \u043f\u043e\u043d\u0438\u043c\u0430\u044e, \u043a\u0430\u043a \u043f\u0440\u0438 \u0434\u0440\u0443\u0433\u0438\u0445 \u043f\u0440\u0438\u043e\u0440\u0430\u0445 \u044d\u0442\u043e \u043c\u043e\u0436\u0435\u0442 \u043a\u0430\u0437\u0430\u0442\u044c\u0441\u044f \u043f\u043e\u043b\u0435\u0437\u043d\u044b\u043c.",
        "ts": "1478707847.000270"
    },
    {
        "type": "message",
        "user": "U0H1U59BL",
        "text": "\u0414\u043b\u044f \u043c\u0435\u043d\u044f \u043f\u0440\u043e\u0441\u0442\u043e \"\u043e\u0447\u0435\u0432\u0438\u0434\u043d\u043e\", \u0447\u0442\u043e \u043a\u0443\u0434\u0430 \u0432\u0435\u0440\u043e\u044f\u0442\u043d\u0435\u0435, \u0447\u0442\u043e \u044d\u0442\u043e \u0432\u044b\u0432\u0435\u0441\u0438\u043b \u0447\u0435\u043b\u043e\u0432\u0435\u043a \u0438\u0437 \u0421\u0428\u0410. \u0418 \u0447\u0442\u043e \u0438\u0445 \u0442\u0430\u043c \u043d\u0435\u043c\u0430\u043b\u043e - \u0442\u043e\u0436\u0435 \u043f\u0440\u0435\u0434\u043f\u043e\u043b\u0430\u0433\u0430\u043b.",
        "ts": "1478707887.000271"
    },
    {
        "type": "message",
        "user": "U0H1U59BL",
        "text": "\u0410 \u0432\u043e\u0442 \u0441\u043a\u043e\u043b\u044c\u043a\u043e \u0442\u0435\u0445, \u043a\u0442\u043e \u043d\u0435 \u0438\u0437 \u0421\u0428\u0410 \u0438 \u043c\u043e\u0433 \u0442\u0430\u043a\u043e\u0435 \u0432\u044b\u0432\u0435\u0441\u0438\u0442\u044c - \u043a\u0443\u0434\u0430 \u0431\u043e\u043b\u0435\u0435 \u043d\u0435\u043f\u043e\u043d\u044f\u0442\u043d\u043e.",
        "ts": "1478707907.000272"
    },
    {
        "type": "message",
        "user": "U0G00FWH2",
        "text": ":spock-hand:",
        "ts": "1478707996.000274",
        "reactions": [
            {
                "name": "raised_hand_with_fingers_splayed",
                "users": [
                    "U0H1U59BL"
                ],
                "count": 1
            }
        ]
    },
    {
        "type": "message",
        "user": "U0L4B5338",
        "text": "<https:\/\/lesswrongru.slack.com\/archives\/meta\/p1478714002000052>",
        "attachments": [
            {
                "from_url": "https:\/\/lesswrongru.slack.com\/archives\/meta\/p1478714002000052",
                "fallback": "[November 9th, 2016 9:53 AM] neongreen: \u0414\u0430\u0432\u0430\u0439\u0442\u0435 \u043f\u0440\u0438\u0434\u0443\u043c\u0430\u0435\u043c \u044d\u043c\u043e\u0434\u0437\u0438 \u0434\u043b\u044f \u201c\u044d\u0442\u043e \u043f\u043e\u043b\u0435\u0437\u043d\u043e \u0434\u043b\u044f \u043c\u0435\u043d\u044f\u201d. \u041c\u043e\u0438 \u0432\u0430\u0440\u0438\u0430\u043d\u0442\u044b:\n\n\u2022 *\u03a3*, \u0440\u0430\u0437 \u0443\u0436 \u0435\u0441\u0442\u044c \u0434\u0435\u043b\u044c\u0442\u0430\n\u2022 \u043a\u0430\u0440\u0442\u0438\u043d\u043a\u0430 \u0442\u0430\u043d\u043a\u0430 (thanks \u2192 tanks)\n\n\u0421\u0443\u0449\u0435\u0441\u0442\u0432\u0443\u044e\u0449\u0438\u0435 \u044d\u043c\u043e\u0434\u0437\u0438 \u043a\u0430\u0436\u0443\u0442\u0441\u044f \u043f\u043b\u043e\u0445\u0438\u043c\u0438 \u0442\u0435\u043c, \u0447\u0442\u043e \u043e\u043d\u0438 \u043d\u0435\u043e\u0434\u043d\u043e\u0437\u043d\u0430\u0447\u043d\u044b\u0435 (:thumbsup: \u0435\u0449\u0451 \u043c\u043e\u0436\u0435\u0442 \u043e\u0437\u043d\u0430\u0447\u0430\u0442\u044c \u201c\u043e\u0434\u043e\u0431\u0440\u044f\u044e\u201d \u0438\u043b\u0438 \u201c\u0442\u044b \u043c\u043e\u043b\u043e\u0434\u0435\u0446\u201d, :white_check_mark: \u2013 \u201c\u043f\u043e\u0434\u0442\u0432\u0435\u0440\u0436\u0434\u0430\u044e\u201d, \u0438 \u0442\u0430\u043a \u0434\u0430\u043b\u0435\u0435).",
                "ts": "1478714002.000052",
                "author_subname": "neongreen",
                "channel_id": "C0L93QKDZ",
                "channel_name": "meta",
                "is_msg_unfurl": true,
                "text": "\u0414\u0430\u0432\u0430\u0439\u0442\u0435 \u043f\u0440\u0438\u0434\u0443\u043c\u0430\u0435\u043c \u044d\u043c\u043e\u0434\u0437\u0438 \u0434\u043b\u044f \u201c\u044d\u0442\u043e \u043f\u043e\u043b\u0435\u0437\u043d\u043e \u0434\u043b\u044f \u043c\u0435\u043d\u044f\u201d. \u041c\u043e\u0438 \u0432\u0430\u0440\u0438\u0430\u043d\u0442\u044b:\n\n\u2022 *\u03a3*, \u0440\u0430\u0437 \u0443\u0436 \u0435\u0441\u0442\u044c \u0434\u0435\u043b\u044c\u0442\u0430\n\u2022 \u043a\u0430\u0440\u0442\u0438\u043d\u043a\u0430 \u0442\u0430\u043d\u043a\u0430 (thanks \u2192 tanks)\n\n\u0421\u0443\u0449\u0435\u0441\u0442\u0432\u0443\u044e\u0449\u0438\u0435 \u044d\u043c\u043e\u0434\u0437\u0438 \u043a\u0430\u0436\u0443\u0442\u0441\u044f \u043f\u043b\u043e\u0445\u0438\u043c\u0438 \u0442\u0435\u043c, \u0447\u0442\u043e \u043e\u043d\u0438 \u043d\u0435\u043e\u0434\u043d\u043e\u0437\u043d\u0430\u0447\u043d\u044b\u0435 (:thumbsup: \u0435\u0449\u0451 \u043c\u043e\u0436\u0435\u0442 \u043e\u0437\u043d\u0430\u0447\u0430\u0442\u044c \u201c\u043e\u0434\u043e\u0431\u0440\u044f\u044e\u201d \u0438\u043b\u0438 \u201c\u0442\u044b \u043c\u043e\u043b\u043e\u0434\u0435\u0446\u201d, :white_check_mark: \u2013 \u201c\u043f\u043e\u0434\u0442\u0432\u0435\u0440\u0436\u0434\u0430\u044e\u201d, \u0438 \u0442\u0430\u043a \u0434\u0430\u043b\u0435\u0435).",
                "author_name": "Artyom Kazak",
                "author_link": "https:\/\/lesswrongru.slack.com\/team\/neongreen",
                "author_icon": "https:\/\/avatars.slack-edge.com\/2016-10-22\/94971045492_4261fb06bf382057121a_48.png",
                "mrkdwn_in": [
                    "text"
                ],
                "id": 1,
                "footer": "Posted in #meta"
            }
        ],
        "ts": "1478714762.000277"
    },
    {
        "type": "message",
        "user": "U0L4B5338",
        "text": "&gt;\u043a\u0430\u0440\u0442\u0438\u043d\u043a\u0430 \u0442\u0430\u043d\u043a\u0430 (thanks \u2192 tanks)",
        "ts": "1478714773.000279"
    },
    {
        "type": "message",
        "user": "U0L4B5338",
        "text": "<https:\/\/www.youtube.com\/watch?v=zXBDPdNrIKw>",
        "attachments": [
            {
                "service_name": "YouTube",
                "service_url": "https:\/\/www.youtube.com\/",
                "title": "Kung Fury - Favorite Lines - Tank You",
                "title_link": "https:\/\/www.youtube.com\/watch?v=zXBDPdNrIKw",
                "author_name": "Rekka Alexiel",
                "author_link": "https:\/\/www.youtube.com\/user\/rekka410",
                "thumb_url": "https:\/\/i.ytimg.com\/vi\/zXBDPdNrIKw\/hqdefault.jpg",
                "thumb_width": 480,
                "thumb_height": 360,
                "fallback": "YouTube Video: Kung Fury - Favorite Lines - Tank You",
                "video_html": "<iframe width=\"400\" height=\"225\" src=\"https:\/\/www.youtube.com\/embed\/zXBDPdNrIKw?feature=oembed&autoplay=1&iv_load_policy=3\" frameborder=\"0\" allowfullscreen><\/iframe>",
                "video_html_width": 400,
                "video_html_height": 225,
                "from_url": "https:\/\/www.youtube.com\/watch?v=zXBDPdNrIKw",
                "service_icon": "https:\/\/a.slack-edge.com\/2089\/img\/unfurl_icons\/youtube.png",
                "id": 1
            }
        ],
        "ts": "1478714804.000280"
    },
    {
        "type": "message",
        "user": "U1XQG3N2G",
        "text": "\u0435\u0441\u043b\u0438 \u044f \u0431\u0443\u0434\u0443 \u0447\u0442\u043e-\u0442\u043e \u043f\u0438\u0441\u0430\u0442\u044c \u0432 \u0441\u043b\u0430\u043a\u0435 \u043f\u043e\u0441\u043b\u0435 0:30, \u0441\u043a\u0430\u0436\u0438\u0442\u0435 \u043c\u043d\u0435, \u0447\u0442\u043e \u044f \u0434\u0443\u0440\u0430\u043a \u0438 \u0447\u0442\u043e\u0431\u044b \u0448\u0451\u043b \u0441\u043f\u0430\u0442\u044c",
        "edited": {
            "user": "U1XQG3N2G",
            "ts": "1478724613.000000"
        },
        "ts": "1478724596.000282",
        "reactions": [
            {
                "name": "equal",
                "users": [
                    "U2T2K1NPR",
                    "U0F6P8JAG",
                    "U1BJD7KSR"
                ],
                "count": 3
            }
        ]
    },
    {
        "type": "message",
        "user": "U0G00FWH2",
        "text": "\u043f\u043e \u041c\u043e\u0441\u043a\u0432\u0435? :slightly_smiling_face:",
        "ts": "1478724862.000284"
    },
    {
        "type": "message",
        "user": "U1XQG3N2G",
        "text": "yep",
        "ts": "1478725127.000285"
    },
    {
        "type": "message",
        "user": "U2T2K1NPR",
        "text": "\u0433\u043e\u0432\u043e\u0440\u0438\u0442\u0435 \u0438 \u043c\u043d\u0435 \u0442\u043e\u0436\u0435 \u0442\u0430\u043a \u0436\u0435 :slightly_smiling_face:",
        "ts": "1478725145.000287"
    },
    {
        "type": "message",
        "user": "U0F6P8JAG",
        "text": "\u0418 \u043c\u043d\u0435.",
        "ts": "1478725441.000289",
        "reactions": [
            {
                "name": "white_check_mark",
                "users": [
                    "U2T2K1NPR"
                ],
                "count": 1
            }
        ]
    },
    {
        "type": "message",
        "user": "U2T2K1NPR",
        "text": "\u043c\u043e\u0436\u0435\u0442, \u043a\u043e\u043c\u0443-\u0442\u043e \u0435\u0449\u0451 \u043e\u043a\u043e\u043b\u043e \u043f\u043e\u043b\u0443\u043d\u043e\u0447\u0438 \u043d\u0430\u0434\u043e \u0443\u043a\u043b\u0430\u0434\u044b\u0432\u0430\u0442\u044c\u0441\u044f?",
        "ts": "1478725488.000290"
    },
    {
        "type": "message",
        "user": "U0KE33M0C",
        "text": "\u0430 \u043d\u0435 \u043f\u0440\u043e\u0449\u0435 \u043f\u0440\u044f\u043c\u043e \u0441\u0435\u0439\u0447\u0430\u0441 \u0432\u044b\u043a\u043b\u044e\u0447\u0438\u0442\u044c \u043a\u043e\u043c\u043f \u0438 \u043f\u043e\u0439\u0442\u0438 \u0441\u043f\u0430\u0442\u044c?",
        "ts": "1478725492.000291"
    },
    {
        "type": "message",
        "user": "U2T2K1NPR",
        "text": "\u0441\u0435\u0439\u0447\u0430\u0441 \u2014 \u043f\u0440\u043e\u0449\u0435, \u0432\u043e\u043e\u0431\u0449\u0435 \u2014 \u043d\u0435 \u043f\u0440\u043e\u0449\u0435",
        "ts": "1478725503.000292"
    },
    {
        "text": "set up a reminder \u201c\u041f\u043e\u0440\u0430 \u0441\u043f\u0430\u0442\u044c!\u201d in this channel at 10:30pm every day, Central European Time.",
        "type": "message",
        "subtype": "reminder_add",
        "user": "U0G00FWH2",
        "ts": "1478725695.000293",
        "reactions": [
            {
                "name": "clap",
                "users": [
                    "U2T2K1NPR",
                    "U2Q17MG00",
                    "U0G0F43UH"
                ],
                "count": 3
            }
        ]
    },
    {
        "type": "message",
        "user": "U2T2K1NPR",
        "text": "\u0430 \u043c\u043e\u0436\u0435\u0442, \u0435\u0441\u0442\u044c \u0441\u043c\u044b\u0441\u043b \u201c\u0447\u0435\u0440\u0435\u0437 \u043f\u043e\u043b\u0447\u0430\u0441\u0430 \u043f\u043e\u0440\u0430 \u0441\u043f\u0430\u0442\u044c?\"",
        "ts": "1478725758.000294"
    },
    {
        "type": "message",
        "user": "U0G0JFJTA",
        "text": "\"\u0427\u0435\u0440\u0435\u0437 N \u043c\u0438\u043d\u0443\u0442 \u043f\u043e\u0440\u0430 \u0441\u043f\u0430\u0442\u044c\"?:)",
        "ts": "1478725950.000295"
    },
    {
        "type": "message",
        "user": "U2T2K1NPR",
        "text": "\u043d\u0443, \u043f\u0440\u043e\u0441\u0442\u043e \u0431\u044b\u0432\u0430\u0435\u0442, \u0447\u0442\u043e \u0442\u044b \u0432 \u0441\u0435\u0440\u0435\u0434\u0438\u043d\u0435 \u0434\u0435\u043b \u0438\u043b\u0438 \u0440\u0430\u0437\u0433\u043e\u0432\u043e\u0440\u043e\u0432",
        "ts": "1478725998.000296"
    },
    {
        "type": "message",
        "user": "U0G0JFJTA",
        "text": "\u0418 N \u043c\u0430\u043b\u043e, \u043d\u0443\u0436\u043d\u043e M?",
        "ts": "1478726020.000297"
    },
    {
        "type": "message",
        "user": "U2T2K1NPR",
        "text": "\u043c\u0430\u043b\u043e \u043d\u0443\u043b\u044f",
        "ts": "1478726029.000298"
    },
    {
        "type": "message",
        "user": "U2T2K1NPR",
        "text": "\u0430 N \u043d\u043e\u0440\u043c\u0430\u043b\u044c\u043d\u043e",
        "ts": "1478726033.000299"
    },
    {
        "type": "message",
        "user": "U0G00FWH2",
        "text": ".. \u0435\u0434\u0435\u0442 N \u0442\u0430\u043d\u043a\u043e\u0432.. \u043d\u0435\u0442. N \u043c\u0430\u043b\u043e, \u043f\u0443\u0441\u0442\u044c \u0431\u0443\u0434\u0435\u0442 M. \u0418 \u043e\u0431\u0430 \u0437\u0435\u043b\u0435\u043d\u044b\u0435..",
        "ts": "1478726071.000300",
        "reactions": [
            {
                "name": "smile",
                "users": [
                    "U0GQ50ESU"
                ],
                "count": 1
            }
        ]
    },
    {
        "type": "message",
        "user": "USLACKBOT",
        "text": "Reminder: \u041f\u043e\u0440\u0430 \u0441\u043f\u0430\u0442\u044c!",
        "ts": "1478727000.000301"
    },
    {
        "type": "message",
        "user": "U1BJD7KSR",
        "text": "\u041c\u0430\u0442\u0440\u0438\u0446\u0443 \u043d\u0430\u043f\u043e\u043c\u0438\u043d\u0430\u0435\u0442",
        "attachments": [
            {
                "fallback": "[November 10th, 2016 1:11 AM] andreik: \u042d\u0442\u043e \u043f\u0440\u043e\u0438\u0441\u0445\u043e\u0434\u0438\u0442 \u043f\u043e\u0442\u043e\u043c\u0443, \u0447\u0442\u043e \u0440\u0430\u0437\u043d\u0438\u0446\u0430 \u0440\u044b\u043d\u043a\u0430 \u0441 \u0431\u0438\u0440\u0436\u0435\u0439 \u0432 \u0442\u043e\u043c, \u0447\u0442\u043e \u043d\u0430 \u0431\u0438\u0440\u0436\u0435 \u043d\u0435\u0442 \u0440\u0435\u0430\u043b\u044c\u043d\u044b\u0445 \u043b\u044e\u0434\u0435\u0439. \u0442\u043e\u043b\u044c\u043a\u043e \u043f\u0440\u043e\u0433\u0440\u0430\u043c\u043c\u044b.",
                "ts": "1478733076.000082",
                "author_subname": "andreik",
                "channel_id": "C0HJ2ETEK",
                "channel_name": "walledgarden",
                "is_msg_unfurl": true,
                "text": "\u042d\u0442\u043e \u043f\u0440\u043e\u0438\u0441\u0445\u043e\u0434\u0438\u0442 \u043f\u043e\u0442\u043e\u043c\u0443, \u0447\u0442\u043e \u0440\u0430\u0437\u043d\u0438\u0446\u0430 \u0440\u044b\u043d\u043a\u0430 \u0441 \u0431\u0438\u0440\u0436\u0435\u0439 \u0432 \u0442\u043e\u043c, \u0447\u0442\u043e \u043d\u0430 \u0431\u0438\u0440\u0436\u0435 \u043d\u0435\u0442 \u0440\u0435\u0430\u043b\u044c\u043d\u044b\u0445 \u043b\u044e\u0434\u0435\u0439. \u0442\u043e\u043b\u044c\u043a\u043e \u043f\u0440\u043e\u0433\u0440\u0430\u043c\u043c\u044b.",
                "author_name": "Andrei Krutikov",
                "author_link": "https:\/\/lesswrongru.slack.com\/team\/andreik",
                "author_icon": "https:\/\/secure.gravatar.com\/avatar\/1db3b8f372757418de71720b02921c43.jpg?s=48&d=https%3A%2F%2Fa.slack-edge.com%2F66f9%2Fimg%2Favatars%2Fava_0011-48.png",
                "mrkdwn_in": [
                    "text"
                ],
                "color": "D0D0D0",
                "from_url": "https:\/\/lesswrongru.slack.com\/archives\/walledgarden\/p1478733076000082",
                "is_share": true,
                "footer": "Posted in #walledgarden"
            }
        ],
        "ts": "1478733104.000302"
    }
]