[
    {
        "type": "message",
        "user": "U0FD5HC1F",
        "text": "\u0415\u0441\u043b\u0438 \u043d\u0438\u043a\u0442\u043e \u043d\u0435 \u0432\u043e\u0437\u0440\u0430\u0436\u0430\u0435\u0442, \u044f \u0443\u0434\u0430\u043b\u044e :same:, \u0442\u0430\u043a \u043a\u0430\u043a \u0435\u0441\u0442\u044c :equal:.",
        "ts": "1476456932.000209",
        "reactions": [
            {
                "name": "equal",
                "users": [
                    "U0GBBAD1P",
                    "U0FS0PUM8"
                ],
                "count": 2
            },
            {
                "name": "same",
                "users": [
                    "U0GBBAD1P"
                ],
                "count": 1
            }
        ]
    },
    {
        "type": "message",
        "user": "U0GBBAD1P",
        "text": "\u043e, \u0430 \u0434\u0430\u0432\u0430\u0439\u0442\u0435 \u0432\u0441\u044e \u043c\u0430\u0442\u0435\u043c\u0430\u0442\u0438\u0447\u0435\u0441\u043a\u0443\u044e \u0447\u0430\u0441\u0442\u044c \u044e\u043d\u0438\u043a\u043e\u0434\u0430 \u0432 \u0440\u0435\u0430\u043a\u0446\u0438\u0438 \u0437\u0430\u043f\u0438\u043b\u0438\u043c?",
        "ts": "1476456986.000210",
        "reactions": [
            {
                "name": "no",
                "users": [
                    "U0F6P8JAG",
                    "U0FD5HC1F"
                ],
                "count": 2
            }
        ]
    },
    {
        "type": "message",
        "subtype": "file_share",
        "text": "<@U1BJD7KSR|abbath> uploaded a file: <https:\/\/lesswrongru.slack.com\/files\/abbath\/F2PG1A2EN\/-.txt|Untitled>",
        "file": {
            "id": "F2PG1A2EN",
            "created": 1476458196,
            "timestamp": 1476458196,
            "name": "-.txt",
            "title": "Untitled",
            "mimetype": "text\/plain",
            "filetype": "text",
            "pretty_type": "Plain Text",
            "user": "U1BJD7KSR",
            "editable": true,
            "size": 2243,
            "mode": "snippet",
            "is_external": false,
            "external_type": "",
            "is_public": true,
            "public_url_shared": false,
            "display_as_bot": false,
            "username": "",
            "url_private": "https:\/\/files.slack.com\/files-pri\/T0CTD4Q0K-F2PG1A2EN\/-.txt?t=xoxe-12931160019-103607625319-102215183440-059257f7d7",
            "url_private_download": "https:\/\/files.slack.com\/files-pri\/T0CTD4Q0K-F2PG1A2EN\/download\/-.txt?t=xoxe-12931160019-103607625319-102215183440-059257f7d7",
            "permalink": "https:\/\/lesswrongru.slack.com\/files\/abbath\/F2PG1A2EN\/-.txt",
            "permalink_public": "https:\/\/slack-files.com\/T0CTD4Q0K-F2PG1A2EN-75d75a84f7",
            "edit_link": "https:\/\/lesswrongru.slack.com\/files\/abbath\/F2PG1A2EN\/-.txt\/edit",
            "preview": "-- --> \u2190 \u2192 \u2194 \u219a \u219b \u21a0 \u21a3 \u21a6 \u21ae \u21ce \u21cf \u21d2 \u21d4 \u21f4 \u21f6 \u21f7 \u21f8 \u21f9 \u21fa \u21fb \u21fc \u21fd \u21fe \u21ff \u27f5 \u27f6 \u27f7 \u27f7 \u27f9 \u27fa \u27fb \u27fc \u27fd \u27fe \u27ff \u2900 \u2901 \u2902 \u2903 \u2904 \u2905 \u2906 \u2907 \r\n\u290c \u290d \u290e \u290f \u2910 \u2911 \u2914 \u2915 \u2916 \u2917 \u2918 \u291d \u291e \u291f \u2920 \u2944 \u2945 \u2946 \u2947 \u2948 \u294a \u294b \u294e \u2950 \u2952 \u2953 \u2956 \u2957 \u295a \u295b \u295e \u295f \u2962 \u2964 \u2966 \u2967 \u2968 \u2969 \u296a \u296b \u296c \u296d \u2970 \u29f4 \r\n\u2b31 \u2b30 \u2b32 \u2b33 \u2b34 \u2b35 \u2b36 \u2b37 \u2b38 \u2b39 \u2b3a \u2b3b \u2b3c \u2b3d \u2b3e \u2b3f \u2b40 \u2b41 \u2b42 \u2b43 \u2b44 \u2b47 \u2b48 \u2b49 \u2b4a \u2b4b \u2b4c \uffe9 \uffeb > < >= \u2265 <= \u2264 == === \u2261 != \u2260 !== \u2262 \r\n|.>| |.<| |.>=| |.\u2265| |.<=| |.\u2264| |.==| |.!=| |.\u2260| |.=| |.!| |<:| |>:| \u2208 \u2209 \u220b \u220c \u2286 \u2288 \u2282 \u2284 \u228a \u221d \u220a \u220d \u2225 \u2226 \u2237 \u223a \u223b \u223d \u223e \u2241 \u2243 \r\n\u2244 \u2245 \u2246 \u2247 \u2248 \u2249 \u224a \u224b \u224c \u224d \u224e \u2250 \u2251 \u2252 \u2253 \u2254 \u2255 \u2256 \u2257 \u2258 \u2259 \u225a \u225b \u225c \u225d \u225e \u225f \u2263 \u2266 \u2267 \u2268 \u2269 \u226a \u226b \u226c \u226d \u226e \u226f \u2270 \u2271 \u2272 \u2273 \u2274 \u2275 \u2276 \u2277 \u2278 \u2279 \u227a \u227b \u227c \u227d \u227e \u227f \u2280 \u2281 \r",
            "preview_highlight": "<div class=\"CodeMirror cm-s-default CodeMirrorServer\" oncopy=\"if(event.clipboardData){event.clipboardData.setData('text\/plain',window.getSelection().toString().replace(\/\\u200b\/g,''));event.preventDefault();event.stopPropagation();}\">\n<div class=\"CodeMirror-code\">\n<div><pre>-- --&gt; \u2190 \u2192 \u2194 \u219a \u219b \u21a0 \u21a3 \u21a6 \u21ae \u21ce \u21cf \u21d2 \u21d4 \u21f4 \u21f6 \u21f7 \u21f8 \u21f9 \u21fa \u21fb \u21fc \u21fd \u21fe \u21ff \u27f5 \u27f6 \u27f7 \u27f7 \u27f9 \u27fa \u27fb \u27fc \u27fd \u27fe \u27ff \u2900 \u2901 \u2902 \u2903 \u2904 \u2905 \u2906 \u2907 <\/pre><\/div>\n<div><pre>\u290c \u290d \u290e \u290f \u2910 \u2911 \u2914 \u2915 \u2916 \u2917 \u2918 \u291d \u291e \u291f \u2920 \u2944 \u2945 \u2946 \u2947 \u2948 \u294a \u294b \u294e \u2950 \u2952 \u2953 \u2956 \u2957 \u295a \u295b \u295e \u295f \u2962 \u2964 \u2966 \u2967 \u2968 \u2969 \u296a \u296b \u296c \u296d \u2970 \u29f4 <\/pre><\/div>\n<div><pre>\u2b31 \u2b30 \u2b32 \u2b33 \u2b34 \u2b35 \u2b36 \u2b37 \u2b38 \u2b39 \u2b3a \u2b3b \u2b3c \u2b3d \u2b3e \u2b3f \u2b40 \u2b41 \u2b42 \u2b43 \u2b44 \u2b47 \u2b48 \u2b49 \u2b4a \u2b4b \u2b4c \uffe9 \uffeb &gt; &lt; &gt;= \u2265 &lt;= \u2264 == === \u2261 != \u2260 !== \u2262 <\/pre><\/div>\n<div><pre>|.&gt;| |.&lt;| |.&gt;=| |.\u2265| |.&lt;=| |.\u2264| |.==| |.!=| |.\u2260| |.=| |.!| |&lt;:| |&gt;:| \u2208 \u2209 \u220b \u220c \u2286 \u2288 \u2282 \u2284 \u228a \u221d \u220a \u220d \u2225 \u2226 \u2237 \u223a \u223b \u223d \u223e \u2241 \u2243 <\/pre><\/div>\n<div><pre>\u2244 \u2245 \u2246 \u2247 \u2248 \u2249 \u224a \u224b \u224c \u224d \u224e \u2250 \u2251 \u2252 \u2253 \u2254 \u2255 \u2256 \u2257 \u2258 \u2259 \u225a \u225b \u225c \u225d \u225e \u225f \u2263 \u2266 \u2267 \u2268 \u2269 \u226a \u226b \u226c \u226d \u226e \u226f \u2270 \u2271 \u2272 \u2273 \u2274 \u2275 \u2276 \u2277 \u2278 \u2279 \u227a \u227b \u227c \u227d \u227e \u227f \u2280 \u2281 <\/pre><\/div>\n<div><pre><\/pre><\/div>\n<\/div>\n<\/div>\n",
            "lines": 12,
            "lines_more": 7,
            "preview_is_truncated": true,
            "channels": [
                "C0L93QKDZ"
            ],
            "groups": [
    
            ],
            "ims": [
    
            ],
            "comments_count": 0,
            "reactions": [
                {
                    "name": "scream",
                    "users": [
                        "U0FD5HC1F"
                    ],
                    "count": 1
                }
            ]
        },
        "user": "U1BJD7KSR",
        "upload": true,
        "display_as_bot": false,
        "username": "<@U1BJD7KSR|abbath>",
        "bot_id": null,
        "ts": "1476458196.000211"
    },
    {
        "type": "message",
        "user": "U1BJD7KSR",
        "text": "\u042d\u0442\u043e?",
        "ts": "1476458203.000212"
    },
    {
        "type": "message",
        "user": "U0GBBAD1P",
        "text": "\u043f\u0440\u0438\u043c\u0435\u0440\u043d\u043e",
        "ts": "1476458231.000213"
    },
    {
        "type": "message",
        "user": "U1BJD7KSR",
        "text": "\u041a\u0430\u043a\u0438\u043c \u0448\u0440\u0438\u0444\u0442\u043e\u043c?",
        "ts": "1476458264.000214"
    },
    {
        "type": "message",
        "user": "U0GBBAD1P",
        "text": "\u043b\u044e\u0431\u044b\u043c",
        "ts": "1476458390.000215"
    },
    {
        "type": "message",
        "user": "U0GBBAD1P",
        "text": "\u043c\u043e\u0436\u043d\u043e \u0432\u043e\u043e\u0431\u0449\u0435 \u043d\u0435 \u0448\u0440\u0438\u0444\u0442\u043e\u043c \u0430 \u043a\u043e\u0434\u043f\u043e\u0438\u043d\u0442\u0430\u043c\u0438, \u0431\u0443\u0434\u0435\u0442 \u043f\u043e\u0447\u0442\u0438 \u0442\u0430\u043a \u0436\u0435 \u0447\u0438\u0442\u0430\u0431\u0435\u043b\u044c\u043d\u043e \u043a\u0430\u043a \u0441\u044b\u0440\u043e\u0439 \u0422\u0435\u0425",
        "ts": "1476458411.000216"
    },
    {
        "type": "message",
        "user": "U0F6P8JAG",
        "text": "\u042f \u043f\u0440\u043e\u0442\u0438\u0432, \u0438 \u0442\u0430\u043a \u0441\u043b\u0430\u043a \u0442\u043e\u0440\u043c\u043e\u0437\u0438\u0442, \u043f\u043e\u0434\u043e\u0437\u0440\u0435\u0432\u0430\u044e \u0447\u0442\u043e \u043f\u043e\u0434\u0433\u0440\u0443\u0437\u043a\u0430 \u0434\u043e\u043f\u043e\u043b\u043d\u0438\u0442\u0435\u043b\u044c\u043d\u044b\u0445 \u044d\u043c\u043e\u0434\u0437\u0438 \u043c\u043e\u0436\u0435\u0442 \u0441\u0434\u0435\u043b\u0430\u0442\u044c \u0438\u043d\u0442\u0435\u0440\u0444\u0435\u0439\u0441 \u0435\u0449\u0451 \u043c\u0435\u0434\u043b\u0435\u043d\u043d\u0435\u0435.\n\u0412\u043f\u0440\u043e\u0447\u0435\u043c, \u043d\u0435 \u0437\u043d\u0430\u044e, \u043a\u0430\u043a \u044d\u0442\u043e \u043f\u0440\u043e\u0432\u0435\u0440\u0438\u0442\u044c.",
        "ts": "1476459433.000217"
    },
    {
        "type": "message",
        "user": "U0F6P8JAG",
        "text": "\u041f\u0440\u043e :equal: - \u043c\u0431 \u0432\u0435\u0440\u043d\u0443\u0442\u044c \u0435\u0433\u043e \u043d\u0430 \u043c\u0435\u0441\u0442\u043e :same:?\n\u0418\u043b\u0438 \u0430\u043b\u0438\u0430\u0441 \u0434\u043e\u0431\u0430\u0432\u0438\u0442\u044c? (\u0432\u0440\u043e\u0434\u0435 \u044d\u0442\u043e \u0432\u043e\u0437\u043c\u043e\u0436\u043d\u043e)",
        "ts": "1476459454.000218"
    },
    {
        "type": "message",
        "user": "U1BJD7KSR",
        "text": "\u042d\u0442\u043e \u0443 \u043d\u0430\u0441 \u0434\u043e\u043b\u0436\u043d\u043e \u0431\u044b\u0442\u044c \u0440\u0430\u0432\u0435\u043d\u0441\u0442\u0432\u043e \u0438\u043b\u0438 \u0442\u043e\u0436\u0434\u0435\u0441\u0442\u0432\u043e?",
        "ts": "1476459665.000219"
    },
    {
        "type": "message",
        "user": "U0FD5HC1F",
        "text": "\u0421\u0434\u0435\u043b\u0430\u043b `:same:` \u0430\u043b\u0438\u0430\u0441\u043e\u043c :equal:",
        "ts": "1476463618.000220"
    },
    {
        "type": "message",
        "user": "U0FD5HC1F",
        "text": "\u041f\u0440\u0435\u0434\u044b\u0434\u0443\u0449\u0438\u0435 \u0441\u043e\u043e\u0431\u0449\u0435\u043d\u0438\u0435 \u0441\u0442\u0430\u043b\u0438 \u0441\u043c\u043e\u0442\u0440\u0435\u0442\u044c\u0441\u044f \u0437\u0430\u0431\u0430\u0432\u043d\u043e :slightly_smiling_face:",
        "ts": "1476463646.000221"
    },
    {
        "type": "message",
        "user": "U0GBBAD1P",
        "text": "\u043e, \u044d\u0442\u043e \u0436\u0435 \u0441\u043f\u043e\u0441\u043e\u0431 \u043f\u043e\u0441\u0442\u0430\u0432\u0438\u0442\u044c \u0434\u0432\u0435 \u043e\u0434\u0438\u043d\u0430\u043a\u043e\u0432\u044b\u0445 \u0440\u0435\u0430\u043a\u0446\u0438\u0438 \u043f\u043e\u0434 \u043e\u0434\u043d\u0438\u043c \u0441\u043e\u043e\u0431\u0449\u0435\u043d\u0438\u0435\u043c)",
        "ts": "1476463870.000223"
    },
    {
        "type": "message",
        "user": "U0FD5HC1F",
        "text": "\":same:\"      :same:       \":equal:\"",
        "edited": {
            "user": "U0FD5HC1F",
            "ts": "1476464066.000000"
        },
        "ts": "1476464023.000224",
        "reactions": [
            {
                "name": "question",
                "users": [
                    "U0GBBAD1P"
                ],
                "count": 1
            }
        ]
    },
    {
        "type": "message",
        "user": "U0FD5HC1F",
        "text": "but 'same' is not same as 'equal'",
        "ts": "1476464134.000226"
    },
    {
        "type": "message",
        "user": "U0GBBAD1P",
        "text": "\u043d\u0443 \u0432\u043e\u0442 \u043f\u043e\u043f\u0440\u043e\u0431\u0443\u0439 \u0432\u043e\u0441\u043f\u0440\u043e\u0438\u0437\u0432\u0435\u0441\u0442\u0438 \u0440\u0435\u0430\u043a\u0446\u0438\u0438 \u043a\u0430\u043a \u043f\u043e\u0434 <https:\/\/lesswrongru.slack.com\/archives\/meta\/p1476456932000209> \u043f\u043e\u0434 \u0434\u0440\u0443\u0433\u0438\u043c \u0441\u043e\u043e\u0431\u0449\u0435\u043d\u0438\u0435\u043c",
        "attachments": [
            {
                "from_url": "https:\/\/lesswrongru.slack.com\/archives\/meta\/p1476456932000209",
                "fallback": "[October 14th, 2016 7:55 AM] quilfe: \u0415\u0441\u043b\u0438 \u043d\u0438\u043a\u0442\u043e \u043d\u0435 \u0432\u043e\u0437\u0440\u0430\u0436\u0430\u0435\u0442, \u044f \u0443\u0434\u0430\u043b\u044e :same:, \u0442\u0430\u043a \u043a\u0430\u043a \u0435\u0441\u0442\u044c :equal:.",
                "ts": "1476456932.000209",
                "author_subname": "quilfe",
                "channel_id": "C0L93QKDZ",
                "channel_name": "meta",
                "is_msg_unfurl": true,
                "text": "\u0415\u0441\u043b\u0438 \u043d\u0438\u043a\u0442\u043e \u043d\u0435 \u0432\u043e\u0437\u0440\u0430\u0436\u0430\u0435\u0442, \u044f \u0443\u0434\u0430\u043b\u044e :same:, \u0442\u0430\u043a \u043a\u0430\u043a \u0435\u0441\u0442\u044c :equal:.",
                "author_name": "Quilfe Iula-Ostar",
                "author_link": "https:\/\/lesswrongru.slack.com\/team\/quilfe",
                "author_icon": "https:\/\/secure.gravatar.com\/avatar\/488fb0614d5b167060b91cd15f19bb3d.jpg?s=48&d=https%3A%2F%2Fa.slack-edge.com%2F66f9%2Fimg%2Favatars%2Fava_0018-48.png",
                "mrkdwn_in": [
                    "text"
                ],
                "id": 1,
                "footer": "Posted in #meta"
            }
        ],
        "ts": "1476464262.000227"
    },
    {
        "type": "message",
        "user": "U1BJD7KSR",
        "text": "\u041c\u043e\u0436\u0435\u0442 \u043c\u043d\u0435 \u0438 \u0442\u0440\u0438 \u043f\u0430\u043b\u043a\u0438 \u043d\u0430\u0440\u0438\u0441\u043e\u0432\u0430\u0442\u044c?",
        "ts": "1476464529.000229"
    },
    {
        "type": "message",
        "user": "U0FD5HC1F",
        "text": "\u0425\u043c, \u043f\u0440\u0438\u043c\u0435\u043d\u0435\u043d\u0438\u0435?",
        "ts": "1476465483.000230"
    },
    {
        "type": "message",
        "user": "U0FD5HC1F",
        "text": "\u0421\u043a\u043e\u0440\u0435\u0435 \"\u043d\u0435 \u0440\u0430\u0432\u043d\u043e\" \u043d\u0430\u043f\u0440\u0430\u0448\u0438\u0432\u0430\u0435\u0442\u0441\u044f :slightly_smiling_face:",
        "ts": "1476465490.000231",
        "reactions": [
            {
                "name": "heavy_plus_sign",
                "users": [
                    "U0F6P8JAG"
                ],
                "count": 1
            }
        ]
    },
    {
        "type": "message",
        "user": "U0GBBAD1P",
        "text": "\u0441\u0440\u0430\u0432\u043d\u0438\u043c\u043e \u043f\u043e \u043c\u043e\u0434\u0443\u043b\u044e)",
        "ts": "1476465573.000232"
    },
    {
        "type": "message",
        "user": "U1BJD7KSR",
        "text": ":japanese_ogre: \u044d\u0442\u043e \u0432\u043c\u0435\u0441\u0442\u043e \u043d\u0435\u0440\u0430\u0432\u043d\u043e, \u0432\u0441\u0435 \u0440\u0430\u0432\u043d\u043e \u043d\u0438\u043a\u0442\u043e \u043d\u0435 \u043f\u043e\u043b\u044c\u0437\u0443\u0435\u0442",
        "ts": "1476465672.000233"
    },
    {
        "type": "message",
        "user": "U1BJD7KSR",
        "text": "\u0410 \u0441\u043c\u0430\u0439\u043b\u0438\u043a \u043f\u0440\u043e\u0441\u0442\u0430\u0438\u0432\u0430\u0435\u0442",
        "ts": "1476465683.000234"
    },
    {
        "type": "message",
        "user": "U0FD5HC1F",
        "text": "<@U0GBBAD1P> \u0442\u0435\u0431\u0435 \u0447\u0430\u0441\u0442\u043e \u0447\u0435\u043b\u043e\u0432\u0435\u043a \u0447\u0442\u043e-\u0442\u043e \u043f\u0438\u0448\u0435\u0442 \u0438 \u0442\u044b \u0445\u043e\u0447\u0435\u0448\u044c \u043e\u0442\u0432\u0435\u0442\u0438\u0442\u044c \u0440\u0435\u0430\u043a\u0446\u0438\u0435\u0439, \u0447\u0442\u043e \u0435\u0433\u043e \u043e\u0442\u0432\u0435\u0442 \u0441\u0440\u0430\u0432\u043d\u0438\u043c \u043f\u043e \u043c\u043e\u0434\u0443\u043b\u044e? :slightly_smiling_face:",
        "ts": "1476465745.000235"
    },
    {
        "type": "message",
        "user": "U0GBBAD1P",
        "text": "<@U0FD5HC1F> \u043d\u0435\u0442, \u043d\u043e \u043c\u043e\u0436\u0435\u0442 <@U1BJD7KSR> \u0441 \u0442\u0430\u043a\u0438\u043c \u0441\u0442\u0430\u043b\u043a\u0438\u0432\u0430\u043b\u0441\u044f",
        "ts": "1476465767.000236"
    },
    {
        "type": "message",
        "user": "U1BJD7KSR",
        "text": "\u041e\u0442\u0432\u0435\u0442 \u0438\u0437\u043e\u043c\u043e\u0440\u0444\u0435\u043d",
        "ts": "1476465811.000237"
    },
    {
        "type": "message",
        "user": "U0G0KMGKH",
        "text": "<@U0FD5HC1F> \u043d\u0430 \u0441\u0432\u043e\u0435\u043c 1366x768 \u043d\u0435 \u0432\u0438\u0436\u0443 \u0440\u0430\u0437\u043d\u0438\u0446\u044b",
        "ts": "1476467518.000238"
    },
    {
        "type": "message",
        "user": "U0G0KMGKH",
        "text": "<@U0FD5HC1F> \u0442\u044b \u0433\u043b\u0430\u0432\u043d\u043e\u0435 \u0434\u0430\u0439 alias, \u0447\u0442\u043e\u0431\u044b \u043c\u043e\u0436\u043d\u043e \u0431\u044b\u043b\u043e \u043f\u0438\u0441\u0430\u0442\u044c same \u0438 \u043d\u0430\u0432\u043e\u0434\u0438\u0442\u044c \u043a\u0443\u0440\u0441\u043e\u0440. \u0430 \u0442\u0430\u043c same",
        "ts": "1476467545.000239"
    },
    {
        "type": "message",
        "user": "U0G0KMGKH",
        "text": "123 :equal: \"123\" :question:",
        "ts": "1476467598.000240"
    },
    {
        "type": "message",
        "user": "U0G0KMGKH",
        "text": "123 :same: \"123qwe\" :question:",
        "ts": "1476467619.000241"
    },
    {
        "type": "message",
        "user": "U0GBBAD1P",
        "text": "<@U0G0KMGKH> \u0431\u044b\u043b\u043e \u0431\u044b \u043e\u0447\u0435\u043d\u044c \u0441\u0442\u0440\u0430\u043d\u043d\u043e, \u0435\u0441\u043b\u0438 \u0431\u044b \u0442\u044b \u0432\u0438\u0434\u0435\u043b \u0440\u0430\u0437\u043d\u0438\u0446\u0443 \u043c\u0435\u0436\u0434\u0443 \u0434\u0432\u0443\u043c\u044f \u043a\u043e\u043f\u0438\u044f\u043c\u0438 \u043e\u0434\u043d\u043e\u0439 \u043a\u0430\u0440\u0442\u0438\u043d\u043a\u0438)",
        "ts": "1476467929.000242"
    },
    {
        "type": "message",
        "user": "U0G0KMGKH",
        "text": "<@U0GBBAD1P> \u0442\u0430\u043a \u043a\u0430\u043a \u0432 \u043e\u0440\u0438\u0433\u0438\u043d\u0430\u043b\u044c\u043d\u043e\u043c \u0441\u043e\u043e\u0431\u0449\u0435\u043d\u0438\u0438 \u043d\u0430\u043f\u0438\u0441\u0430\u043d\u043e \u0442\u0430\u043a, \u0431\u0443\u0434\u0442\u043e \u0440\u0430\u0437\u043d\u0438\u0446\u0430 \u0435\u0441\u0442\u044c, \u0442\u043e \u0438\u0437-\u0437\u0430 \u0432\u0441\u044f\u043a\u0438\u0445 \u0441\u0442\u0440\u0430\u043d\u043d\u044b\u0445 \u0441\u043e\u0446\u0438\u0430\u043b\u044c\u043d\u044b\u0445 \u044d\u0444\u0444\u0435\u043a\u0442\u043e\u0432 \u044d\u0442\u043e \u0431\u044b\u043b\u043e \u0431\u044b \u043d\u0435 \u0442\u0430\u043a \u0443\u0436 \u0441\u0442\u0440\u0430\u043d\u043d\u043e",
        "ts": "1476467968.000243"
    },
    {
        "type": "message",
        "user": "U0FD5HC1F",
        "text": "\u0415\u0441\u043b\u0438 \u0442\u044b \u043f\u043e\u043b\u043d\u043e\u0441\u0442\u044c\u044e \u043f\u043e\u0447\u0438\u0442\u0430\u0435\u0448\u044c \u043b\u043e\u0433, \u0442\u043e \u0442\u044b \u0432\u0441\u0451 \u043f\u043e\u0439\u043c\u0435\u0448\u044c.",
        "ts": "1476468106.000244"
    },
    {
        "type": "message",
        "user": "U0G0KMGKH",
        "text": "\u0414\u0430, \u044f \u0443\u0436\u0435 \u0432\u0441\u0435 \u043f\u043e\u043d\u044f\u043b.",
        "ts": "1476468121.000245"
    },
    {
        "type": "message",
        "user": "U0F6P8JAG",
        "text": "\u0414\u0430, \u201c\u043d\u0435 \u0440\u0430\u0432\u043d\u043e\u201d \u0442\u0435\u043f\u0435\u0440\u044c \u043d\u0443\u0436\u043d\u043e, \u0447\u0442\u043e\u0431\u044b \u043d\u0435 \u0431\u044b\u043b\u043e \u0438\u043b\u043b\u044e\u0437\u0438\u0438 \u201c\u0443 \u0432\u0441\u0435\u0445 \u0442\u0430\u043a \u0436\u0435\u201d \u0438 \u043d\u0435 \u0431\u044b\u043b\u043e bias\u2019\u0430 \u0432 \u043f\u043b\u0430\u043d\u0435 \u0434\u0435\u0448\u0435\u0432\u0438\u0437\u043d\u044b \u0432\u044b\u0441\u043a\u0430\u0437\u044b\u0432\u0430\u043d\u0438\u044f \u201c\u0442\u0430\u043a \u0436\u0435\u201d \u0438 \u0434\u043e\u0440\u043e\u0433\u043e\u0432\u0438\u0437\u043d\u044b \u201c\u043d\u0435 \u0442\u0430\u043a \u0436\u0435\u201d.",
        "attachments": [
            {
                "fallback": "[October 14th, 2016 8:18 PM] quilfe: \u0421\u043a\u043e\u0440\u0435\u0435 \"\u043d\u0435 \u0440\u0430\u0432\u043d\u043e\" \u043d\u0430\u043f\u0440\u0430\u0448\u0438\u0432\u0430\u0435\u0442\u0441\u044f :slightly_smiling_face:",
                "ts": "1476465490.000231",
                "author_subname": "quilfe",
                "channel_id": "C0L93QKDZ",
                "channel_name": "meta",
                "is_msg_unfurl": true,
                "text": "\u0421\u043a\u043e\u0440\u0435\u0435 \"\u043d\u0435 \u0440\u0430\u0432\u043d\u043e\" \u043d\u0430\u043f\u0440\u0430\u0448\u0438\u0432\u0430\u0435\u0442\u0441\u044f :slightly_smiling_face:",
                "author_name": "Quilfe Iula-Ostar",
                "author_link": "https:\/\/lesswrongru.slack.com\/team\/quilfe",
                "author_icon": "https:\/\/secure.gravatar.com\/avatar\/488fb0614d5b167060b91cd15f19bb3d.jpg?s=48&d=https%3A%2F%2Fa.slack-edge.com%2F66f9%2Fimg%2Favatars%2Fava_0018-48.png",
                "mrkdwn_in": [
                    "text"
                ],
                "color": "D0D0D0",
                "from_url": "https:\/\/lesswrongru.slack.com\/archives\/meta\/p1476465490000231",
                "is_share": true,
                "footer": "Posted in #meta"
            }
        ],
        "ts": "1476471023.000246",
        "reactions": [
            {
                "name": "no",
                "users": [
                    "U0GBBAD1P"
                ],
                "count": 1
            },
            {
                "name": "heavy_plus_sign",
                "users": [
                    "U0H1U59BL",
                    "U0HJ93C3B",
                    "U0GQ50ESU",
                    "U0FS0PUM8"
                ],
                "count": 4
            }
        ]
    },
    {
        "user": "U2PKKE49H",
        "text": "<@U2PKKE49H|denys> has joined the channel",
        "type": "message",
        "subtype": "channel_join",
        "ts": "1476482018.000247"
    }
]