[
    {
        "user": "U1CGGM7H7",
        "type": "message",
        "subtype": "channel_join",
        "text": "<@U1CGGM7H7|erebuz> has joined the channel",
        "ts": "1464466793.000063"
    },
    {
        "user": "U1CGHAWFK",
        "type": "message",
        "subtype": "channel_join",
        "text": "<@U1CGHAWFK|genioscur> has joined the channel",
        "ts": "1464467418.000064"
    },
    {
        "user": "U1CG8HCFJ",
        "type": "message",
        "subtype": "channel_join",
        "text": "<@U1CG8HCFJ|a.serij> has joined the channel",
        "ts": "1464467466.000065"
    },
    {
        "user": "U1CGC2DJ4",
        "type": "message",
        "subtype": "channel_join",
        "text": "<@U1CGC2DJ4|grigorij> has joined the channel",
        "ts": "1464471023.000066"
    },
    {
        "user": "U1CGJ1GQY",
        "type": "message",
        "subtype": "channel_join",
        "text": "<@U1CGJ1GQY|jan> has joined the channel",
        "ts": "1464477435.000067"
    }
]