[
    {
        "type": "message",
        "user": "U211W67K4",
        "text": "<@U0G0KMGKH>, == \u0438 ===",
        "ts": "1476697179.000256"
    },
    {
        "user": "U2Q9SSJFM",
        "text": "<@U2Q9SSJFM|msk> has joined the channel",
        "type": "message",
        "subtype": "channel_join",
        "ts": "1476724163.000257"
    },
    {
        "user": "U2QJN81B8",
        "text": "<@U2QJN81B8|denisogr> has joined the channel",
        "type": "message",
        "subtype": "channel_join",
        "ts": "1476765651.000258"
    }
]