[
    {
        "user": "U1EN5C8JD",
        "type": "message",
        "subtype": "channel_join",
        "text": "<@U1EN5C8JD|lantau> has joined the channel",
        "ts": "1465292142.000002"
    },
    {
        "user": "U1ETFFE4D",
        "type": "message",
        "subtype": "channel_join",
        "text": "<@U1ETFFE4D|olgica> has joined the channel",
        "ts": "1465329105.000003"
    },
    {
        "user": "U1EUFAV53",
        "type": "message",
        "subtype": "channel_join",
        "text": "<@U1EUFAV53|little_human> has joined the channel",
        "ts": "1465336045.000004"
    }
]