[
    {
        "user": "U2112BGQY",
        "text": "<@U2112BGQY|np1ng> has joined the channel",
        "type": "message",
        "subtype": "channel_join",
        "ts": "1471032626.000026"
    },
    {
        "user": "U211W67K4",
        "text": "<@U211W67K4|chalker> has joined the channel",
        "type": "message",
        "subtype": "channel_join",
        "ts": "1471034641.000027"
    },
    {
        "type": "message",
        "user": "U0GBBAD1P",
        "text": "<@U0F6P8JAG>: \u043a\u0430\u0436\u0435\u0442\u0441\u044f \u0442\u0435\u0431\u0435 \u043f\u043e\u0440\u0430 \u0432 <#C0CTD63D2> \u0441 \u0431\u0430\u043d\u0445\u0430\u043c\u043c\u0435\u0440\u043e\u043c",
        "ts": "1471043864.000028"
    },
    {
        "type": "message",
        "user": "U0F6P8JAG",
        "text": "\u0423\u0433\u0443.",
        "ts": "1471044079.000029"
    }
]