[
    {
        "user": "U1XQG3N2G",
        "text": "<@U1XQG3N2G|alex.markov> has joined the channel",
        "type": "message",
        "subtype": "channel_join",
        "ts": "1470230390.000016"
    },
    {
        "user": "U1XUMR077",
        "text": "<@U1XUMR077|aykar> has joined the channel",
        "type": "message",
        "subtype": "channel_join",
        "ts": "1470248743.000017"
    },
    {
        "user": "U1Y33D71Q",
        "text": "<@U1Y33D71Q|uttar> has joined the channel",
        "type": "message",
        "subtype": "channel_join",
        "ts": "1470271696.000018"
    }
]