[
    {
        "user": "U2T4MKT4K",
        "text": "<@U2T4MKT4K|bakuutin> has joined the channel",
        "type": "message",
        "subtype": "channel_join",
        "ts": "1477293475.000443"
    },
    {
        "user": "U2T6KF868",
        "text": "<@U2T6KF868|nkbolg> has joined the channel",
        "type": "message",
        "subtype": "channel_join",
        "ts": "1477297092.000444"
    },
    {
        "user": "U2T5AGVM1",
        "text": "<@U2T5AGVM1|ohar> has joined the channel",
        "type": "message",
        "subtype": "channel_join",
        "ts": "1477297869.000445"
    },
    {
        "type": "message",
        "user": "U2KS93BC2",
        "text": "\u042f \u0442\u0430\u043c \u0435\u0441\u0442\u044c, \u043d \u043f\u0440\u044f\u043c\u043e \u0441\u0435\u0439\u0447\u0430\u0441 \u0443 \u043c\u0435\u043d\u044f \u043d\u0435\u0442 \u0432\u0440\u0435\u043c\u0435\u043d\u0438 \u0447\u0438\u0442\u0430\u0442\u044c(",
        "attachments": [
            {
                "fallback": "[October 24th, 2016 12:55 AM] trootootoo: \u0410 \u0435\u0441\u0442\u044c \u0437\u0434\u0435\u0441\u044c \u0442\u0435, \u043a\u0442\u043e \u0432 \u0430\u043d\u0433\u043b\u043e\u044f\u0437\u044b\u0447\u043d\u043e\u043c \u0447\u0430\u0442\u0435 \u043f\u0430\u0440\u0430\u043b\u043b\u0435\u043b\u044c\u043d\u043e \u0441\u0438\u0434\u0438\u0442\/\u0440\u0430\u043d\u044c\u0448\u0435 \u0441\u0438\u0434\u0435\u043b?",
                "ts": "1477259758.000429",
                "author_subname": "trootootoo",
                "channel_id": "C0L93QKDZ",
                "channel_name": "meta",
                "is_msg_unfurl": true,
                "text": "\u0410 \u0435\u0441\u0442\u044c \u0437\u0434\u0435\u0441\u044c \u0442\u0435, \u043a\u0442\u043e \u0432 \u0430\u043d\u0433\u043b\u043e\u044f\u0437\u044b\u0447\u043d\u043e\u043c \u0447\u0430\u0442\u0435 \u043f\u0430\u0440\u0430\u043b\u043b\u0435\u043b\u044c\u043d\u043e \u0441\u0438\u0434\u0438\u0442\/\u0440\u0430\u043d\u044c\u0448\u0435 \u0441\u0438\u0434\u0435\u043b?",
                "author_name": "Sergei Shilovsky",
                "author_link": "https:\/\/lesswrongru.slack.com\/team\/trootootoo",
                "author_icon": "https:\/\/secure.gravatar.com\/avatar\/08fc63de6cde00173fd9d98ea0452d5f.jpg?s=48&d=https%3A%2F%2Fa.slack-edge.com%2F66f9%2Fimg%2Favatars%2Fava_0022-48.png",
                "mrkdwn_in": [
                    "text"
                ],
                "color": "D0D0D0",
                "from_url": "https:\/\/lesswrongru.slack.com\/archives\/meta\/p1477259758000429",
                "is_share": true,
                "footer": "Posted in #meta"
            }
        ],
        "ts": "1477300554.000446"
    },
    {
        "type": "message",
        "user": "U0CTGJMR9",
        "text": "\u042f \u0442\u0430\u043c \u0442\u043e\u0436\u0435 \u0435\u0441\u0442\u044c, \u0438\u043d\u043e\u0433\u0434\u0430 \u0447\u0438\u0442\u0430\u044e, \u0438\u043d\u043e\u0433\u0434\u0430 \u0434\u0430\u0436\u0435 \u0447\u0442\u043e-\u0442\u043e \u043f\u0438\u0448\u0443.\n\u0415\u0441\u0442\u044c, \u043a\u0441\u0442\u0430\u0442\u0438, \u043c\u043d\u0435\u043d\u0438\u0435, \u0447\u0442\u043e \u043c\u044b \u044d\u0442\u043e \u0432 \u043d\u0435\u043c\u043d\u043e\u0433\u043e \u043d\u0435\u043f\u043e\u0434\u0445\u043e\u0434\u044f\u0449\u0435\u043c \u043a\u0430\u043d\u0430\u043b\u0435 \u043e\u0431\u0441\u0443\u0436\u0434\u0430\u0435\u043c))",
        "ts": "1477300824.000447"
    },
    {
        "user": "U2TBDNXE0",
        "text": "<@U2TBDNXE0|baroquerock> has joined the channel",
        "type": "message",
        "subtype": "channel_join",
        "ts": "1477320506.000448"
    },
    {
        "user": "U2TBZ6XSP",
        "text": "<@U2TBZ6XSP|andrnag> has joined the channel",
        "type": "message",
        "subtype": "channel_join",
        "ts": "1477326894.000449"
    }
]