[
    {
        "user": "U2PRK2XDJ",
        "text": "<@U2PRK2XDJ|lusinda> has joined the channel",
        "type": "message",
        "subtype": "channel_join",
        "ts": "1476557529.000248"
    },
    {
        "user": "U2PSE9Y7J",
        "text": "<@U2PSE9Y7J|klimba> has joined the channel",
        "type": "message",
        "subtype": "channel_join",
        "ts": "1476571201.000249"
    },
    {
        "user": "U2PSR9UKE",
        "text": "<@U2PSR9UKE|alaygum> has joined the channel",
        "type": "message",
        "subtype": "channel_join",
        "ts": "1476580981.000250"
    }
]