[
    {
        "user": "U2NTJ9PH6",
        "text": "<@U2NTJ9PH6|lidlex> has joined the channel",
        "type": "message",
        "subtype": "channel_join",
        "ts": "1476364245.000207"
    },
    {
        "type": "message",
        "user": "U0H73DGHK",
        "text": "<@U0F6P8JAG>, \u0443\u0434\u0430\u043b\u0438 <#C1G7CC9DF|_spb_meetups> , \u043f\u043e\u0436\u0430\u043b\u0443\u0439\u0441\u0442\u0430. \u0421\u043b\u0443\u0447\u0430\u0439\u043d\u043e \u0441\u043e\u0437\u0434\u0430\u043b\u0438",
        "ts": "1476366381.000208",
        "reactions": [
            {
                "name": "ok_hand",
                "users": [
                    "U0F6P8JAG"
                ],
                "count": 1
            },
            {
                "name": "slightly_smiling_face",
                "users": [
                    "U0H73DGHK"
                ],
                "count": 1
            }
        ]
    }
]