[
    {
        "user": "U2Y7NQW64",
        "text": "<@U2Y7NQW64|yellalena> has joined the channel",
        "type": "message",
        "subtype": "channel_join",
        "ts": "1478437587.001272"
    },
    {
        "user": "U2Y8A6TAL",
        "text": "<@U2Y8A6TAL|noiserror> has joined the channel",
        "type": "message",
        "subtype": "channel_join",
        "ts": "1478449545.001273"
    },
    {
        "user": "U2YV398PL",
        "text": "<@U2YV398PL|chimera> has joined the channel",
        "type": "message",
        "subtype": "channel_join",
        "ts": "1478449731.001274"
    },
    {
        "user": "U2Z0GEH50",
        "text": "<@U2Z0GEH50|squatch> has joined the channel",
        "type": "message",
        "subtype": "channel_join",
        "ts": "1478461968.001275"
    }
]