[
    {
        "user": "U2VBCGWCB",
        "text": "<@U2VBCGWCB|jushin> has joined the channel",
        "type": "message",
        "subtype": "channel_join",
        "ts": "1477640010.000613"
    },
    {
        "type": "message",
        "user": "U0F6P8JAG",
        "text": "\u0423 \u0448\u0435\u0441\u0442\u0438 \u043a\u0430\u043d\u0430\u043b\u043e\u0432 \u043d\u0430\u0437\u0432\u0430\u043d\u0438\u0435 \u0447\u0435\u0440\u0435\u0437 \u043f\u043e\u0434\u0447\u0451\u0440\u043a\u0438\u0432\u0430\u043d\u0438\u0435. \u0423 \u0447\u0435\u0442\u044b\u0440\u0451\u0445 \u043a\u0430\u043d\u0430\u043b\u043e\u0432 \u043d\u0430\u0437\u0432\u0430\u043d\u0438\u0435 \u0447\u0435\u0440\u0435\u0437 \u0434\u0435\u0444\u0438\u0441.",
        "ts": "1477656188.000614"
    },
    {
        "user": "U0L9E04J0",
        "inviter": "U0F6P8JAG",
        "text": "<@U0L9E04J0|subcurrent> has joined the channel",
        "type": "message",
        "subtype": "channel_join",
        "ts": "1477656227.000616"
    },
    {
        "type": "message",
        "user": "U0L9E04J0",
        "text": "@berekuk used `\/poll`! Each person can only vote for :one: item.  Results will be visible to everyone.",
        "bot_id": "B0L9M8116",
        "attachments": [
            {
                "callback_id": "Ahrp5EjFLgeZSeYdx",
                "fallback": "\u0427\u0442\u043e \u0434\u0435\u043b\u0430\u0442\u044c \u0441 \u043d\u0435\u043a\u043e\u043d\u0441\u0438\u0441\u0442\u0435\u043d\u0442\u043d\u043e\u0441\u0442\u044c\u044e \u0434\u0435\u0444\u0438\u0441\u043e\u0432 \u0438 \u043f\u043e\u0434\u0447\u0451\u0440\u043a\u0438\u0432\u0430\u043d\u0438\u0439 \u0432 \u043d\u0430\u0437\u0432\u0430\u043d\u0438\u044f\u0445 \u043a\u0430\u043d\u0430\u043b\u043e\u0432?",
                "title": "\u0427\u0442\u043e \u0434\u0435\u043b\u0430\u0442\u044c \u0441 \u043d\u0435\u043a\u043e\u043d\u0441\u0438\u0441\u0442\u0435\u043d\u0442\u043d\u043e\u0441\u0442\u044c\u044e \u0434\u0435\u0444\u0438\u0441\u043e\u0432 \u0438 \u043f\u043e\u0434\u0447\u0451\u0440\u043a\u0438\u0432\u0430\u043d\u0438\u0439 \u0432 \u043d\u0430\u0437\u0432\u0430\u043d\u0438\u044f\u0445 \u043a\u0430\u043d\u0430\u043b\u043e\u0432?",
                "id": 1,
                "title_link": "https:\/\/app.polly.ai\/slackvote\/Ahrp5EjFLgeZSeYdx",
                "color": "35a8e0",
                "actions": [
                    {
                        "id": "1",
                        "name": "one",
                        "text": "1",
                        "type": "button",
                        "value": "0",
                        "style": ""
                    },
                    {
                        "id": "2",
                        "name": "two",
                        "text": "2",
                        "type": "button",
                        "value": "1",
                        "style": ""
                    },
                    {
                        "id": "3",
                        "name": "three",
                        "text": "3",
                        "type": "button",
                        "value": "2",
                        "style": ""
                    }
                ]
            },
            {
                "callback_id": "Ahrp5EjFLgeZSeYdx",
                "fallback": "\u0427\u0442\u043e \u0434\u0435\u043b\u0430\u0442\u044c \u0441 \u043d\u0435\u043a\u043e\u043d\u0441\u0438\u0441\u0442\u0435\u043d\u0442\u043d\u043e\u0441\u0442\u044c\u044e \u0434\u0435\u0444\u0438\u0441\u043e\u0432 \u0438 \u043f\u043e\u0434\u0447\u0451\u0440\u043a\u0438\u0432\u0430\u043d\u0438\u0439 \u0432 \u043d\u0430\u0437\u0432\u0430\u043d\u0438\u044f\u0445 \u043a\u0430\u043d\u0430\u043b\u043e\u0432?",
                "footer": "<http:\/\/app.polly.ai|app.polly.ai>\u2003<https:\/\/app.polly.ai\/slackvote\/Ahrp5EjFLgeZSeYdx|View responses>",
                "id": 2,
                "footer_icon": "https:\/\/www.polly.ai\/favicon.ico",
                "fields": [
                    {
                        "title": "*1*: \u0417\u0430\u043c\u0435\u043d\u0438\u0442\u044c \u043f\u043e\u0434\u0447\u0451\u0440\u043a\u0438\u0432\u0430\u043d\u0438\u044f \u043d\u0430 \u0434\u0435\u0444\u0438\u0441\u044b",
                        "value": "`\u2587\u2587\u2587\u2587\u2587\u2587` 17% (2)",
                        "short": false
                    },
                    {
                        "title": "*2*: \u0417\u0430\u043c\u0435\u043d\u0438\u0442\u044c \u0434\u0435\u0444\u0438\u0441\u044b \u043d\u0430 \u043f\u043e\u0434\u0447\u0451\u0440\u043a\u0438\u0432\u0430\u043d\u0438\u044f",
                        "value": "`\u2587\u2587\u2587\u2587\u2587\u2587\u2587\u2587\u2587\u2587\u2587\u2587\u2587\u2587\u2587\u2587\u2587\u2587\u2587\u2587\u2587\u2587\u2587\u2587\u2587` 67% (8)",
                        "short": false
                    },
                    {
                        "title": "*3*: \u041d\u0438\u0447\u0435\u0433\u043e \u043d\u0435 \u0434\u0435\u043b\u0430\u0442\u044c",
                        "value": "`\u2587\u2587\u2587\u2587\u2587\u2587` 17% (2)",
                        "short": false
                    },
                    {
                        "title": "Total votes",
                        "value": "12",
                        "short": true
                    }
                ],
                "mrkdwn_in": [
                    "fields"
                ]
            }
        ],
        "edited": {
            "user": "U0L9E04J0",
            "ts": "1478255192.000000"
        },
        "ts": "1477656260.000617"
    },
    {
        "type": "message",
        "user": "U2MKPHGDS",
        "text": "<@U0F6P8JAG>  \u0422\u0430\u043a, \u0430 \u0447\u0442\u043e \u0441\u043b\u0443\u0447\u0430\u0435\u0442\u0441\u044f \u0441 \u0443\u043f\u043e\u043c\u0438\u043d\u0430\u043d\u0438\u044f\u043c\u0438 \u043a\u0430\u043d\u0430\u043b\u0430 \u043f\u0440\u0438 \u0435\u0433\u043e \u043f\u0435\u0440\u0435\u0438\u043c\u0435\u043d\u043e\u0432\u0430\u043d\u0438\u0438?",
        "ts": "1477656355.000619"
    },
    {
        "type": "message",
        "user": "U0F6P8JAG",
        "text": "\u0414\u0443\u043c\u0430\u044e, \u0447\u0442\u043e \u043b\u043e\u043c\u0430\u044e\u0442\u0441\u044f, \u043d\u043e \u0434\u0430\u0432\u0430\u0439 \u043f\u0440\u043e\u0432\u0435\u0440\u0438\u043c.",
        "ts": "1477656374.000620"
    },
    {
        "type": "message",
        "user": "U0F6P8JAG",
        "text": "<#C0TT0PVD5|video-uploading> \u0431\u044b\u043b \u0447\u0435\u0440\u0435\u0437 \u0434\u0435\u0444\u0438\u0441",
        "ts": "1477656383.000621"
    },
    {
        "type": "message",
        "user": "U0F6P8JAG",
        "text": "\u043e\u043e\u043e\n\u0438\u0441\u043f\u0440\u0430\u0432\u043b\u044f\u0435\u0442\u0441\u044f",
        "ts": "1477656415.000622"
    },
    {
        "type": "message",
        "user": "U2MKPHGDS",
        "text": ":+1:",
        "ts": "1477656433.000623"
    },
    {
        "type": "message",
        "user": "U0F6P8JAG",
        "text": "\u0420\u0430\u0437\u0432\u0435 \u0447\u0442\u043e \u0432 \u0445\u0430\u043a\u043f\u0430\u0434\u0435 \u043c\u043e\u0433\u043b\u0438 \u0431\u044b\u0442\u044c \u0443\u043f\u043e\u043c\u0438\u043d\u0430\u043d\u0438\u044f, \u043a\u043e\u0442\u043e\u0440\u044b\u0435 \u043d\u0438\u043a\u0442\u043e \u043d\u0435 \u0441\u0442\u0430\u043d\u0435\u0442 \u0438\u0441\u043f\u0440\u0430\u0432\u043b\u044f\u0442\u044c. \u041d\u043e \u0438\u0445 \u043d\u0435 \u043e\u0447\u0435\u043d\u044c \u043c\u043d\u043e\u0433\u043e \u0438 \u043e\u043d\u0438 \u0447\u0430\u0449\u0435 \u0431\u0435\u0437 \u0441\u0441\u044b\u043b\u043a\u0438, \u043f\u0440\u043e\u0441\u0442\u043e \u043f\u043e \u043d\u0430\u0437\u0432\u0430\u043d\u0438\u044e.",
        "edited": {
            "user": "U0F6P8JAG",
            "ts": "1477656472.000000"
        },
        "ts": "1477656462.000624"
    },
    {
        "type": "message",
        "user": "U1BJD7KSR",
        "text": "\u041d\u0435 \u0441\u043e\u0441\u0442\u043e\u044e \u0432 \u043a\u0430\u043d\u0430\u043b\u0430\u0445 \u0441 \u0434\u0435\u0444\u0438\u0441\u0430\u043c\u0438",
        "ts": "1477656530.000626",
        "reactions": [
            {
                "name": "equal",
                "users": [
                    "U2Q17MG00"
                ],
                "count": 1
            }
        ]
    },
    {
        "type": "message",
        "user": "U2MKPHGDS",
        "text": "<#C2D0BV8KH|rational-review>\n<#C2D030F5L|bias-busters>",
        "edited": {
            "user": "U2MKPHGDS",
            "ts": "1477659178.000000"
        },
        "ts": "1477656535.000628"
    },
    {
        "type": "message",
        "user": "U2MKPHGDS",
        "text": "\u042d\u0442\u043e \u044f \u0434\u043b\u044f \u0442\u0435\u0441\u0442\u0430",
        "ts": "1477656539.000629"
    },
    {
        "type": "message",
        "user": "U2MKPHGDS",
        "text": "\u0410 \u0442\u043e \u0441\u0430\u043c \u043f\u043e\u043a\u0430 \u043d\u0435 \u0432\u0438\u0434\u0435\u043b, \u043a\u0430\u043a \u0438\u0441\u043f\u0440\u0430\u0432\u043b\u044f\u0435\u0442\u0441\u044f",
        "ts": "1477656550.000630"
    },
    {
        "type": "message",
        "user": "U2T2K1NPR",
        "text": "\u0423 \u043d\u0430\u0441 \u0435\u0441\u0442\u044c \u043f\u0440\u043e\u0433\u043e\u0432\u043e\u0440\u0435\u043d\u043d\u044b\u0435 \u043f\u0440\u0430\u0432\u0438\u043b\u0430 \u0434\u043b\u044f <#C2UMDE0KS|real_life_advice> ? \u041f\u043e\u0442\u043e\u043c\u0443 \u0447\u0442\u043e \u0442\u0430\u043c \u043d\u0435\u0441\u043a\u043e\u043b\u044c\u043a\u043e \u0434\u043d\u0435\u0439 \u043e\u0431\u0441\u0443\u0436\u0434\u0430\u0435\u0442\u0441\u044f \u043f\u0441\u0438\u0445\u043e\u043b\u043e\u0433\u0438\u044f, \u0438 \u044f \u0434\u0443\u043c\u0430\u044e, \u043d\u0430\u0434\u043e \u043b\u0438 \u043e\u0442\u0434\u0435\u043b\u044c\u043d\u044b\u0439 \u043a\u0430\u043d\u0430\u043b \u0434\u043b\u044f \u044d\u0442\u043e\u0433\u043e \u0438\u043b\u0438 \u044d\u0442\u043e \u0442\u0435\u0441\u043d\u043e \u0441\u0432\u044f\u0437\u0430\u043d\u043e \u0441 \u0440\u0438\u0430\u043b\u043b\u0430\u0439\u0444\u0441\u043e\u0432\u0435\u0442\u0430\u043c\u0438.",
        "ts": "1477667689.000644"
    },
    {
        "type": "message",
        "user": "U0G8VK9SQ",
        "text": "\u0421\u043d\u0430\u0447\u0430\u043b\u0430 \u044f \u0445\u043e\u0442\u0435\u043b\u0430 \u0441\u043a\u0430\u0437\u0430\u0442\u044c, \u0447\u0442\u043e \u043f\u0440\u0435\u0434\u043f\u043e\u0447\u043b\u0430 \u0431\u044b \u043f\u0441\u0438\u0445\u043e\u043b\u043e\u0433\u0438\u044e \u0443\u0440\u043e\u0432\u043d\u044f \"\u0441\u0435\u0430\u043d\u0441 \u043f\u0441\u0438\u0445\u043e\u043b\u043e\u0433\u0438\u0447\u0435\u0441\u043a\u043e\u0439 \u043a\u043e\u043d\u0441\u0443\u043b\u044c\u0442\u0430\u0446\u0438\u0438\" \u0433\u0434\u0435-\u043d\u0438\u0431\u0443\u0434\u044c \u0432 \u0434\u0440\u0443\u0433\u043e\u043c \u043c\u0435\u0441\u0442\u0435, \u0430 \u043f\u0441\u0438\u0445\u043e\u043b\u043e\u0433\u0438\u044e \u0443\u0440\u043e\u0432\u043d\u044f \"\u043d\u0430\u043a\u0438\u0434\u0430\u0439\u0442\u0435 \u0441\u043e\u0432\u0435\u0442\u043e\u0432, \u043a\u0430\u043a \u0445\u0430\u043a\u043d\u0443\u0442\u044c \u0441\u0435\u0431\u044f \u0432 \u044d\u0442\u043e\u043c \u043c\u0435\u0441\u0442\u0435\" \u043c\u043e\u0436\u043d\u043e \u0438 \u043e\u0441\u0442\u0430\u0432\u0438\u0442\u044c. \u041d\u043e \u043f\u043e\u0442\u043e\u043c \u043f\u043e\u043d\u044f\u043b\u0430, \u0447\u0442\u043e \u044d\u0442\u043e \u043f\u043b\u043e\u0445\u043e, \u043f\u043e\u0442\u043e\u043c\u0443 \u0447\u0442\u043e \u0432\u0442\u043e\u0440\u043e\u043c\u0443 \u0447\u0430\u0441\u0442\u043e \u043f\u043e\u043b\u0435\u0437\u043d\u043e \u043f\u0440\u0435\u0432\u0440\u0430\u0442\u0438\u0442\u044c\u0441\u044f \u0432 \u043f\u0435\u0440\u0432\u043e\u0435.",
        "ts": "1477668501.000646"
    },
    {
        "type": "message",
        "user": "U2T2K1NPR",
        "text": "\u044f \u0435\u0449\u0451 \u0434\u0443\u043c\u0430\u044e, \u0447\u0442\u043e \u201c\u0441\u0435\u0430\u043d\u0441 \u043f\u0441\u0438\u0445\u043e\u043b\u043e\u0433\u0438\u0447\u0435\u0441\u043a\u043e\u0439 \u043a\u043e\u043d\u0441\u0443\u043b\u044c\u0442\u0430\u0446\u0438\u0438\u201d \u0447\u0430\u0441\u0442\u043e \u0440\u0430\u0437\u043e\u0432\u044b\u0439 \u0434\u043b\u044f \u043e\u0434\u043d\u043e\u0433\u043e \u0447\u0435\u043b\u043e\u0432\u0435\u043a\u0430. \u0432\u043e\u0442 \u0432\u0440\u044f\u0434 \u043b\u0438 \u043c\u0435\u043d\u044f \u0431\u0443\u0434\u0443\u0442 \u043f\u043e \u043c\u043e\u0435\u0439 \u0434\u0435\u043f\u0440\u0435\u0441\u0441\u0438\u0438 \u043a\u043e\u043d\u0441\u0443\u043b\u044c\u0442\u0438\u0440\u043e\u0432\u0430\u0442\u044c \u043a\u0430\u0436\u0434\u0443\u044e \u043d\u0435\u0434\u0435\u043b\u044e",
        "ts": "1477668795.000649"
    },
    {
        "type": "message",
        "user": "U0F6P8JAG",
        "text": "\u041f\u043e-\u043c\u043e\u0435\u043c\u0443, \u0432 <#C2UMDE0KS|real_life_advice> \u0431\u0443\u0434\u0435\u0442 \u0441\u043c\u044b\u0441\u043b, \u0435\u0441\u043b\u0438 \u0442\u0430\u043c \u0431\u0443\u0434\u0435\u0442 \u043f\u0440\u0438\u043d\u044f\u0442\u043e \u043d\u0430\u0447\u0438\u043d\u0430\u0442\u044c \u043d\u043e\u0432\u044b\u0435 \u0442\u0440\u0435\u0434\u044b \u0442\u043e\u043b\u044c\u043a\u043e \u0441 \u043a\u043e\u043d\u043a\u0440\u0435\u0442\u043d\u044b\u0445 \u0437\u0430\u0434\u0430\u0447 (\u201d\u0443 \u043c\u0435\u043d\u044f \u0435\u0441\u0442\u044c \u0442\u0430\u043a\u0430\u044f \u043f\u0440\u043e\u0431\u043b\u0435\u043c\u0430, \u0435\u0441\u0442\u044c \u0438\u0434\u0435\u0438, \u0447\u0442\u043e \u0441\u0434\u0435\u043b\u0430\u0442\u044c?\u201d \u0438 \u0442.\u043f.), \u0438 \u0435\u0441\u043b\u0438 \u0431\u0443\u0434\u0435\u0442 \u043a\u0430\u043a\u0438\u0435-\u0442\u043e \u043b\u0438\u0431\u043e \u044f\u0432\u043d\u044b\u0435 \u043f\u0440\u0430\u0432\u0438\u043b\u0430, \u043b\u0438\u0431\u043e \u043d\u0435\u044f\u0432\u043d\u044b\u0439 \u043a\u043e\u043d\u0441\u0435\u043d\u0441\u0443\u0441, \u0432 \u043a\u0430\u043a\u043e\u0439 \u043c\u043e\u043c\u0435\u043d\u0442 \u0442\u0440\u0435\u0434 \u0437\u0430\u043a\u043e\u043d\u0447\u0435\u043d.",
        "ts": "1477668800.000650",
        "reactions": [
            {
                "name": "no",
                "users": [
                    "U0G0KMGKH"
                ],
                "count": 1
            }
        ]
    },
    {
        "type": "message",
        "user": "U0G8VK9SQ",
        "text": "<@U0F6P8JAG> \u0430 \u0432\u043a\u0438\u0434\u044b\u0432\u0430\u043d\u0438\u0435 \u043b\u0430\u0439\u0444\u0430\u043a\u043e\u0432 \u0438 \u043f\u043e\u0434\u043e\u0431\u043d\u043e\u0433\u043e \u0431\u0435\u0437 \u0437\u0430\u043f\u0440\u043e\u0441\u0430?",
        "ts": "1477668995.000651"
    },
    {
        "type": "message",
        "user": "U0F6P8JAG",
        "text": "<@U0G8VK9SQ>: \u0434\u0430, \u043f\u0440\u043e \u044d\u0442\u043e \u044f \u0437\u0430\u0431\u044b\u043b. \u0422\u043e\u0436\u0435 \u0434\u043e\u043b\u0436\u043d\u043e \u0431\u044b\u0442\u044c \u043c\u043e\u0436\u043d\u043e.",
        "ts": "1477669046.000652"
    },
    {
        "type": "message",
        "user": "U2T2K1NPR",
        "text": "\u0438 \u0442\u0435\u043f\u0435\u0440\u044c \u044f \u0434\u0443\u043c\u0430\u044e, \u043d\u0430\u0441\u043a\u043e\u043b\u044c\u043a\u043e \u043f\u0441\u0438\u0445\u043e\u043b\u043e\u0433\u0438\u0447\u0435\u0441\u043a\u043e\u0435 \u043a\u043e\u043d\u0441\u0443\u043b\u044c\u0442\u0438\u0440\u043e\u0432\u0430\u043d\u0438\u0435 \u0438 \u043a\u0430\u043d\u0430\u043b \u0434\u043b\u044f \u043f\u043e\u0433\u043b\u0430\u0436\u0438\u0432\u0430\u043d\u0438\u0439, \u043e\u0431\u0441\u0443\u0436\u0434\u0430\u0432\u0448\u0438\u0439\u0441\u044f \u0443\u0442\u0440\u043e\u043c \u2014 \u043e\u0434\u043d\u043e \u0438 \u0442\u043e \u0436\u0435",
        "ts": "1477669085.000653"
    },
    {
        "type": "message",
        "user": "U0G8VK9SQ",
        "text": "<@U2T2K1NPR> \u0441\u0434\u0435\u043b\u0430\u0442\u044c \u044d\u0442\u043e \u043e\u0434\u043d\u0438\u043c \u0438 \u0442\u0435\u043c \u0436\u0435 \u0430\u0431\u0441\u043e\u043b\u044e\u0442\u043d\u043e \u043e\u0442\u0432\u0440\u0430\u0442\u0438\u0442\u0435\u043b\u044c\u043d\u0430\u044f \u0438 \u0430\u0431\u0441\u0443\u0440\u0434\u043d\u0430\u044f \u0438\u0434\u0435\u044f (\u0435\u0441\u043b\u0438 \u0442\u043e\u043b\u044c\u043a\u043e \u0432\u044b \u043d\u0435 \u0431\u0443\u0434\u0435\u0442\u0435 \u0447\u0451\u0442\u043a\u043e \u0440\u0430\u0437\u0434\u0435\u043b\u044f\u0442\u044c, \u0432 \u043a\u0430\u043a\u043e\u043c \u0442\u0440\u0435\u0434\u0435 \u043f\u043e\u0433\u043b\u0430\u0436\u0438\u0432\u0430\u044e\u0442, \u0430 \u0432 \u043a\u0430\u043a\u043e\u043c \u043a\u043e\u043d\u0441\u0443\u043b\u044c\u0442\u0438\u0440\u043e\u0432\u0430\u043d\u0438\u0435). \u041f\u043e\u043d\u0438\u043c\u0430\u0435\u0448\u044c, \u043f\u043e\u0447\u0435\u043c\u0443?",
        "edited": {
            "user": "U0G8VK9SQ",
            "ts": "1477669254.000000"
        },
        "ts": "1477669187.000654",
        "reactions": [
            {
                "name": "-1",
                "users": [
                    "U2KS93BC2"
                ],
                "count": 1
            }
        ]
    },
    {
        "type": "message",
        "user": "U2T2K1NPR",
        "text": "<@U0G8VK9SQ> \u043d\u0435 \u043f\u043e\u043d\u0438\u043c\u0430\u044e \u043f\u043e\u0442\u043e\u043c\u0443, \u0447\u0442\u043e \u043d\u0435 \u043f\u043e\u043d\u0438\u043c\u0430\u044e \u043f\u043e\u043a\u0430 \u0447\u0451\u0442\u043a\u043e\u0439 \u043a\u043e\u043d\u0446\u0435\u043f\u0446\u0438\u0438 \u043a\u0430\u043d\u0430\u043b\u0430 \u0434\u043b\u044f \u043f\u043e\u0433\u043b\u0430\u0436\u0438\u0432\u0430\u043d\u0438\u0439",
        "ts": "1477669276.000656"
    },
    {
        "type": "message",
        "user": "U0G8VK9SQ",
        "text": "\u041f\u043e\u0433\u043b\u0430\u0436\u0438\u0432\u0430\u043d\u0438\u0435 \u044d\u0442\u043e \u043f\u0440\u043e \u0434\u0435\u043b\u0430\u0442\u044c \u0447\u0435\u043b\u043e\u0432\u0435\u043a\u0443 \u043f\u0440\u0438\u044f\u0442\u043d\u043e \u0441\u0435\u0439\u0447\u0430\u0441. \u041a\u043e\u043d\u0441\u0443\u043b\u044c\u0442\u0430\u0446\u0438\u0438 \u044d\u0442\u043e \u043f\u0440\u043e \u0434\u0435\u043b\u0430\u0442\u044c \u0447\u0435\u043b\u043e\u0432\u0435\u043a\u0443 \u043f\u043e\u043b\u0435\u0437\u043d\u043e. \u0410 \u043f\u043e\u043b\u0435\u0437\u043d\u043e \u0438\u043d\u043e\u0433\u0434\u0430 \u0433\u043e\u0432\u043e\u0440\u0438\u0442\u044c \u0440\u0435\u0437\u043a\u0438\u0435 \u0432\u0435\u0449\u0438, \u043d\u0430\u043f\u0440\u0438\u043c\u0435\u0440.",
        "ts": "1477669419.000657"
    },
    {
        "type": "message",
        "user": "U2T2K1NPR",
        "text": "\u043e\u043a\u0435\u0439, \u0441\u043e\u0433\u043b\u0430\u0441\u043d\u0430, \u043d\u0430\u0434\u043e \u0434\u0435\u043b\u0438\u0442\u044c",
        "ts": "1477669459.000658"
    },
    {
        "type": "message",
        "user": "U0FD5HC1F",
        "text": "\u043f\u043e\u043a\u0430 \u0447\u0442\u043e \u043e\u0441\u043e\u0431\u043e \u043d\u0435\u0442 \u0436\u0435\u043b\u0430\u044e\u0449\u0438\u0445 \u043d\u0438 \u0442\u0443\u0434\u0430, \u043d\u0438 \u0442\u0443\u0434\u0430 \u0432\u0440\u043e\u0434\u0435",
        "ts": "1477669479.000659"
    },
    {
        "type": "message",
        "user": "U0G8VK9SQ",
        "text": "<#C0GKHDHC3|chaos> \u043f\u043e\u0434\u0445\u043e\u0434\u0438\u0442 \u0434\u043b\u044f \u043e\u0431\u043e\u0438\u0445",
        "ts": "1477669612.000660",
        "reactions": [
            {
                "name": "heavy_minus_sign",
                "users": [
                    "U0F6P8JAG",
                    "U0FD5HC1F"
                ],
                "count": 2
            }
        ]
    },
    {
        "type": "message",
        "user": "U0G0KMGKH",
        "text": "<@U0G8VK9SQ> \u043f\u043e\u0447\u0435\u043c\u0443 \u043d\u0435 \u043f\u043e\u0433\u043b\u0430\u0436\u0438\u0432\u0430\u0442\u044c \u0438 \u043d\u0435 \u0434\u0430\u0432\u0430\u0442\u044c \u0441\u043e\u0432\u0435\u0442\u044b \u0432 \u043e\u0434\u043d\u043e\u043c \u0438 \u0442\u043e\u043c \u0436\u0435 \u043a\u0430\u043d\u0430\u043b\u0435 \u0432 \u0437\u0430\u0432\u0438\u0441\u0438\u043c\u043e\u0441\u0442\u0438 \u043e\u0442 \u0442\u043e\u0433\u043e, \u043d\u0443\u0436\u043d\u044b \u043f\u0440\u043e\u0441\u044f\u0449\u0435\u043c\u0443 \u0447\u0435\u043b\u043e\u0432\u0435\u043a\u0443 \u043f\u043e\u0433\u043b\u0430\u0436\u0438\u0432\u0430\u043d\u0438\u044f \u0438 \u0441\u043e\u0432\u0435\u0442\u044b?",
        "ts": "1477669658.000661"
    },
    {
        "type": "message",
        "user": "U0G8VK9SQ",
        "text": "&gt;\u0435\u0441\u043b\u0438 \u0442\u043e\u043b\u044c\u043a\u043e \u0432\u044b \u043d\u0435 \u0431\u0443\u0434\u0435\u0442\u0435 \u0447\u0451\u0442\u043a\u043e \u0440\u0430\u0437\u0434\u0435\u043b\u044f\u0442\u044c, \u0432 \u043a\u0430\u043a\u043e\u043c \u0442\u0440\u0435\u0434\u0435 \u043f\u043e\u0433\u043b\u0430\u0436\u0438\u0432\u0430\u044e\u0442, \u0430 \u0432 \u043a\u0430\u043a\u043e\u043c \u043a\u043e\u043d\u0441\u0443\u043b\u044c\u0442\u0438\u0440\u043e\u0432\u0430\u043d\u0438\u0435",
        "ts": "1477669676.000662"
    },
    {
        "type": "message",
        "user": "U2T2K1NPR",
        "text": "\u0440\u0430\u0437\u0434\u0435\u043b\u044f\u0442\u044c \u0442\u0443\u0442 \u0441\u043b\u043e\u0436\u043d\u043e, \u043f\u043b\u044e\u0441 \u043c\u043e\u0433\u0443\u0442 \u0440\u0430\u0437\u043e\u0439\u0442\u0438\u0441\u044c \u0432\u0437\u0433\u043b\u044f\u0434\u044b \u043d\u0430.",
        "ts": "1477669709.000663"
    },
    {
        "type": "message",
        "user": "U0G0KMGKH",
        "text": "\u0412 \u043f\u0443\u0431\u043b\u0438\u0447\u043d\u043e\u043c \u0447\u0430\u0442\u0438\u043a\u0435, \u0432 \u043a\u043e\u0442\u043e\u0440\u043e\u043c \u043c\u043d\u043e\u0433\u043e \u043b\u044e\u0434\u0435\u0439, \u0438 \u043e\u043d\u0438 \u0442\u0435\u0431\u044f \u043d\u0435 \u043e\u0447\u0435\u043d\u044c \u0445\u043e\u0440\u043e\u0448\u043e \u0437\u043d\u0430\u044e\u0442, \u0432\u0440\u044f\u0434 \u043b\u0438 \u043f\u043e\u0433\u043b\u0430\u0436\u0438\u0432\u0430\u043d\u0438\u044f \u0431\u0443\u0434\u0443\u0442 \u0441\u043b\u0443\u0447\u0430\u0442\u044c\u0441\u044f \u0447\u0430\u0441\u0442\u043e \u0438 \u0432\u0440\u044f\u0434 \u043b\u0438 \u0432 \u043d\u0443\u0436\u043d\u044b\u0439 \u043c\u043e\u043c\u0435\u043d\u0442",
        "ts": "1477669725.000664"
    },
    {
        "type": "message",
        "user": "U0F6P8JAG",
        "text": "<@U0G0KMGKH>: \u043f\u043e\u044f\u0441\u043d\u0438 :no:?",
        "ts": "1477669864.000665"
    },
    {
        "type": "message",
        "user": "U0G8VK9SQ",
        "text": "<@U0F6P8JAG> \u044f \u0432\u0438\u0436\u0443 \u043d\u0435\u043a\u043e\u0442\u043e\u0440\u0443\u044e \u043f\u0440\u043e\u0431\u043b\u0435\u043c\u0443 \u0441 \u0437\u0430\u043a\u0430\u043d\u0447\u0438\u0432\u0430\u043d\u0438\u0435\u043c. \u0427\u0442\u043e \u0434\u0435\u043b\u0430\u0435\u0442\u044c, \u0435\u0441\u043b\u0438 \u0437\u0430\u043f\u0440\u043e\u0441 \u0430\u043a\u0442\u0443\u0430\u043b\u0435\u043d, \u043d\u043e \u043d\u0430 \u043d\u0435\u0433\u043e \u043a\u0430\u043a\u043e\u0435-\u0442\u043e \u0434\u043b\u0438\u0442\u0435\u043b\u044c\u043d\u043e\u0435 \u0432\u0440\u0435\u043c\u044f \u043d\u0438\u043a\u0442\u043e \u043d\u0438\u0447\u0435\u0433\u043e \u043f\u043e\u043b\u0435\u0437\u043d\u043e\u0433\u043e \u043d\u0435 \u043f\u0440\u0438\u043d\u043e\u0441\u0438\u0442?",
        "ts": "1477669939.000666"
    },
    {
        "type": "message",
        "user": "U0G0KMGKH",
        "text": "<@U0F6P8JAG> \u0438\u0441\u043f\u043e\u043b\u044c\u0437\u043e\u0432\u0430\u043b \u0435\u0433\u043e \u0442\u0443\u0442 \u0432 \u0441\u043c\u044b\u0441\u043b\u0435, \u0447\u0442\u043e \u044f \u043d\u0435 \u0441\u043e\u0433\u043b\u0430\u0441\u0435\u043d \u0441 \u0442\u0435\u043c, \u0447\u0442\u043e \u043d\u0430\u043f\u0438\u0441\u0430\u043d\u043e. \u0422\u043e \u0435\u0441\u0442\u044c \u044f \u0441\u0447\u0438\u0442\u0430\u044e, \u0447\u0442\u043e <#C2UMDE0KS|real_life_advice> \u0431\u0443\u0434\u0435\u0442 \u043f\u043e\u043b\u0435\u0437\u0435\u043d \u0438 \u0435\u0441\u043b\u0438 \u0442\u0430\u043c \u043d\u0435 \u0431\u0443\u0434\u0435\u0442 \u043f\u0440\u0430\u0432\u0438\u043b, \u043a\u0430\u043a \u0442\u044b \u043d\u0430\u043f\u0438\u0441\u0430\u043b. \u0414\u0443\u043c\u0430\u044e, <#C2UMDE0KS|real_life_advice> \u0441\u0430\u043c \u043f\u043e \u0441\u0435\u0431\u0435 \u043f\u0440\u0435\u0432\u0440\u0430\u0442\u0438\u0442\u0441\u044f \u0432 \u0433\u043e\u0434\u043d\u043e\u0442\u0443 \u0441\u043e \u0432\u0440\u0435\u043c\u0435\u043d\u0435\u043c.",
        "ts": "1477669961.000667",
        "reactions": [
            {
                "name": "heavy_plus_sign",
                "users": [
                    "U2T2K1NPR"
                ],
                "count": 1
            }
        ]
    },
    {
        "type": "message",
        "user": "U0F6P8JAG",
        "text": "<@U0G0KMGKH>: \u0437\u0430\u043c\u0435\u0442\u044c, \u0432 \u043c\u043e\u0451\u043c \u0441\u043e\u043e\u0431\u0449\u0435\u043d\u0438\u0438 \u043d\u0435 \u0431\u044b\u043b\u043e \u0441\u043b\u043e\u0432\u0430 \u201c\u0442\u043e\u043b\u044c\u043a\u043e\u201d [\u0435\u0441\u043b\u0438].",
        "ts": "1477669993.000668"
    },
    {
        "type": "message",
        "user": "U0G0KMGKH",
        "text": "\u0418 \u044f \u0434\u0443\u043c\u0430\u044e \u0442\u0430\u043a, \u043f\u043e\u0442\u043e\u043c\u0443 \u0447\u0442\u043e \u0441\u0447\u0438\u0442\u0430\u044e <#C2UMDE0KS|real_life_advice> \u043d\u0430 <http:\/\/lesswrongers.slack.com|lesswrongers.slack.com> \u043f\u043e\u043b\u0435\u0437\u043d\u044b\u043c, \u0438 \u0442\u0430\u043c \u0432\u0440\u043e\u0434\u0435 \u043d\u0435\u0442 \u043d\u0438\u043a\u0430\u043a\u0438\u0445 \u043e\u0433\u0440\u0430\u043d\u0438\u0447\u0435\u043d\u0438\u0439",
        "ts": "1477669995.000669"
    },
    {
        "type": "message",
        "user": "U0G0KMGKH",
        "text": "<@U0F6P8JAG> \u0445\u043c\u043c, \u044f \u043f\u0440\u043e\u0447\u0438\u0442\u0430\u043b \u0435\u0441\u043b\u0438 \u0432 \u0442\u0432\u043e\u0435\u043c \u0441\u043e\u043e\u0431\u0449\u0435\u043d\u0438\u0438 \u043a\u0430\u043a \u0435\u0441\u043b\u0438 \u0438 \u0442\u043e\u043b\u044c\u043a\u043e \u0435\u0441\u043b\u0438 \u0434\u0430\u0436\u0435 \u043a\u043e\u0433\u0434\u0430 \u043f\u043e\u0434\u0443\u043c\u0430\u043b \u043e\u0431 \u044d\u0442\u043e\u043c 5 \u0441\u0435\u043a\u0443\u043d\u0434",
        "ts": "1477670023.000670"
    },
    {
        "type": "message",
        "user": "U0G0KMGKH",
        "text": "\u0422\u043e \u0435\u0441\u0442\u044c \u044f \u043f\u0440\u043e\u0447\u0438\u0442\u0430\u043b \u0442\u0432\u043e\u0435 \u0441\u043e\u043e\u0431\u0449\u0435\u043d\u0438\u0435 \u043a\u0430\u043a \"\u0435\u0441\u043b\u0438 \u0442\u043e-\u0442\u043e, \u0442\u043e \u0432 \u043d\u0435\u043c \u0431\u0443\u0434\u0435\u0442 \u0441\u043c\u044b\u0441\u043b, \u0430 \u0438\u043d\u0430\u0447\u0435 \u043d\u0435 \u0431\u0443\u0434\u0435\u0442\"",
        "ts": "1477670049.000671"
    },
    {
        "type": "message",
        "user": "U0F6P8JAG",
        "text": "<@U0G8VK9SQ>: \u043e\u043a, \u043e\u0442 \u0447\u0430\u0441\u0442\u0438 \u043f\u0440\u043e \u201c\u0437\u0430\u043a\u0430\u043d\u0447\u0438\u0432\u0430\u0442\u044c \u0442\u0440\u0435\u0434\u044b \u043e\u0441\u043e\u0437\u043d\u0430\u043d\u043d\u043e\u201d \u044f \u043e\u0442\u043a\u0430\u0437\u044b\u0432\u0430\u044e\u0441\u044c, \u044d\u0442\u043e \u0432\u0441\u0451 \u0440\u0430\u0432\u043d\u043e \u043d\u0438\u043a\u043e\u0433\u0434\u0430 \u043d\u0435 \u043f\u043e\u043b\u0443\u0447\u0430\u0435\u0442\u0441\u044f \u043f\u043e \u0444\u0430\u043a\u0442\u0443 \u0444\u043e\u0440\u0441\u0438\u0440\u043e\u0432\u0430\u0442\u044c. \u041d\u043e \u044f \u0432\u0438\u0436\u0443 \u0440\u0430\u0437\u043d\u0438\u0446\u0443 \u043c\u0435\u0436\u0434\u0443 \u043e\u0431\u0441\u0443\u0436\u0434\u0435\u043d\u0438\u044f\u043c\u0438 \u043f\u043e \u0430\u0441\u0441\u043e\u0446\u0438\u0430\u0446\u0438\u0438, \u043a\u043e\u0442\u043e\u0440\u044b\u0435 \u0431\u044b\u0441\u0442\u0440\u043e \u043f\u0435\u0440\u0435\u0441\u0442\u0430\u044e\u0442 \u0431\u044b\u0442\u044c \u043f\u0440\u0438\u043a\u043b\u0430\u0434\u043d\u044b\u043c\u0438, \u0438 \u043e\u0431\u0441\u0443\u0436\u0434\u0435\u043d\u0438\u044f\u043c\u0438, \u0447\u0442\u043e \u0434\u0435\u043b\u0430\u0442\u044c.",
        "ts": "1477670074.000672"
    },
    {
        "type": "message",
        "user": "U0F6P8JAG",
        "text": "\u0412\u043e\u0437\u043c\u043e\u0436\u043d\u043e, \u043e\u043d\u043e \u0443\u0441\u0442\u0430\u043a\u0430\u043d\u0438\u0442\u0441\u044f \u0441\u0430\u043c\u043e, \u043d\u043e \u044f \u043f\u043e\u043a\u0430 (\u043f\u043e \u043d\u0430\u0431\u043b\u044e\u0434\u0435\u043d\u0438\u044f\u043c \u043f\u043e\u0441\u043b\u0435\u0434\u043d\u0438\u0445 \u0441\u0443\u0442\u043e\u043a) \u043d\u0435 \u0432\u0438\u0436\u0443, \u0447\u0442\u043e\u0431\u044b \u043b\u044e\u0434\u0438 \u0431\u044b\u043b\u0438 \u0433\u043e\u0442\u043e\u0432\u044b \u0441\u0432\u043e\u0440\u0430\u0447\u0438\u0432\u0430\u0442\u044c \u0441\u0432\u043e\u0438 \u043f\u0435\u0440\u0435\u0441\u0442\u0430\u044e\u0449\u0438\u0435-\u0431\u044b\u0442\u044c-\u043f\u0440\u0438\u043a\u043b\u0430\u0434\u043d\u044b\u043c\u0438 \u043e\u0431\u0441\u0443\u0436\u0434\u0435\u043d\u0438\u044f, \u0438 \u043d\u0435 \u0432\u0438\u0436\u0443 \u043c\u0435\u0445\u0430\u043d\u0438\u0437\u043c\u0430, \u043f\u043e \u043a\u043e\u0442\u043e\u0440\u043e\u043c\u0443 \u044d\u0442\u043e \u0441\u0442\u0430\u043d\u0435\u0442 \u043d\u043e\u0440\u043c\u043e\u0439 \u0432 \u0431\u0443\u0434\u0443\u0449\u0435\u043c.",
        "ts": "1477670124.000673"
    },
    {
        "type": "message",
        "user": "U2T2K1NPR",
        "text": "<@U0F6P8JAG> \u0440\u0438\u0441\u043a\u043d\u0443 \u043f\u0440\u0435\u0434\u043f\u043e\u043b\u043e\u0436\u0438\u0442\u044c, \u0447\u0442\u043e \u0437\u043d\u0430\u044e \u043c\u0435\u0445\u0430\u043d\u0438\u0437\u043c; \u043f\u043e\u0441\u043a\u043e\u043b\u044c\u043a\u0443 \u043a\u0430\u043d\u0430\u043b\u0443 \u0434\u043d\u044f \u0442\u0440\u0438 \u043e\u0442 \u0440\u043e\u0434\u0443, \u0442\u043e \u043b\u044e\u0434\u0438 \u043f\u0440\u043e\u0441\u0442\u043e \u043f\u043e\u043a\u0430 \u043d\u0435 \u043d\u0430\u0433\u043e\u0432\u043e\u0440\u0438\u043b\u0438\u0441\u044c",
        "ts": "1477670161.000674",
        "reactions": [
            {
                "name": "heavy_plus_sign",
                "users": [
                    "U0G8VK9SQ",
                    "U2KS93BC2"
                ],
                "count": 2
            }
        ]
    },
    {
        "type": "message",
        "user": "U0FD5HC1F",
        "text": "<@U0F6P8JAG> \u043a\u0430\u043a \u043d\u0430\u0441\u0447\u0435\u0442 \u043d\u0430\u0437\u043d\u0430\u0447\u0435\u043d\u0438\u044f \u043c\u043e\u0434\u0435\u0440\u0430\u0442\u043e\u0440\u0430?",
        "ts": "1477670163.000675"
    },
    {
        "type": "message",
        "user": "U0FD5HC1F",
        "text": "\u0441\u043f\u0435\u0446\u0438\u043b\u044c\u043d\u043e \u0434\u043b\u044f \u043a\u0430\u043d\u0430\u043b\u0430? \u043c\u043e\u0436\u0435\u0442, \u043a\u0442\u043e-\u0442\u043e \u0437\u0430\u0445\u043e\u0447\u0435\u0442?",
        "ts": "1477670184.000676"
    },
    {
        "type": "message",
        "user": "U0G0KMGKH",
        "text": "<@U0F6P8JAG> \u0442\u044b \u0434\u0443\u043c\u0430\u0435\u0448\u044c, \u0447\u0442\u043e \u0438\u0437-\u0437\u0430 \u0442\u0430\u043a\u0438\u0445 \"\u043f\u0435\u0440\u0435\u0441\u0442\u0430\u044e\u0449\u0438\u0445-\u0431\u044b\u0442\u044c-\u043f\u0440\u0438\u043a\u043b\u0430\u0434\u043d\u044b\u043c\u0438 \u043e\u0431\u0441\u0443\u0436\u0434\u0435\u043d\u0438\u0439\" \u0434\u0440\u0443\u0433\u0438\u0435 \u043b\u044e\u0434\u0438 \u043d\u0435 \u043f\u043e\u043b\u0443\u0447\u0430\u044e\u0442 \u0432 <#C2UMDE0KS|real_life_advice> \u043f\u043e\u043b\u0435\u0437\u043d\u044b\u0435 \u0441\u043e\u0432\u0435\u0442\u044b, \u043a\u043e\u0442\u043e\u0440\u044b\u0435 \u043c\u043e\u0433\u043b\u0438 \u0431\u044b \u043f\u043e\u043b\u0443\u0447\u0438\u0442\u044c \u0438\u043d\u0430\u0447\u0435?",
        "ts": "1477670191.000677"
    },
    {
        "type": "message",
        "user": "U0F6P8JAG",
        "text": "<@U0FD5HC1F>: \u043c\u043d\u0435 \u043a\u0430\u0436\u0435\u0442\u0441\u044f, \u043a\u043e\u043d\u0441\u0435\u043d\u0441\u0443\u0441\u044b \u0438 \u0440\u0430\u0441\u0441\u0442\u0430\u043d\u043e\u0432\u043a\u0430 incentives \u043b\u0443\u0447\u0448\u0435 \u0432\u044b\u0434\u0435\u043b\u0435\u043d\u043d\u044b\u0445 \u043c\u043e\u0434\u0435\u0440\u0430\u0442\u043e\u0440\u043e\u0432.",
        "ts": "1477670201.000678",
        "reactions": [
            {
                "name": "heavy_plus_sign",
                "users": [
                    "U2T2K1NPR"
                ],
                "count": 1
            }
        ]
    },
    {
        "type": "message",
        "user": "U0F6P8JAG",
        "text": "<@U0G0KMGKH>: \u044f \u0434\u0443\u043c\u0430\u044e, \u0447\u0442\u043e \u043e\u0442 \u043a\u0430\u043d\u0430\u043b\u0430 \u043c\u043d\u043e\u0433\u0438\u0435 \u043c\u043e\u0433\u0443\u0442 \u043e\u0442\u043f\u0438\u0441\u0430\u0442\u044c\u0441\u044f \u0438\u0437-\u0437\u0430 \u0442\u043e\u0433\u043e, \u0447\u0442\u043e \u043e\u043d \u043d\u0435 \u0434\u0430\u0451\u0442 \u0438\u043c \u0442\u043e, \u0447\u0442\u043e \u043d\u0430\u043f\u0438\u0441\u0430\u043d\u043e \u043d\u0430 \u0443\u043f\u0430\u043a\u043e\u0432\u043a\u0435, \u0432 \u043d\u0443\u0436\u043d\u044b\u0445 \u043a\u043e\u043d\u0446\u0435\u043d\u0442\u0440\u0430\u0446\u0438\u044f\u0445.",
        "edited": {
            "user": "U0F6P8JAG",
            "ts": "1477670239.000000"
        },
        "ts": "1477670231.000679",
        "reactions": [
            {
                "name": "white_check_mark",
                "users": [
                    "U0G0KMGKH"
                ],
                "count": 1
            }
        ]
    },
    {
        "type": "message",
        "user": "U0G0KMGKH",
        "text": "*\u0434\u0440\u0443\u0433\u0430\u044f_\u043c\u0435\u0442\u0430*: \u0445\u043e\u0447\u0443 \u044d\u043c\u043e\u0434\u0437\u0438 :agree: \u0438 :disagree:",
        "ts": "1477670405.000681"
    },
    {
        "type": "message",
        "user": "U0G8VK9SQ",
        "text": "<@U0F6P8JAG> \u0440\u0430\u0437\u0432\u0435\u0440\u043d\u0438, \u0447\u0442\u043e \u0442\u0430\u043a\u043e\u0435 \u043e\u0431\u0441\u0443\u0436\u0434\u0435\u043d\u0438\u0435 \"\u0447\u0442\u043e \u0434\u0435\u043b\u0430\u0442\u044c\"",
        "ts": "1477670419.000682"
    },
    {
        "type": "message",
        "user": "U0FD5HC1F",
        "text": "<@U0G0KMGKH> \u0427\u0435\u043c \u043f\u043b\u044e\u0441 \u0438 \u043c\u0438\u043d\u0443\u0441 \u043f\u043b\u043e\u0445\u0438?",
        "ts": "1477670424.000683"
    },
    {
        "type": "message",
        "user": "U0G0KMGKH",
        "text": "<@U0FD5HC1F> agree  \u044f \u043c\u043e\u0433\u0443 \u043f\u043e\u0441\u0442\u0430\u0432\u0438\u0442\u044c \u0441\u043e\u043e\u0431\u0449\u0435\u043d\u0438\u044e, \u0441 \u043a\u043e\u0442\u043e\u0440\u044b\u043c \u0441\u043e\u0433\u043b\u0430\u0441\u0435\u043d, \u043d\u043e \u043f\u0440\u0438 \u044d\u0442\u043e\u043c \u044f \u043d\u0435 \u0441\u0447\u0438\u0442\u0430\u044e, \u0447\u0442\u043e \u044d\u0442\u043e \u0441\u043e\u043e\u0431\u0449\u0435\u043d\u0438\u0435 \u043d\u0435\u0441\u0435\u0442 \u043f\u043e\u043b\u044c\u0437\u0443",
        "ts": "1477670470.000684"
    },
    {
        "type": "message",
        "user": "U0G0KMGKH",
        "text": ":plus: \u044d\u0442\u043e \u043a\u0430\u043a \u0431\u044b \u043e\u0434\u043d\u043e\u0432\u0440\u0435\u043c\u0435\u043d\u043d\u043e :thumbsup::skin-tone-6: \u0438 :agree:",
        "ts": "1477670493.000685"
    },
    {
        "type": "message",
        "user": "U0F6P8JAG",
        "text": "\u041e\u0431\u043e\u0431\u0449\u0435\u043d\u0438\u0435 \u043c\u044b\u0441\u043b\u0435\u0439 \u043f\u043e \u0438\u0442\u043e\u0433\u0430\u043c \u043f\u043e\u0441\u043b\u0435\u0434\u043d\u0438\u0445 \u0434\u043d\u0435\u0439 - \u043d\u0435 \u0445\u043e\u0442\u0438\u043c \u043b\u0438 \u043c\u044b \u043f\u043e\u0434\u0435\u043b\u0438\u0442\u044c \u0432\u0441\u0435 \u043a\u0430\u043d\u0430\u043b\u044b \u043d\u0430 \u0443\u0441\u043b\u043e\u0432\u043d\u043e low-effort-socializing-is-allowed-and-maybe-even-encouraged \u0438 \u043d\u0430 low-effort-is-disapproved? \u041a\u0430\u0436\u0435\u0442\u0441\u044f, \u043e\u0434\u043d\u043e\u0433\u043e \u0445\u0430\u043e\u0441\u0430 \u043d\u0435\u0434\u043e\u0441\u0442\u0430\u0442\u043e\u0447\u043d\u043e, \u0430 \u0444\u0430\u043a\u0442\u043e\u0440 \u201c\u043b\u044e\u0434\u0438 \u0445\u043e\u0442\u044f\u0442 \u043e\u0431\u0449\u0430\u0442\u044c\u0441\u044f \u0438 \u0441\u043e\u0446\u0438\u0430\u043b\u0438\u0437\u0438\u0440\u043e\u0432\u0430\u0442\u044c\u0441\u044f, \u043d\u0435 \u043d\u0430\u043f\u0440\u044f\u0433\u0430\u044f\u0441\u044c, \u0434\u0430\u0436\u0435 \u0435\u0441\u043b\u0438 \u043e\u043d\u0438 \u0440\u0430\u0446\u0438\u043e\u043d\u0430\u043b\u0438\u0441\u0442\u044b\u201d \u043d\u0438\u043a\u0443\u0434\u0430 \u043d\u0435 \u0434\u0435\u043d\u0435\u0442\u0441\u044f.",
        "ts": "1477670521.000686",
        "reactions": [
            {
                "name": "heavy_plus_sign",
                "users": [
                    "U0FD5HC1F",
                    "U0GQ50ESU",
                    "U0G00FWH2",
                    "U2KS93BC2"
                ],
                "count": 4
            }
        ]
    },
    {
        "type": "message",
        "user": "U0GQ50ESU",
        "text": "<#C2UMDE0KS|real_life_advice> \u0442\u043e\u0436\u0435, \u043a\u0430\u0436\u0435\u0442\u0441\u044f, low-effort ",
        "ts": "1477670591.000687"
    },
    {
        "type": "message",
        "user": "U0G0KMGKH",
        "text": "<@U0F6P8JAG> \u0432 \u0445\u0430\u043e\u0441\u0435 \u0442\u0440\u044d\u0448, \u0430 \u044f \u0445\u043e\u0447\u0443, \u0447\u0442\u043e\u0431\u044b \u0431\u044b\u043b\u0438 \u043a\u0430\u043d\u0430\u043b\u0438, \u0433\u0434\u0435 \u043d\u0435\u0442 \u0442\u0440\u044d\u0448\u0430, \u043d\u043e \u0435\u0441\u0442\u044c \u0441\u043e\u0446\u0438\u0430\u043b\u0438\u0437\u0430\u0446\u0438\u044f",
        "ts": "1477670598.000688",
        "reactions": [
            {
                "name": "equal",
                "users": [
                    "U0FD5HC1F",
                    "U2KS93BC2"
                ],
                "count": 2
            }
        ]
    },
    {
        "type": "message",
        "user": "U2T2K1NPR",
        "text": "\u042f \u0431\u044b \u0445\u043e\u0442\u0435\u043b\u0430 \u043f\u0440\u0438\u043c\u0435\u0440\u044b \u0442\u043e\u0433\u043e, \u043a\u0430\u043a \u043f\u0440\u043e\u0438\u0441\u0445\u043e\u0434\u0438\u0442 \u0434\u0435\u043b\u0435\u043d\u0438\u0435, \u0447\u0442\u043e\u0431\u044b \u043b\u0443\u0447\u0448\u0435 \u043f\u043e\u043d\u044f\u0442\u044c",
        "ts": "1477670609.000689"
    },
    {
        "type": "message",
        "user": "U0F6P8JAG",
        "text": "\u041f\u0440\u0438\u043c\u0435\u0440\u044b \u043f\u043e \u0444\u0430\u043a\u0442\u0443 low-effort \u043a\u0430\u043d\u0430\u043b\u043e\u0432:\n- <#C0GKHDHC3|chaos> (duh)\n- <#C0FGF10CF|music>, <#C0G7JGV16|movies> (\u0432\u0438\u0434\u0438\u043c\u043e \u044d\u0442\u043e \u0438 \u043e\u043a)\n- <#C2UMDE0KS|real_life_advice> \u043f\u043e\u043a\u0430 \u0441\u043f\u043e\u0440\u043d\u044b\u0439\n- <#C0CTD63DJ|open> \u0431\u044b\u043b \u043a\u043e\u0433\u0434\u0430 \u043a\u0430\u043a \u0438 \u0442\u0443\u0442 \u0442\u043e\u0436\u0435 \u0441\u043f\u043e\u0440\u043d\u043e\n\u041e\u0447\u0435\u0432\u0438\u0434\u043d\u043e high-effort:\n- <#C0GAPLUDQ|math>\n- <#C0E2XC7B5|rationality>\n- <#C0HJ2ETEK|walledgarden> (duh)",
        "ts": "1477670617.000690"
    },
    {
        "type": "message",
        "user": "U0G0KMGKH",
        "text": "\u041c\u043e\u0436\u0435\u0442 \u043a\u0442\u043e-\u043d\u0438\u0431\u0443\u0434\u044c \u0437\u0430\u0439\u0434\u0435\u0442 \u0432 \u0430\u043d\u0433\u043b\u043e\u044f\u0437\u044b\u0447\u043d\u044b\u0439 \u0441\u043b\u0430\u043a \u0438 \u043f\u043e\u0441\u043c\u043e\u0442\u0440\u0438\u0442, \u0435\u0441\u0442\u044c \u043b\u0438 \u0443 \u043d\u0438\u0445 \u0442\u0430\u043c \u043f\u0440\u0430\u0432\u0438\u043b\u0430, \u043a\u0443\u043b\u044c\u0442\u0443\u0440\u043d\u044b\u0435 \u043d\u043e\u0440\u043c\u044b, \u043f\u0440\u0438\u043a\u0440\u0435\u043f\u043b\u0435\u043d\u043d\u043e\u0435 \u0441\u043e\u043e\u0431\u0449\u0435\u043d\u0438\u0435 \u0432 <#C2UMDE0KS|real_life_advice> ?",
        "ts": "1477670638.000691"
    },
    {
        "type": "message",
        "user": "U0G0KMGKH",
        "text": "(\u0438 \u0443\u043a\u0440\u0430\u0434\u0435\u0442 \u0432\u0441\u0435 \u0438\u0445 \u0438\u0434\u0435\u0438)",
        "ts": "1477670644.000692"
    },
    {
        "type": "message",
        "user": "U2T2K1NPR",
        "text": "\u0415\u0441\u0442\u044c \u0443 \u043c\u0435\u043d\u044f \u043e\u043f\u0430\u0441\u0435\u043d\u0438\u044f, \u0447\u0442\u043e \u0438\u0437-\u0437\u0430 \u0442\u0430\u043a\u043e\u0433\u043e \u0434\u0435\u043b\u0435\u043d\u0438\u044f \u201c\u0441\u0440\u0435\u0434\u043d\u0438\u0435 \u043a\u0430\u043d\u0430\u043b\u044b\u201d (\u043d\u0430 \u0433\u0440\u0430\u043d\u0438) \u0441\u043a\u0430\u0442\u044f\u0442\u0441\u044f \u0432 \u043b\u043e\u0443 \u044d\u0444\u0444",
        "ts": "1477670654.000693"
    },
    {
        "type": "message",
        "user": "U0F6P8JAG",
        "text": "\u042f \u043d\u0435 \u0442\u0430\u043a \u043c\u043d\u043e\u0433\u043e \u0441\u043c\u043e\u0442\u0440\u0435\u043b \u0432 \u0430\u043d\u0433\u043b\u043e\u044f\u0437\u044b\u0447\u043d\u044b\u0439 \u0441\u043b\u0430\u043a, \u043d\u043e \u0437\u0430\u0440\u0430\u043d\u0435\u0435 \u0445\u043e\u0447\u0443 \u0441\u043a\u0430\u0437\u0430\u0442\u044c, \u0447\u0442\u043e \u043d\u0435 \u0441\u0447\u0438\u0442\u0430\u044e \u0438\u0445 \u043e\u0431\u0440\u0430\u0437\u0446\u043e\u043c \u0434\u043b\u044f \u043f\u043e\u0434\u0440\u0430\u0436\u0430\u043d\u0438\u044f. \u0418 \u043f\u0440\u0435\u0434\u043f\u043e\u0447\u0451\u043b \u0431\u044b \u0431\u043e\u043b\u0435\u0435 high-effort.",
        "ts": "1477670717.000694"
    },
    {
        "type": "message",
        "user": "U0G0KMGKH",
        "text": "<@U0F6P8JAG> \u0434\u0443\u043c\u0430\u044e, \u0435\u0441\u043b\u0438 \u0438 \u0434\u0435\u043b\u0430\u0442\u044c <#C2UMDE0KS|real_life_advice> \u0442\u0430\u043a\u0438\u043c, \u0447\u0442\u043e \u0442\u0430\u043c \u0431\u0443\u0434\u0435\u0442 \u0440\u0430\u0437\u0440\u0435\u0448\u0435\u043d\u043e \u0442\u043e\u043b\u044c\u043a\u043e \u043f\u0438\u0441\u0430\u0442\u044c \u0441\u043e\u043e\u0431\u0449\u0435\u043d\u0438\u044f, \u043f\u043e\u0434\u0443\u043c\u0430\u0432 \u043d\u0430\u0434 \u043d\u0438\u043c\u0438 \u0438 \u043f\u0440\u043e\u044f\u0432\u0438\u0432 \u0443\u0441\u0438\u043b\u0438\u044f, \u0442\u043e \u043d\u0430\u0434\u043e \u0445\u043e\u0442\u044f \u0431\u044b \u043e\u0441\u0442\u0430\u0432\u0438\u0442\u044c \u0432\u043e\u0437\u043c\u043e\u0436\u043d\u043e\u0441\u0442\u044c \u043f\u0438\u0441\u0430\u0442\u044c \u043d\u0435\u0433\u043e\u0434\u043d\u044b\u0435 \u0441\u043e\u043e\u0431\u0449\u0435\u043d\u0438\u044f \u0442\u0435\u043c \u043b\u044e\u0434\u044f\u043c, \u043a\u043e\u0442\u043e\u0440\u044b\u0435 \u043f\u0440\u0438\u0448\u043b\u0438 \u0442\u0443\u0434\u0430 \u0436\u0430\u043b\u043e\u0432\u0430\u0442\u044c\u0441\u044f \u0438\u043b\u0438 \u043f\u0440\u043e\u0441\u0438\u0442\u044c \u0441\u043e\u0432\u0435\u0442\u0430, \u043f\u043e\u0442\u043e\u043c\u0443 \u0447\u0442\u043e \u0435\u0441\u043b\u0438 \u0447\u0435\u043b\u043e\u0432\u0435\u043a \u043f\u0440\u0438\u0448\u0435\u043b \u043f\u0440\u043e\u0441\u0438\u0442\u044c real life advice, \u0442\u043e \u0432\u043e\u0437\u043c\u043e\u0436\u043d\u043e \u0435\u043c\u0443 \u043d\u0435 \u043e\u0447\u0435\u043d\u044c \u0445\u043e\u0440\u043e\u0448\u043e, \u043e\u043d \u0443\u0441\u0442\u0430\u043b \u0438\u043b\u0438 \u0447\u0442\u043e-\u0442\u043e \u0442\u0430\u043a\u043e\u0435 \u0438 \u043d\u0435 \u0441\u043c\u043e\u0436\u0435\u0442 \u043a\u0430\u0447\u0435\u0441\u0442\u0432\u0435\u043d\u043d\u044b\u0435 \u0441\u043e\u043e\u0431\u0449\u0435\u043d\u0438\u044f \u043d\u0430\u043f\u0438\u0441\u0430\u0442\u044c",
        "ts": "1477670746.000695",
        "reactions": [
            {
                "name": "clap",
                "users": [
                    "U2T2K1NPR",
                    "U2MKPHGDS"
                ],
                "count": 2
            }
        ]
    },
    {
        "type": "message",
        "user": "U0F6P8JAG",
        "text": "*\u0432 \u0441\u043c\u044b\u0441\u043b\u0435, \u044f \u043d\u0435 \u0447\u0438\u0442\u0430\u044e \u0430\u043d\u0433\u043b\u043e\u044f\u0437\u044b\u0447\u043d\u044b\u0439 \u0441\u043b\u0430\u043a \u0432 \u043f\u0435\u0440\u0432\u0443\u044e \u043e\u0447\u0435\u0440\u0435\u0434\u044c \u043f\u043e\u0442\u043e\u043c\u0443, \u0447\u0442\u043e \u0441\u043b\u0438\u0448\u043a\u043e\u043c \u043c\u043d\u043e\u0433\u043e \u0448\u0443\u043c\u0430. \u0425\u043e\u0442\u044f \u0434\u043e\u043f\u0443\u0441\u043a\u0430\u044e, \u0447\u0442\u043e \u043d\u0435 \u043d\u0430\u0443\u0447\u0438\u043b\u0441\u044f \u0435\u0433\u043e \u0433\u043e\u0442\u043e\u0432\u0438\u0442\u044c \u0438\u043b\u0438 \u043f\u0440\u043e\u0433\u043b\u044f\u0434\u0435\u043b \u043a\u0430\u043d\u0430\u043b\u044b, \u043a\u043e\u0442\u043e\u0440\u044b\u0435 \u0431\u044b\u043b\u043e \u0431\u044b \u0431\u043e\u043b\u0435\u0435 \u0438\u043d\u0442\u0435\u0440\u0435\u0441\u043d\u043e \u0447\u0438\u0442\u0430\u0442\u044c.",
        "ts": "1477670755.000696"
    },
    {
        "type": "message",
        "user": "U0F6P8JAG",
        "text": "<@U0G0KMGKH>: \u0434\u0430, \u0441\u043f\u0440\u0430\u0448\u0438\u0432\u0430\u0442\u044c \u043c\u043e\u0436\u043d\u043e \u043d\u0435\u043a\u0430\u0447\u0435\u0441\u0442\u0432\u0435\u043d\u043d\u043e. \u041c\u043d\u0435 \u043a\u0430\u0436\u0435\u0442\u0441\u044f, \u043d\u0435\u043a\u0430\u0447\u0435\u0441\u0442\u0432\u0435\u043d\u043d\u044b\u0435 \u0441\u043e\u0432\u0435\u0442\u044b \u0445\u0443\u0436\u0435. \u0418 \u043e\u0441\u043e\u0431\u0435\u043d\u043d\u043e \u0441\u044a\u0435\u0437\u0436\u0430\u043d\u0438\u0435 \u0432 \u0442\u0440\u0430\u0432\u043b\u044e \u0431\u0430\u0435\u043a \u043f\u043e \u0430\u0441\u0441\u043e\u0446\u0438\u0430\u0446\u0438\u0438. \u041c\u043e\u0436\u043d\u043e \u0432 one-upping \u0441\u044a\u0435\u0445\u0430\u0442\u044c \u0438 \u0441\u043e\u0446\u0438\u0430\u043b\u0438\u0437\u0430\u0446\u0438\u044e \u0438 \u043f\u0440\u043e\u0447\u0438\u0439 \u0434\u0443\u0440\u043d\u043e\u0439 \u0441\u0438\u0433\u043d\u0430\u043b\u0438\u043d\u0433.",
        "ts": "1477670845.000697"
    },
    {
        "type": "message",
        "user": "U0G0KMGKH",
        "text": "<@U0F6P8JAG> :disagree: \u0418 \u043a\u0441\u0442\u0430\u0442\u0438 \u043f\u043e \u043c\u043e\u0435\u0439 \u043c\u043e\u0434\u0435\u043b\u0438 \u0442\u0435\u0431\u044f \u0442\u0435\u0431\u0435 \u0434\u0435\u0439\u0441\u0442\u0432\u0438\u0442\u0435\u043b\u044c\u043d\u043e \u043d\u0435 \u043f\u043e\u043d\u0440\u0430\u0432\u0438\u0442\u0441\u044f \u0432 \u0430\u043d\u0433\u043b\u043e\u044f\u0437\u044b\u0447\u043d\u043e\u043c \u0441\u043b\u0430\u043a\u0435. \u0418 \u043f\u043e \u043c\u043e\u0435\u0439 \u043c\u043e\u0434\u0435\u043b\u0438 \u0442\u0435\u0431\u044f \u0438 \u043c\u0435\u043d\u044f \u0438 \u0434\u0440\u0443\u0433\u0438\u0445 \u043b\u044e\u0434\u0435\u0439, \u0443 \u043d\u0430\u0441 \u0442\u0443\u0442 \u0441\u0435\u0439\u0447\u0430\u0441 \u043d\u0435 \u0432\u0437\u0430\u0438\u043c\u043e\u043d\u0435\u043f\u043e\u043d\u0438\u043c\u0430\u043d\u0438\u0435, \u0430 \u043f\u0440\u043e\u0441\u0442\u043e \u043c\u044b \u0445\u043e\u0442\u0438\u043c \u0440\u0430\u0437\u043d\u044b\u0445 \u0448\u0442\u0443\u043a. \u0414\u0443\u043c\u0430\u044e, \u044f \u0431\u043e\u043b\u044c\u0448\u0435 \u0437\u0430 \u0441\u043e\u0446\u0438\u0430\u043b\u0438\u0437\u0430\u0446\u0438\u044e, \u0442\u044b \u0431\u043e\u043b\u044c\u0448\u0435 \u0437\u0430 high effort \u043e\u0431\u043c\u0435\u043d \u0438\u043d\u0444\u043e\u0440\u043c\u0430\u0446\u0438\u0435\u0439, \u0431\u043e\u043b\u044c\u0448\u0438\u043d\u0441\u0442\u0432\u043e \u043b\u044e\u0434\u0435\u0439 \u043d\u0430\u0432\u0435\u0440\u043d\u043e\u0435 \u0433\u0434\u0435-\u0442\u043e \u043f\u043e\u0441\u0435\u0440\u0435\u0434\u0438\u043d\u0435.",
        "ts": "1477670854.000698"
    },
    {
        "type": "message",
        "user": "U2T2K1NPR",
        "text": "<@U0F6P8JAG> \u0435\u0441\u0442\u044c \u0432\u043f\u0435\u0447\u0430\u0442\u043b\u0435\u043d\u0438\u0435, \u0447\u0442\u043e \u0442\u044b \u043f\u0435\u0440\u0435\u043e\u0446\u0435\u043d\u0438\u0432\u0430\u0435\u0448\u044c \u043a\u043e\u043b\u0438\u0447\u0435\u0441\u0442\u0432\u043e \u201c\u0431\u0430\u0435\u043a \u043f\u043e \u0430\u0441\u0441\u043e\u0446\u0438\u0430\u0446\u0438\u0438\u201d, \u043e\u043d\u0438 \u043f\u043e\u0441\u043b\u0435\u0434\u043d\u0438\u0435 \u0434\u043d\u0438 \u0431\u0440\u043e\u0441\u0438\u043b\u0438\u0441\u044c \u0442\u0435\u0431\u0435 \u0432 \u0433\u043b\u0430\u0437\u0430. \u041c\u043d\u0435\u043d\u0438\u0435 \u0441\u0443\u0431\u044a\u0435\u043a\u0442\u0438\u0432\u043d\u043e\u0435.",
        "ts": "1477670947.000699",
        "reactions": [
            {
                "name": "heavy_minus_sign",
                "users": [
                    "U0GQ50ESU"
                ],
                "count": 1
            }
        ]
    },
    {
        "type": "message",
        "user": "U0G0KMGKH",
        "text": "\u041d\u0435\u043a\u043e\u0442\u043e\u0440\u044b\u0435 \u0434\u0440\u0443\u0433\u0438\u043c \u043b\u044e\u0434\u044f\u043c \u043a\u0430\u043a \u0438 \u043c\u043d\u0435 \u043d\u0440\u0430\u0432\u0438\u0442\u0441\u044f \u0441\u043e\u0446\u0438\u0430\u043b\u0438\u0437\u0430\u0446\u0438\u044f, \u0438 \u043d\u0435\u043a\u043e\u0442\u043e\u0440\u044b\u0435 \u043b\u044e\u0434\u0438 \u043d\u0435 \u0441\u0447\u0438\u0442\u0430\u044e\u0442 \u0435\u0435 \u0447\u0435\u043c-\u0442\u043e \u043f\u043b\u043e\u0445\u0438\u043c",
        "ts": "1477670962.000700",
        "reactions": [
            {
                "name": "equal",
                "users": [
                    "U0FD5HC1F"
                ],
                "count": 1
            }
        ]
    },
    {
        "type": "message",
        "user": "U0G8VK9SQ",
        "text": "&gt;<#C2UMDE0KS|real_life_advice> \u043f\u043e\u043a\u0430 \u0441\u043f\u043e\u0440\u043d\u044b\u0439\n\u0421\u0434\u0435\u043b\u0430\u0442\u044c \u0435\u0433\u043e low-effort-is-allowed \u044d\u0442\u043e \u0434\u0438\u0441\u043a\u0440\u0435\u0434\u0438\u0442\u0430\u0446\u0438\u044f \u043d\u0435 \u0442\u043e\u043b\u044c\u043a\u043e \u043a\u0430\u043d\u0430\u043b\u0430, \u043d\u043e \u0438\u0434\u0435\u0439 \u0440\u0430\u0446\u0438\u043e\u043d\u0430\u043b\u044c\u043d\u043e\u0441\u0442\u0438 \u0432\u043e\u043e\u0431\u0449\u0435. \u041f\u043e\u0442\u043e\u043c\u0443 \u0447\u0442\u043e \u0447\u0442\u043e \u044d\u0442\u043e \u0437\u0430 \u0440\u0430\u0446\u0438\u043e\u043d\u0430\u043b\u0438\u0441\u0442\u044b, \u0435\u0441\u043b\u0438 \u0432 \u0440\u0435\u0430\u043b\u044c\u043d\u043e\u0439 \u0436\u0438\u0437\u043d\u0438 \u043e\u043d\u0438 \u043d\u0438\u0447\u0435\u0433\u043e \u043d\u0435 \u043f\u0440\u0438\u043c\u0435\u043d\u044f\u044e\u0442.",
        "ts": "1477670977.000701",
        "reactions": [
            {
                "name": "heavy_plus_sign",
                "users": [
                    "U2Q17MG00",
                    "U2T2K1NPR"
                ],
                "count": 2
            }
        ]
    },
    {
        "type": "message",
        "user": "U0F6P8JAG",
        "text": "<@U0G0KMGKH>: \u0434\u0430, \u043c\u044b \u043f\u0440\u0430\u0432\u0434\u0430 \u0445\u043e\u0442\u0438\u043c \u0440\u0430\u0437\u043d\u044b\u0445 \u0448\u0442\u0443\u043a, \u0441\u043e\u0431\u0441\u0442\u0432\u0435\u043d\u043d\u043e \u043f\u043e\u044d\u0442\u043e\u043c\u0443 \u044f \u0438 \u043f\u0440\u0435\u0434\u043b\u043e\u0436\u0438\u043b \u044f\u0432\u043d\u044b\u043c \u043e\u0431\u0440\u0430\u0437\u043e\u043c \u0440\u0430\u0437\u0433\u0440\u0430\u043d\u0438\u0447\u0438\u0442\u044c \u043a\u0430\u043d\u0430\u043b\u044b \u043f\u043e \u044d\u0442\u043e\u0439 \u0448\u043a\u0430\u043b\u0435. \u0427\u0442\u043e\u0431\u044b \u0445\u043e\u0440\u043e\u0448\u043e \u0431\u044b\u043b\u043e \u0438 \u0442\u0435\u043c, \u043a\u0442\u043e \u043a\u0430\u043a \u0442\u044b, \u0438 \u0442\u0435\u043c, \u043a\u0442\u043e \u043a\u0430\u043a \u044f.",
        "ts": "1477671028.000702"
    },
    {
        "type": "message",
        "user": "U0GQ50ESU",
        "text": "<@U0G0KMGKH>, \u043d\u0438\u043a\u0442\u043e \u043c\u043d\u0435 \u0433\u043e\u0432\u043e\u0440\u0438\u0442, \u0447\u0442\u043e \u0441\u043e\u0446\u0438\u0430\u043b\u0438\u0437\u0430\u0446\u0438\u044f \u043f\u043b\u043e\u0445\u0430\u044f. \u041f\u0440\u043e\u0441\u0442\u043e \u043d\u0430\u0434\u043e \u0441\u0434\u0435\u043b\u0430\u0442\u044c \u0442\u0430\u043a, \u0447\u0442\u043e\u0431\u044b \u043e\u0431\u0449\u0430\u044e\u0449\u0438\u0435\u0441\u044f \u0432 low-effort \u0438 \u0432 high-effort \u043d\u0435 \u043c\u0435\u0448\u0430\u043b\u0438 \u0434\u0440\u0443\u0433 \u0434\u0440\u0443\u0433\u0443. ",
        "ts": "1477671036.000703",
        "reactions": [
            {
                "name": "heavy_plus_sign",
                "users": [
                    "U0F6P8JAG"
                ],
                "count": 1
            }
        ]
    },
    {
        "type": "message",
        "user": "U0G0KMGKH",
        "text": "<@U0F6P8JAG> \u0442\u0440\u0438 \u043a\u0430\u043d\u0430\u043b\u0430, \u043a\u043e\u0442\u043e\u0440\u044b\u0435 \u0442\u044b \u043f\u0435\u0440\u0435\u0447\u0438\u0441\u043b\u0438\u043b \u0432 high effort, \u044f \u0431\u044b \u0442\u043e\u0436\u0435 \u043f\u0440\u0430\u0432\u0438\u043b\u0430\u043c\u0438 \u0437\u0430\u043f\u0440\u0435\u0442\u0438\u043b \u043f\u043b\u043e\u0445\u0438\u0435 \u0441\u043e\u043e\u0431\u0449\u0435\u043d\u0438\u044f. \u0410 \u0432\u043e\u0442 \u0442\u0430\u043a\u0438\u0435 \u043f\u0440\u0430\u0432\u0438\u043b\u0430 \u0432 <#C2UMDE0KS> \u043c\u043d\u0435 \u043d\u0435 \u0445\u043e\u0447\u0435\u0442\u0441\u044f, \u043d\u043e \u0445\u043e\u0447\u0435\u0442\u0441\u044f, \u0447\u0442\u043e\u0431\u044b \u0442\u0430\u043c \u0434\u0435\u0439\u0441\u0442\u0432\u0438\u0442\u0435\u043b\u044c\u043d\u043e \u043b\u044e\u0434\u0438 \u043f\u043e\u043c\u043e\u0433\u0430\u043b\u0438 \u0434\u0440\u0443\u0433 \u0434\u0440\u0443\u0433\u0443. \u041c\u0431 \u0435\u0441\u043b\u0438 \u043b\u044e\u0434\u0438 \u043d\u0430\u043b\u044f\u0433\u0443\u0442 \u043d\u0430 \u0434\u0430\u0443\u043d\u0432\u043e\u0443\u0442\u044b \u043f\u043e\u0441\u0438\u043b\u044c\u043d\u0435\u0435, \u0442\u043e \u0442\u0430\u043c \u0443\u0441\u0442\u0430\u043d\u043e\u0432\u0438\u0442\u0441\u044f \u0434\u0443\u0445 \u0433\u043e\u0434\u043d\u043e\u0442\u044b, \u0438 \u043f\u0440\u0430\u0432\u0438\u043b\u0430 \u043d\u0435 \u043d\u0443\u0436\u043d\u044b \u0431\u0443\u0434\u0443\u0442.",
        "ts": "1477671204.000704"
    },
    {
        "type": "message",
        "user": "U0F6P8JAG",
        "text": "<@U0G0KMGKH>: \u0430\u0430\u0430\u0430\u0440\u0433\u0445, \u0442\u0435\u043f\u0435\u0440\u044c \u043c\u043d\u0435 \u043f\u043e\u043d\u044f\u0442\u043d\u043e, \u0437\u0430 \u0447\u0442\u043e \u0442\u044b \u043c\u0435\u043d\u044f \u043c\u0438\u043d\u0443\u0441\u0443\u0435\u0448\u044c. \u041a\u043e\u0433\u0434\u0430 \u044f \u0433\u043e\u0432\u043e\u0440\u0438\u043b \u043f\u0440\u043e \u043f\u0440\u0430\u0432\u0438\u043b\u0430, \u044f \u043d\u0435 \u0438\u043c\u0435\u043b \u0432 \u0432\u0438\u0434\u0443 \u201c\u043f\u0440\u0430\u0432\u0438\u043b\u0430, \u043a\u043e\u0442\u043e\u0440\u044b\u0435 \u0431\u0443\u0434\u0443\u0442 \u044d\u043d\u0444\u043e\u0440\u0441\u0438\u0442\u044c \u043c\u043e\u0434\u0435\u0440\u0430\u0442\u043e\u0440\u044b, \u043d\u0430\u0431\u0435\u0433\u0430\u044f \u0441 \u0431\u0430\u043d\u0445\u0430\u043c\u043c\u0435\u0440\u043e\u043c \u0438 \u0443\u0433\u0440\u043e\u0437\u0430\u043c\u0438\u201d, \u0430 \u043f\u0440\u043e \u043d\u043e\u0440\u043c\u044b \u043f\u043e\u0432\u0435\u0434\u0435\u043d\u0438\u044f. \u041f\u0440\u0435\u0434\u043f\u043e\u043b\u0430\u0433\u0430\u044f, \u0447\u0442\u043e \u0432 \u044d\u0442\u043e\u043c \u043a\u0430\u043d\u0430\u043b\u0435 \u0438\u0445 \u0434\u043e\u0441\u0442\u0430\u0442\u043e\u0447\u043d\u043e\u0435 \u0447\u0438\u0441\u043b\u043e \u043b\u044e\u0434\u0435\u0439 \u043f\u0440\u043e\u0447\u0438\u0442\u0430\u044e\u0442 \u0438 \u043d\u0430\u0447\u043d\u0443\u0442 \u043f\u0440\u043e \u043d\u0438\u0445 \u043d\u0430\u043f\u043e\u043c\u0438\u043d\u0430\u0442\u044c.",
        "ts": "1477671287.000705"
    },
    {
        "type": "message",
        "user": "U0F6P8JAG",
        "text": "&gt; \u043a\u0430\u043a\u0438\u0435-\u0442\u043e \u043b\u0438\u0431\u043e \u044f\u0432\u043d\u044b\u0435 \u043f\u0440\u0430\u0432\u0438\u043b\u0430, _\u043b\u0438\u0431\u043e \u043d\u0435\u044f\u0432\u043d\u044b\u0439 \u043a\u043e\u043d\u0441\u0435\u043d\u0441\u0443\u0441_",
        "ts": "1477671324.000706"
    },
    {
        "type": "message",
        "user": "U0G0KMGKH",
        "text": "\u0415\u0441\u043b\u0438 <#C2UMDE0KS> \u043f\u0440\u0435\u0432\u0440\u0430\u0442\u0438\u0442\u0441\u044f \u0432 \u0432\u043e\u043b\u043b\u0435\u0434\u0433\u0430\u0440\u0434\u0435\u043d \u0441 \u044d\u043f\u0438\u0441\u0442\u0435\u043c\u0438\u0447\u0435\u0441\u043a\u043e\u0439 \u043f\u0440\u0430\u0432\u0438\u043b\u044c\u043d\u043e\u0441\u0442\u044c\u044e, \u0441\u0442\u043e\u0438\u0446\u0438\u0437\u043c\u043e\u043c, \u0441\u043f\u043e\u0440\u0430\u043c\u0438 \u043e \u0433\u043e\u0434\u043d\u043e\u0441\u0442\u0438 \u043e\u043f\u0440\u0435\u0434\u0435\u043b\u0435\u043d\u0438\u0439, \u0438 \u0447\u0442\u043e \u0435\u0441\u043b\u0438 \u043a\u0442\u043e-\u0442\u043e \u0431\u0443\u0434\u0435\u0442 \u043f\u0438\u0441\u0430\u0442\u044c \u0432 \u043d\u0435\u043c \u043d\u0435 \u0442\u0430\u043a, \u0442\u043e \u043f\u0440\u0438\u0431\u0435\u0436\u0438\u0442 <@U0F6P8JAG> \u0438\u043b\u0438 <@U0G0JFJTA> \u0438 \u043f\u043e\u0440\u0443\u0433\u0430\u0435\u0442, \u0442\u043e \u044d\u0442\u043e \u043f\u043e-\u043c\u043e\u0435\u043c\u0443 \u043f\u043e\u0447\u0442\u0438 \u0440\u0430\u0432\u043d\u043e\u0441\u0438\u043b\u044c\u043d\u043e \u043f\u0440\u0430\u0432\u0438\u043b\u0430\u043c, \u0438 \u043c\u043d\u0435 \u0442\u0430\u043a\u043e\u0439 \u0432\u0430\u0440\u0438\u0430\u043d\u0442 \u043d\u0435 \u043d\u0440\u0430\u0432\u0438\u0442\u0441\u044f",
        "ts": "1477671707.000707"
    },
    {
        "type": "message",
        "user": "U0G00FWH2",
        "text": "\u0434\u0430\u0432\u0430\u0439\u0442\u0435 \u043a \u0441\u0435\u0440\u044c\u0435\u0437\u043d\u044b\u043c \u043a\u0430\u043d\u0430\u043b\u0430\u043c \u0434\u043e\u0431\u0430\u0432\u0438\u043c \u043f\u0440\u0435\u0444\u0438\u043a\u0441 serious_*",
        "ts": "1477671740.000708"
    },
    {
        "type": "message",
        "user": "U2T2K1NPR",
        "text": "srsly_*",
        "edited": {
            "user": "U2T2K1NPR",
            "ts": "1477671771.000000"
        },
        "ts": "1477671756.000709"
    },
    {
        "type": "message",
        "user": "U0G8VK9SQ",
        "text": "<@U0G0KMGKH> \n&gt;\u0441\u043f\u043e\u0440\u0430\u043c\u0438 \u043e \u0433\u043e\u0434\u043d\u043e\u0441\u0442\u0438 \u043e\u043f\u0440\u0435\u0434\u0435\u043b\u0435\u043d\u0438\u0439\n\u042d\u0442\u043e \u043d\u0435 \u0442\u0435\u043c\u0430\u0442\u0438\u043a\u0430 \u043a\u0430\u043d\u0430\u043b\u0430, \u0437\u0430 \u0442\u0430\u043a\u043e\u0435 \u043d\u0430\u0434\u043e \u0433\u043d\u0430\u0442\u044c \u0432 \u0448\u0435\u044e. \u0427\u0442\u043e \u0442\u044b \u0438\u043c\u0435\u0435\u0448\u044c \u043f\u0440\u043e\u0442\u0438\u0432 \u044d\u043f\u0438\u0441\u0442\u0435\u043c\u0438\u0447\u0435\u0441\u043a\u043e\u0439 \u043f\u0440\u0430\u0432\u0438\u043b\u044c\u043d\u043e\u0441\u0442\u0438?",
        "ts": "1477671802.000711"
    },
    {
        "type": "message",
        "user": "U0G0KMGKH",
        "text": "<@U0G8VK9SQ> \u044f \u043f\u0440\u043e\u0442\u0438\u0432 \u043d\u0435 \u043f\u0440\u043e\u0442\u0438\u0432 \u0441\u0430\u043c\u043e\u0439 \u044d\u043f\u0438\u0441\u0442\u0435\u043c\u0438\u0447\u0435\u0441\u043a\u043e\u0439 \u043f\u0440\u0430\u0432\u0438\u043b\u044c\u043d\u043e\u0441\u0442\u0438. \u041f\u0440\u043e\u0441\u0442\u043e \u043a\u043e\u0433\u0434\u0430 \u044d\u043f\u0438\u0441\u0442\u0435\u043c\u0438\u0447\u0435\u0441\u043a\u0430\u044f \u043f\u0440\u0430\u0432\u0438\u043b\u044c\u043d\u043e\u0441\u0442\u044c \u0441\u0447\u0438\u0442\u0430\u0435\u0442\u0441\u044f \u0447\u0435\u043c-\u0442\u043e \u043e\u0447\u0435\u043d\u044c \u0432\u0430\u0436\u043d\u044b\u043c, \u043a\u0430\u043a \u0443 \u043d\u0430\u0441 \u0442\u0443\u0442 \u043d\u0430 \u043b\u0435\u0441\u0441\u0440\u043e\u043d\u0433\u0435, \u0442\u043e \u044d\u0442\u043e \u0432\u044b\u0437\u044b\u0432\u0430\u0435\u0442 \u043c\u043d\u043e\u0433\u043e \u0441\u043f\u043e\u0440\u043e\u0432, \u0441\u043f\u043b\u043e\u0448\u043d\u044b\u0435 \"\u0434\u0430\u0439 \u043e\u043f\u0440\u0435\u0434\u0435\u043b\u0435\u043d\u0438\u044f \u0438\u0441\u043f\u043e\u043b\u044c\u0437\u0443\u0435\u043c\u043e\u0433\u043e \u0442\u043e\u0431\u043e\u0439 \u0432\u043e\u0442 \u0442\u0443\u0442 \u0441\u043b\u043e\u0432\u0435\u0447\u043a\u0430\", \"\u043a\u0430\u043a\u0438\u0435 \u0443 \u0442\u0435\u0431\u044f \u0435\u0441\u0442\u044c \u0438\u0441\u0441\u043b\u0435\u0434\u043e\u0432\u0430\u043d\u0438\u044f, \u043f\u043e\u0434\u0442\u0432\u0435\u0440\u0436\u0434\u0430\u044e\u0449\u0438\u0435 \u0442\u043e, \u0447\u0442\u043e \u0442\u044b \u0441\u043a\u0430\u0437\u0430\u043b?\", \"\u043f\u0440\u043e\u0441\u0442\u043e \u043f\u043e\u0441\u0447\u0438\u0442\u0430\u0439 \u043e\u0436\u0438\u0434\u0430\u0435\u043c\u0443\u044e \u043f\u043e\u043b\u0435\u0437\u043d\u043e\u0441\u0442\u044c \u0438 \u0443\u043c\u043d\u043e\u0436\u044c \u043d\u0430 \u0432\u0435\u0440\u043e\u044f\u0442\u043d\u043e\u0441\u0442\u0438\", \"\u043d\u0443 \u0443 \u0442\u0435\u0431\u044f \u0436\u0435 \u0435\u0441\u0442\u044c \u0442\u0432\u043e\u044f \u0444\u0443\u043d\u043a\u0446\u0438\u044f \u043f\u043e\u043b\u0435\u0437\u043d\u043e\u0441\u0442\u0438, \u0432\u043e\u0442 \u0447\u0435 \u0442\u044b \u0435\u0435 \u043d\u0435 \u043c\u0430\u043a\u0441\u0438\u043c\u0438\u0437\u0438\u0440\u0443\u0435\u0448\u044c? \u043c\u0430\u043a\u0441\u0438\u043c\u0438\u0437\u0438\u0440\u0443\u0439\"",
        "ts": "1477672057.000713"
    },
    {
        "type": "message",
        "user": "U0G0KMGKH",
        "text": "\u0418 \u0443\u043c\u0435\u0440\u0435\u043d\u043d\u043e \u0441\u0438\u043b\u044c\u043d\u043e \u043f\u043e\u0440\u0438\u0446\u0430\u0435\u0442\u0441\u044f \u0432\u043b\u0438\u044f\u043d\u0438\u0435 \u044d\u043c\u043e\u0446\u0438\u0439, \u043b\u0435\u043d\u0438 \u0438 \u0432\u0441\u044f\u043a\u0438\u0445 \u0442\u0430\u043a\u0438\u0445 \u0448\u0442\u0443\u043a \u043d\u0430 \u043f\u0440\u0438\u043d\u044f\u0442\u0438\u0435 \u0440\u0435\u0448\u0435\u043d\u0438\u0439 \u0438 \u043f\u043e\u0432\u0435\u0434\u0435\u043d\u0438\u0435. \u0410 \u0438\u043d\u043e\u0433\u0434\u0430 \u043d\u0430\u043b\u0438\u0447\u0438\u0435 \u0442\u0430\u043a\u0438\u0445 \u0432\u0435\u0449\u0435\u0439 \u0438\u0433\u043d\u043e\u0440\u0438\u0440\u0443\u0435\u0442\u0441\u044f, \u0438 \u043b\u044e\u0434\u0438 \u043e\u0431\u0441\u0443\u0436\u0434\u0430\u044e\u0442, \u043a\u0430\u043a \u0447\u0442\u043e-\u0442\u043e \u0441\u0434\u0435\u043b\u0430\u0442\u044c, \u0442\u0430\u043a \u0431\u0443\u0434\u0442\u043e \u043e\u043d\u0438 \u0434\u0435\u0439\u0441\u0442\u0432\u0438\u0442\u0435\u043b\u044c\u043d\u043e \u0440\u0430\u0446\u0438\u043e\u043d\u0430\u043b\u044c\u043d\u044b\u0435 \u0430\u0433\u0435\u043d\u0442\u044b.",
        "ts": "1477672129.000714",
        "reactions": [
            {
                "name": "fallacy_strawman",
                "users": [
                    "U0GQ50ESU"
                ],
                "count": 1
            }
        ]
    },
    {
        "type": "message",
        "user": "U0G0KMGKH",
        "text": "\u041a\u0441\u0442\u0430\u0442\u0438, \u044f \u0441\u0435\u0439\u0447\u0430\u0441 \u043e\u0441\u043e\u0437\u043d\u0430\u043b, \u0447\u0442\u043e \u043a\u043e\u0433\u0434\u0430 \u0434\u0443\u043c\u0430\u043b \u043e _\u0433\u043e\u0434\u043d\u043e\u043c real life advice \u0432 \u0430\u043d\u0433\u043b\u043e\u044f\u0437\u044b\u0447\u043d\u043e\u043c LW_, \u044f \u0437\u0430\u0431\u044b\u043b, \u0447\u0442\u043e \u0443 \u043d\u0438\u0445 \u0442\u0430\u043c \u043e\u0442\u0434\u0435\u043b\u044c\u043d\u044b\u0439 #human_relationships, \u0438 \u0441\u0447\u0438\u0442\u0430\u043b \u0435\u0433\u043e \u0447\u0430\u0441\u0442\u044c\u044e <#C2UMDE0KS|real_life_advice>",
        "ts": "1477672358.000715"
    },
    {
        "type": "message",
        "user": "U0L4B5338",
        "text": "\u0422\u0430\u043c \u0435\u0449\u0451 \u0438 \u043e\u0442\u0434\u0435\u043b\u044c\u043d\u044b\u0439 #mental_health \u0435\u0441\u0442\u044c, \u0432\u043e\u043e\u0431\u0449\u0435 \u0433\u043e\u0432\u043e\u0440\u044f.",
        "ts": "1477672419.000716"
    },
    {
        "type": "message",
        "user": "U0G0KMGKH",
        "text": "\u0418 \u0432\u043e\u043e\u0431\u0449\u0435 \u044f \u0441\u0435\u0439\u0447\u0430\u0441 \u0442\u0443\u0434\u0430 \u0437\u0430\u0448\u0435\u043b \u0438 \u043f\u043e\u043d\u044f\u043b, \u0447\u0442\u043e \u043c\u043d\u0435 \u043d\u0440\u0430\u0432\u0438\u043b\u0441\u044f \u0438\u0445 #human_relationships, \u0430 \u0438\u0445 <#C2UMDE0KS|real_life_advice> - \u043d\u0435 \u043e\u0447\u0435\u043d\u044c. \u0412\u0441\u0435 \u043c\u043e\u0438 \u043d\u0430\u0434\u0435\u0436\u0434\u044b \u0440\u0430\u0437\u0440\u0443\u0448\u0435\u043d\u044b, \u0433\u043e\u0434\u043d\u043e\u0442\u0435 \u043d\u0435 \u0431\u044b\u0442\u044c :neutral_face:",
        "ts": "1477672468.000717"
    },
    {
        "type": "message",
        "user": "U0GQ50ESU",
        "text": "\u041a\u043c\u043a, \u0435\u0441\u043b\u0438 \u0447\u0442\u043e-\u0442\u043e \u0445\u043e\u0440\u043e\u0448\u043e \u0440\u0430\u0431\u043e\u0442\u0430\u0435\u0442 \u0443 \u043d\u0438\u0445, \u043d\u0435 \u0437\u043d\u0430\u0447\u0438\u0442, \u0447\u0442\u043e \u043e\u043d\u043e \u0442\u0430\u043a\u0436\u0435 \u0445\u043e\u0440\u043e\u0448\u043e \u0431\u0443\u0434\u0435\u0442 \u0440\u0430\u0431\u043e\u0442\u0430\u0442\u044c \u0443 \u043d\u0430\u0441. \u0423 \u043d\u0438\u0445 \u0441\u0432\u043e\u0438 \u043d\u0443\u0436\u0434\u044b, \u0443 \u043d\u0430\u0441 \u0441\u0432\u043e\u0438.",
        "ts": "1477672489.000718"
    },
    {
        "type": "message",
        "user": "U0G8VK9SQ",
        "text": "<@U0G0KMGKH> \u043d\u0443 \"\u043a\u0430\u043a\u0438\u0435 \u0443 \u0442\u0435\u0431\u044f \u0435\u0441\u0442\u044c \u0438\u0441\u0441\u043b\u0435\u0434\u043e\u0432\u0430\u043d\u0438\u044f\" \u0434\u043b\u044f <#C2UMDE0KS|real_life_advice> \u044f \u0441\u0447\u0438\u0442\u0430\u044e \u0447\u0435\u043c-\u0442\u043e \u043d\u0443\u0436\u043d\u044b\u043c. \u041f\u043e\u0442\u043e\u043c\u0443 \u0447\u0442\u043e \u0438\u043d\u0430\u0447\u0435 \u043f\u043e\u043b\u0443\u0447\u0430\u0435\u0442\u0441\u044f \u0442\u043e, \u0447\u0442\u043e \u043c\u044b \u0432\u0438\u0434\u0435\u043b\u0438 \"\u043f\u043e\u0436\u0440\u0438 \u0432\u043e\u0442 \u044d\u0442\u0438\u0445 \u0442\u0430\u0431\u043b\u0435\u0442\u043e\u043a \u0441\u043e \u0441\u043c\u0435\u0442\u0430\u043d\u043e\u0439, \u043c\u043d\u0435 \u043f\u043e\u043c\u043e\u0433\u0430\u0435\u0442\", \u0447\u0442\u043e, \u043c\u044f\u0433\u043a\u043e \u0433\u043e\u0432\u043e\u0440\u044f, \u043c\u043e\u0436\u0435\u0442 \u0431\u044b\u0442\u044c _\u043d\u0435 \u043e\u0447\u0435\u043d\u044c \u043f\u043e\u043b\u0435\u0437\u043d\u044b\u043c_.",
        "ts": "1477672599.000719",
        "reactions": [
            {
                "name": "heavy_plus_sign",
                "users": [
                    "U0D0R0D4P"
                ],
                "count": 1
            }
        ]
    },
    {
        "type": "message",
        "user": "U0GQ50ESU",
        "text": "\u0421\u0442\u043e\u0438\u0442 \u0437\u0430\u0438\u043c\u0441\u0442\u0432\u043e\u0432\u0430\u0442\u044c \u0442\u043e, \u0447\u0442\u043e \u043c\u044b \u0434\u0443\u043c\u0430\u0435\u043c, \u043f\u0440\u0438\u0433\u043e\u0434\u0438\u0442\u0441\u044f \u0443 \u043d\u0430\u0441. \u041d\u0435 \u0441\u0442\u043e\u0438\u0442 \u0437\u0430\u0438\u043c\u0441\u0442\u0432\u043e\u0432\u0430\u0442\u044c \u0442\u043e, \u0447\u0442\u043e \u0445\u043e\u0440\u043e\u0448\u043e \u0443 \u043d\u0438\u0445, \u0442\u043e\u043b\u044c\u043a\u043e \u043f\u043e \u0442\u043e\u0439 \u043f\u0440\u0438\u0447\u0438\u043d\u0435, \u0447\u0442\u043e \u0443 \u043d\u0438\u0445 \u043e\u043d\u043e \u0445\u043e\u0440\u043e\u0448\u043e. ",
        "ts": "1477672665.000720"
    },
    {
        "type": "message",
        "user": "U0G0KMGKH",
        "text": "<@U0G8VK9SQ> \u044f \u043d\u0435 \u0445\u043e\u0447\u0443 \u0441\u043e\u0432\u0441\u0435\u043c \u043e\u0442\u043a\u0430\u0437\u044b\u0432\u0430\u0442\u044c\u0441\u044f \u043e\u0442 \u043f\u0440\u0438\u0432\u0435\u0434\u0435\u043d\u0438\u044f \u0441\u0432\u0438\u0434\u0435\u0442\u0435\u043b\u044c\u0441\u0442\u0432 \u043e\u0431 \u0443\u0442\u0432\u0435\u0440\u0436\u0434\u0435\u043d\u0438\u044f\u0445. \u041d\u043e \u0438\u043d\u043e\u0433\u0434\u0430 \u044f \u0432\u0438\u0436\u0443 \u0438\u0441\u043f\u043e\u043b\u044c\u0437\u043e\u0432\u0430\u043d\u0438\u0435 \"\u043f\u0440\u0438\u0432\u0435\u0434\u0438 \u0438\u0441\u0441\u043b\u0435\u0434\u043e\u0432\u0430\u043d\u0438\u044f\" \u0432 \u0441\u043f\u043e\u0440\u0430\u0445 \u0447\u0442\u043e\u0431\u044b \u0437\u0430\u0434\u0430\u0432\u0438\u0442\u044c \u043e\u043f\u043f\u043e\u043d\u0435\u043d\u0442\u0430, \u0438 \u043a\u043e\u0433\u0434\u0430 \u0443 \u043f\u0438\u0448\u0443\u0449\u0435\u0433\u043e \u044d\u0442\u043e \u0441\u0430\u043c\u043e\u0433\u043e \u043e\u0441\u043e\u0431\u043e \u0441\u0432\u0438\u0434\u0435\u0442\u0435\u043b\u044c\u0441\u0442\u0432 \u043d\u0435\u0442 \u0437\u0430 \u0441\u0432\u043e\u044e \u0442\u043e\u0447\u043a\u0443 \u0437\u0440\u0435\u043d\u0438\u044f.",
        "ts": "1477672700.000721",
        "reactions": [
            {
                "name": "heavy_plus_sign",
                "users": [
                    "U2T2K1NPR",
                    "U0D0R0D4P",
                    "U2KS93BC2"
                ],
                "count": 3
            }
        ]
    },
    {
        "type": "message",
        "user": "U0L4B5338",
        "text": "\u0414\u043e\u0431\u0430\u0432\u043b\u044e \u043c\u0435\u0442\u044b. \u0421 \u043d\u0435\u043a\u043e\u0442\u043e\u0440\u044b\u0445 \u043f\u043e\u0440 \u043e\u0442\u0434\u0435\u043b\u044c\u043d\u044b\u0435 \u0442\u0440\u0435\u0434\u044b \u0432 \u0440\u044f\u0434\u0435 \u043a\u0430\u043d\u0430\u043b\u043e\u0432 \u043d\u0430\u0447\u0430\u043b\u0438 \u0431\u044b\u0442\u044c \u043a\u0430\u043a\u0438\u043c\u0438-\u0442\u043e _\u0443\u0442\u043e\u043c\u0438\u0442\u0435\u043b\u044c\u043d\u044b\u043c\u0438_, \u0447\u0442\u043e \u043b\u0438. \u041a\u0430\u0436\u0435\u0442\u0441\u044f, \u0440\u0430\u043d\u044c\u0448\u0435 \u0442\u0430\u043a\u043e\u0433\u043e \u043d\u0435 \u0431\u044b\u043b\u043e. \u041d\u0435 \u0437\u043d\u0430\u044e \u0442\u043e\u0447\u043d\u043e, \u043f\u043e\u0447\u0435\u043c\u0443. \u041d\u043e \u0438\u0437-\u0437\u0430 \u044d\u0442\u043e\u0433\u043e \u043c\u043e\u0438 incentives \u0437\u0430 \u043d\u0430\u0445\u043e\u0436\u0434\u0435\u043d\u0438\u0435 \u0432 \u0441\u043b\u0430\u043a\u0435 \u043f\u043e\u0442\u0438\u0445\u043e\u043d\u044c\u043a\u0443 \u043f\u0440\u043e\u043f\u0430\u0434\u0430\u044e\u0442.",
        "ts": "1477675962.000722",
        "reactions": [
            {
                "name": "heavy_plus_sign",
                "users": [
                    "U0GQ50ESU",
                    "U0KA9GQQN"
                ],
                "count": 2
            }
        ]
    },
    {
        "type": "message",
        "user": "U2T2K1NPR",
        "text": "<@U0L4B5338> \u043d\u0435 \u043e\u0447\u0435\u043d\u044c \u043f\u043e\u043d\u044f\u0442\u043d\u043e \u0441\u043e\u0432\u0441\u0435\u043c!",
        "ts": "1477676064.000723"
    },
    {
        "type": "message",
        "user": "U0FD5HC1F",
        "text": "<@U0L4B5338> \u0442\u0435\u0431\u0435 \u043d\u0435 \u043a\u0430\u0436\u0435\u0442\u0441\u044f, \u0447\u0442\u043e \u044d\u0442\u043e \u0441\u0432\u044f\u0437\u0430\u043d\u043e \u0441 \u043d\u0435\u043a\u043e\u0442\u043e\u0440\u044b\u043c\u0438 \u043a\u043e\u043d\u043a\u0440\u0435\u0442\u043d\u044b\u043c\u0438 \u043b\u044e\u0434\u044c\u043c\u0438?",
        "ts": "1477676086.000724"
    },
    {
        "type": "message",
        "user": "U0L4B5338",
        "text": "<@U0FD5HC1F> \u0432\u043e\u0437\u043c\u043e\u0436\u043d\u043e, \u043d\u043e \u044f \u043d\u0435 \u0445\u043e\u0447\u0443 \u043f\u043e\u043a\u0430\u0437\u044b\u0432\u0430\u0442\u044c \u043f\u0430\u043b\u044c\u0446\u0430\u043c\u0438. \u0422\u0435\u043c \u0431\u043e\u043b\u0435\u0435, \u0447\u0442\u043e \u044d\u0442\u043e \u043c\u043e\u0436\u0435\u0442 \u0431\u044b\u0442\u044c \u0431\u043e\u043b\u044c\u0448\u0435 \u043c\u043e\u0435\u0439 \u043c\u0435\u0442\u043e\u0439, \u0447\u0435\u043c \u043f\u0440\u043e\u0431\u043b\u0435\u043c\u043e\u0439 \u0441\u043b\u0430\u043a\u0430. \u041d\u043e \u0440\u0430\u0437 \u0437\u0430\u0448\u0435\u043b \u0440\u0430\u0437\u0433\u043e\u0432\u043e\u0440, \u044f \u0440\u0435\u0448\u0438\u043b \u0443\u043f\u043e\u043c\u044f\u043d\u0443\u0442\u044c \u043e\u0431 \u044d\u0442\u043e\u043c, \u0432\u0434\u0440\u0443\u0433 \u0443 \u043a\u043e\u0433\u043e-\u0442\u043e \u0435\u0449\u0435 \u0442\u0430\u043a\u043e\u0435 \u0436\u0435 \u043e\u0449\u0443\u0449\u0435\u043d\u0438\u0435.",
        "ts": "1477676175.000725"
    },
    {
        "type": "message",
        "user": "U2T2K1NPR",
        "text": "\u043c\u043d\u0435 \u043a\u0430\u0436\u0435\u0442\u0441\u044f \u043d\u0435\u043a\u043e\u043d\u0441\u0442\u0440\u0443\u043a\u0442\u0438\u0432\u043d\u044b\u043c \u0442\u0430\u043a\u043e\u0435 \u043e\u0431\u0441\u0443\u0436\u0434\u0435\u043d\u0438\u0435, \u043f\u043e\u0442\u043e\u043c\u0443 \u0447\u0442\u043e \u043e\u043d\u043e \u043c\u043e\u0436\u0435\u0442 \u0432\u044b\u0437\u044b\u0432\u0430\u0442\u044c \u043f\u0430\u0440\u0430\u043d\u043e\u0439\u044e \u0432\u0438\u0434\u0430 \u201c\u0430 \u043c\u043e\u0436\u0435\u0442 \u044d\u0442\u043e \u044f?\"",
        "ts": "1477676212.000726"
    },
    {
        "type": "message",
        "user": "U0H1U59BL",
        "text": "\u0415\u0441\u043b\u0438 \u043f\u0440\u043e \u0443\u0442\u043e\u043c\u0438\u0442\u0435\u043b\u044c\u043d\u043e\u0441\u0442\u044c \u0433\u043e\u0432\u043e\u0440\u0438\u0442\u044c, \u0442\u043e \u0443 \u043c\u0435\u043d\u044f \u0447\u0442\u043e-\u0442\u043e \u043f\u043e\u0434\u043e\u0431\u043d\u043e\u0435 \u043c\u043e\u0436\u0435\u0442 \u0431\u044b\u0442\u044c \u0432\u044b\u0437\u0432\u0430\u043d\u043e \u043e\u0442\u043d\u043e\u0441\u0438\u0442\u0435\u043b\u044c\u043d\u043e \u0431\u043e\u043b\u044c\u0448\u0438\u043c \u043a\u043e\u043b\u0438\u0447\u0435\u0441\u0442\u0432\u043e\u043c \u043d\u043e\u0432\u044b\u0445 \u043b\u044e\u0434\u0435\u0439, \u043a\u043e\u0442\u043e\u0440\u044b\u0435 \u0441\u043b\u0438\u0432\u0430\u044e\u0442\u0441\u044f \u0432 \u043e\u0434\u043d\u043e \"\u043d\u043e\u0432\u044b\u0439 \u043f\u043e\u043b\u044c\u0437\u043e\u0432\u0430\u0442\u0435\u043b\u044c\" \u0438 \u0438\u0437-\u0437\u0430 \u044d\u0442\u043e\u0433\u043e \u043d\u0430\u0434\u043e \u043b\u0438\u0448\u043d\u0435\u0435 \u0432\u043d\u0438\u043c\u0430\u043d\u0438\u0435 \u0442\u0440\u0430\u0442\u0438\u0442\u044c.",
        "ts": "1477676240.000727"
    },
    {
        "type": "message",
        "user": "U0L4B5338",
        "text": "\u042f \u043d\u0435 \u043f\u0440\u0435\u0434\u043b\u0430\u0433\u0430\u044e \u044d\u0442\u043e \u043e\u0431\u0441\u0443\u0436\u0434\u0430\u0442\u044c, \u044f \u044d\u0442\u043e \u0443\u043f\u043e\u043c\u044f\u043d\u0443\u043b, \u0430 \u0434\u0430\u043b\u044c\u0448\u0435 \u043c\u043e\u0436\u043d\u043e \u043f\u043b\u044e\u0441\u043e\u0432\u0430\u0442\u044c\/\u043c\u0438\u043d\u0443\u0441\u043e\u0432\u0430\u0442\u044c\/\u0430\u043f\u0434\u0435\u0439\u0442\u0438\u0442\u044c\u0441\u044f\/\u0438\u0433\u043d\u043e\u0440\u0438\u0440\u043e\u0432\u0430\u0442\u044c \u043f\u043e \u0436\u0435\u043b\u0430\u043d\u0438\u044e.",
        "ts": "1477676274.000728"
    },
    {
        "type": "message",
        "user": "U0G8VK9SQ",
        "text": "_\u043a\u043e\u043d\u0441\u0442\u0440\u0443\u043a\u0442\u0438\u0432\u043d\u0430\u044f \u043a\u0440\u0438\u0442\u0438\u043a\u0430_ \u0438\u0442\u0442",
        "ts": "1477676328.000729"
    },
    {
        "type": "message",
        "user": "U0L4B5338",
        "text": "\u042d\u0442\u043e \u043d\u0435 \u0437\u0430\u0434\u0443\u043c\u044b\u0432\u0430\u043b\u043e\u0441\u044c \u043a\u0430\u043a \u043a\u0440\u0438\u0442\u0438\u043a\u0430, \u043f\u043e\u044d\u0442\u043e\u043c\u0443 \u044f \u0437\u0430\u0444\u0440\u0435\u0439\u043c\u0438\u043b \u044d\u0442\u043e \u0432 \u043c\u043e\u0438\u0445 \u043e\u0449\u0443\u0449\u0435\u043d\u0438\u044f\u0445, \u0430 \u043d\u0435 \u0432 \u043f\u0440\u0435\u0442\u0435\u043d\u0437\u0438\u044f\u0445 \u043a \u043a\u043e\u043c\u0443-\u043b\u0438\u0431\u043e.",
        "ts": "1477676417.000730"
    },
    {
        "user": "U2VNK2JGP",
        "text": "<@U2VNK2JGP|drets> has joined the channel",
        "type": "message",
        "subtype": "channel_join",
        "ts": "1477683369.000731"
    },
    {
        "type": "message",
        "user": "U0F6P8JAG",
        "text": "\u0412\u0441\u0451 \u043f\u0435\u0440\u0435\u0447\u0438\u0441\u043b\u0435\u043d\u043d\u043e\u0435 \u0432 \u044d\u0442\u043e\u043c \u0441\u043f\u0438\u0441\u043a\u0435 - low-effort.",
        "attachments": [
            {
                "fallback": "[October 28th, 2016 7:27 PM] philipb: <@U0G8VK9SQ> \u044f \u043f\u0440\u043e\u0442\u0438\u0432 \u043d\u0435 \u043f\u0440\u043e\u0442\u0438\u0432 \u0441\u0430\u043c\u043e\u0439 \u044d\u043f\u0438\u0441\u0442\u0435\u043c\u0438\u0447\u0435\u0441\u043a\u043e\u0439 \u043f\u0440\u0430\u0432\u0438\u043b\u044c\u043d\u043e\u0441\u0442\u0438. \u041f\u0440\u043e\u0441\u0442\u043e \u043a\u043e\u0433\u0434\u0430 \u044d\u043f\u0438\u0441\u0442\u0435\u043c\u0438\u0447\u0435\u0441\u043a\u0430\u044f \u043f\u0440\u0430\u0432\u0438\u043b\u044c\u043d\u043e\u0441\u0442\u044c \u0441\u0447\u0438\u0442\u0430\u0435\u0442\u0441\u044f \u0447\u0435\u043c-\u0442\u043e \u043e\u0447\u0435\u043d\u044c \u0432\u0430\u0436\u043d\u044b\u043c, \u043a\u0430\u043a \u0443 \u043d\u0430\u0441 \u0442\u0443\u0442 \u043d\u0430 \u043b\u0435\u0441\u0441\u0440\u043e\u043d\u0433\u0435, \u0442\u043e \u044d\u0442\u043e \u0432\u044b\u0437\u044b\u0432\u0430\u0435\u0442 \u043c\u043d\u043e\u0433\u043e \u0441\u043f\u043e\u0440\u043e\u0432, \u0441\u043f\u043b\u043e\u0448\u043d\u044b\u0435 \"\u0434\u0430\u0439 \u043e\u043f\u0440\u0435\u0434\u0435\u043b\u0435\u043d\u0438\u044f \u0438\u0441\u043f\u043e\u043b\u044c\u0437\u0443\u0435\u043c\u043e\u0433\u043e \u0442\u043e\u0431\u043e\u0439 \u0432\u043e\u0442 \u0442\u0443\u0442 \u0441\u043b\u043e\u0432\u0435\u0447\u043a\u0430\", \"\u043a\u0430\u043a\u0438\u0435 \u0443 \u0442\u0435\u0431\u044f \u0435\u0441\u0442\u044c \u0438\u0441\u0441\u043b\u0435\u0434\u043e\u0432\u0430\u043d\u0438\u044f, \u043f\u043e\u0434\u0442\u0432\u0435\u0440\u0436\u0434\u0430\u044e\u0449\u0438\u0435 \u0442\u043e, \u0447\u0442\u043e \u0442\u044b \u0441\u043a\u0430\u0437\u0430\u043b?\", \"\u043f\u0440\u043e\u0441\u0442\u043e \u043f\u043e\u0441\u0447\u0438\u0442\u0430\u0439 \u043e\u0436\u0438\u0434\u0430\u0435\u043c\u0443\u044e \u043f\u043e\u043b\u0435\u0437\u043d\u043e\u0441\u0442\u044c \u0438 \u0443\u043c\u043d\u043e\u0436\u044c \u043d\u0430 \u0432\u0435\u0440\u043e\u044f\u0442\u043d\u043e\u0441\u0442\u0438\", \"\u043d\u0443 \u0443 \u0442\u0435\u0431\u044f \u0436\u0435 \u0435\u0441\u0442\u044c \u0442\u0432\u043e\u044f \u0444\u0443\u043d\u043a\u0446\u0438\u044f \u043f\u043e\u043b\u0435\u0437\u043d\u043e\u0441\u0442\u0438, \u0432\u043e\u0442 \u0447\u0435 \u0442\u044b \u0435\u0435 \u043d\u0435 \u043c\u0430\u043a\u0441\u0438\u043c\u0438\u0437\u0438\u0440\u0443\u0435\u0448\u044c? \u043c\u0430\u043a\u0441\u0438\u043c\u0438\u0437\u0438\u0440\u0443\u0439\"",
                "ts": "1477672057.000713",
                "author_subname": "philipb",
                "channel_id": "C0L93QKDZ",
                "channel_name": "meta",
                "is_msg_unfurl": true,
                "text": "<@U0G8VK9SQ> \u044f \u043f\u0440\u043e\u0442\u0438\u0432 \u043d\u0435 \u043f\u0440\u043e\u0442\u0438\u0432 \u0441\u0430\u043c\u043e\u0439 \u044d\u043f\u0438\u0441\u0442\u0435\u043c\u0438\u0447\u0435\u0441\u043a\u043e\u0439 \u043f\u0440\u0430\u0432\u0438\u043b\u044c\u043d\u043e\u0441\u0442\u0438. \u041f\u0440\u043e\u0441\u0442\u043e \u043a\u043e\u0433\u0434\u0430 \u044d\u043f\u0438\u0441\u0442\u0435\u043c\u0438\u0447\u0435\u0441\u043a\u0430\u044f \u043f\u0440\u0430\u0432\u0438\u043b\u044c\u043d\u043e\u0441\u0442\u044c \u0441\u0447\u0438\u0442\u0430\u0435\u0442\u0441\u044f \u0447\u0435\u043c-\u0442\u043e \u043e\u0447\u0435\u043d\u044c \u0432\u0430\u0436\u043d\u044b\u043c, \u043a\u0430\u043a \u0443 \u043d\u0430\u0441 \u0442\u0443\u0442 \u043d\u0430 \u043b\u0435\u0441\u0441\u0440\u043e\u043d\u0433\u0435, \u0442\u043e \u044d\u0442\u043e \u0432\u044b\u0437\u044b\u0432\u0430\u0435\u0442 \u043c\u043d\u043e\u0433\u043e \u0441\u043f\u043e\u0440\u043e\u0432, \u0441\u043f\u043b\u043e\u0448\u043d\u044b\u0435 \"\u0434\u0430\u0439 \u043e\u043f\u0440\u0435\u0434\u0435\u043b\u0435\u043d\u0438\u044f \u0438\u0441\u043f\u043e\u043b\u044c\u0437\u0443\u0435\u043c\u043e\u0433\u043e \u0442\u043e\u0431\u043e\u0439 \u0432\u043e\u0442 \u0442\u0443\u0442 \u0441\u043b\u043e\u0432\u0435\u0447\u043a\u0430\", \"\u043a\u0430\u043a\u0438\u0435 \u0443 \u0442\u0435\u0431\u044f \u0435\u0441\u0442\u044c \u0438\u0441\u0441\u043b\u0435\u0434\u043e\u0432\u0430\u043d\u0438\u044f, \u043f\u043e\u0434\u0442\u0432\u0435\u0440\u0436\u0434\u0430\u044e\u0449\u0438\u0435 \u0442\u043e, \u0447\u0442\u043e \u0442\u044b \u0441\u043a\u0430\u0437\u0430\u043b?\", \"\u043f\u0440\u043e\u0441\u0442\u043e \u043f\u043e\u0441\u0447\u0438\u0442\u0430\u0439 \u043e\u0436\u0438\u0434\u0430\u0435\u043c\u0443\u044e \u043f\u043e\u043b\u0435\u0437\u043d\u043e\u0441\u0442\u044c \u0438 \u0443\u043c\u043d\u043e\u0436\u044c \u043d\u0430 \u0432\u0435\u0440\u043e\u044f\u0442\u043d\u043e\u0441\u0442\u0438\", \"\u043d\u0443 \u0443 \u0442\u0435\u0431\u044f \u0436\u0435 \u0435\u0441\u0442\u044c \u0442\u0432\u043e\u044f \u0444\u0443\u043d\u043a\u0446\u0438\u044f \u043f\u043e\u043b\u0435\u0437\u043d\u043e\u0441\u0442\u0438, \u0432\u043e\u0442 \u0447\u0435 \u0442\u044b \u0435\u0435 \u043d\u0435 \u043c\u0430\u043a\u0441\u0438\u043c\u0438\u0437\u0438\u0440\u0443\u0435\u0448\u044c? \u043c\u0430\u043a\u0441\u0438\u043c\u0438\u0437\u0438\u0440\u0443\u0439\"",
                "author_link": "https:\/\/lesswrongru.slack.com\/team\/philipb",
                "author_icon": "https:\/\/avatars.slack-edge.com\/2016-03-31\/31013466917_edae7f0c531adc6cd916_48.png",
                "mrkdwn_in": [
                    "text"
                ],
                "color": "D0D0D0",
                "from_url": "https:\/\/lesswrongru.slack.com\/archives\/meta\/p1477672057000713",
                "is_share": true,
                "footer": "Posted in #meta"
            }
        ],
        "ts": "1477683796.000732",
        "reactions": [
            {
                "name": "delta",
                "users": [
                    "U2T2K1NPR"
                ],
                "count": 1
            }
        ]
    },
    {
        "type": "message",
        "user": "U0F6P8JAG",
        "text": "(\u041d\u0443 \u043e\u043a, \u043d\u0435 \u0432\u0441\u0435\u0433\u0434\u0430, \u043d\u043e \u043f\u043e \u043a\u0440\u0430\u0439\u043d\u0435\u0439 \u043c\u0435\u0440\u0435 _\u043c\u043e\u0433\u043b\u043e \u0431\u044b_ \u0431\u044b\u0442\u044c low-effort \u0438 \u0447\u0430\u0441\u0442\u043e \u043f\u043e \u0444\u0430\u043a\u0442\u0443 \u0431\u044b\u0432\u0430\u0435\u0442.)",
        "ts": "1477684489.000733"
    },
    {
        "type": "message",
        "user": "U2T2K1NPR",
        "text": "\u0430 \u043c\u043e\u0436\u043d\u043e \u044d\u0442\u043e \u043f\u043e\u0434\u0440\u043e\u0431\u043d\u0435\u0435 \u043e\u0431\u044a\u044f\u0441\u043d\u0438\u0442\u044c?",
        "ts": "1477684577.000734"
    },
    {
        "type": "message",
        "user": "U0F6P8JAG",
        "text": "<@U2T2K1NPR>: \u041f\u0435\u0440\u0432\u044b\u0435 \u0434\u0432\u0430 \u043f\u0440\u0438\u043c\u0435\u0440\u0430, \u201c\u0434\u0430\u0439 \u043e\u043f\u0440\u0435\u0434\u0435\u043b\u0435\u043d\u0438\u0435\u201d \u0438 \u201c\u0442\u0440\u0435\u0431\u0443\u044e \u0441\u0441\u044b\u043b\u043a\u0438 \u043d\u0430 \u0440\u0430\u043d\u0434\u043e\u043c\u0438\u0437\u0438\u0440\u043e\u0432\u0430\u043d\u043d\u044b\u0435 \u043a\u043e\u043d\u0442\u0440\u043e\u043b\u0438\u0440\u0443\u0435\u043c\u044b\u0435 \u0438\u0441\u0441\u043b\u0435\u0434\u043e\u0432\u0430\u043d\u0438\u044f\u201d, \u043c\u043e\u0436\u043d\u043e \u0438\u0441\u043f\u043e\u043b\u044c\u0437\u043e\u0432\u0430\u0442\u044c \u043a\u0430\u043a \u043e\u0440\u0443\u0436\u0438\u0435.\n\u041a \u043e\u043f\u0440\u0435\u0434\u0435\u043b\u0435\u043d\u0438\u044f\u043c \u043c\u043e\u0436\u043d\u043e \u043f\u0440\u0438\u0434\u0438\u0440\u0430\u0442\u044c\u0441\u044f \u0432\u0435\u0447\u043d\u043e \u0438 \u044d\u0442\u0438\u043c \u043f\u0430\u0440\u0430\u043b\u0438\u0437\u043e\u0432\u044b\u0432\u0430\u0442\u044c \u043f\u0440\u043e\u0434\u0443\u043a\u0442\u0438\u0432\u043d\u044b\u0439 \u0434\u0438\u0430\u043b\u043e\u0433.\n\u0427\u0430\u0441\u0442\u043e \u0432\u043c\u0435\u0441\u0442\u043e \u044d\u0442\u043e\u0433\u043e \u0431\u044b\u0432\u0430\u0435\u0442 \u043f\u043e\u043b\u0435\u0437\u043d\u0435\u0435:\n- \u043f\u0440\u043e\u0441\u0442\u043e \u0437\u0430\u0442\u0430\u0431\u0443\u0438\u0440\u043e\u0432\u0430\u0442\u044c \u0441\u043b\u043e\u0432\u0430\n- \u0438\u043b\u0438 \u043f\u0440\u0435\u0434\u043f\u043e\u043b\u043e\u0436\u0438\u0442\u044c \u043f\u043e\u0434\u0440\u0430\u0437\u0443\u043c\u0435\u0432\u0430\u0435\u043c\u043e\u0435 \u0437\u043d\u0430\u0447\u0435\u043d\u0438\u0435\n- \u0438\u043b\u0438 \u043f\u043e\u043f\u0440\u043e\u0431\u043e\u0432\u0430\u0442\u044c \u043e\u043f\u0440\u0435\u0434\u0435\u043b\u0438\u0442\u044c \u0437\u0430 \u0441\u043e\u0431\u0435\u0441\u0435\u0434\u043d\u0438\u043a\u0430 (\u044d\u0442\u043e \u043a\u0443\u0434\u0430 \u043a\u043e\u043e\u043f\u0435\u0440\u0430\u0442\u0438\u0432\u043d\u0435\u0435, \u0447\u0435\u043c \u0437\u0430\u0441\u0442\u0430\u0432\u043b\u044f\u0442\u044c \u0441\u043e\u0431\u0435\u0441\u0435\u0434\u043d\u0438\u043a\u0430 \u043f\u0440\u043e\u0434\u0435\u043b\u044b\u0432\u0430\u0442\u044c \u0432\u0441\u044e \u0440\u0430\u0431\u043e\u0442\u0443)\n\n\u0422\u0440\u0435\u0431\u043e\u0432\u0430\u043d\u0438\u044f \u0441\u0441\u044b\u043b\u043e\u043a \u043d\u0430 \u0438\u0441\u0441\u043b\u0435\u0434\u043e\u0432\u0430\u043d\u0438\u044f \u0431\u044b\u0432\u0430\u044e\u0442 \u043f\u043e\u043b\u0435\u0437\u043d\u044b, \u0435\u0441\u043b\u0438 \u0443 \u0442\u0432\u043e\u0435\u0433\u043e \u0441\u043e\u0431\u0435\u0441\u0435\u0434\u043d\u0438\u043a\u0430 \u043e\u043d\u0438 \u0435\u0441\u0442\u044c \u0438 \u0442\u044b \u043e\u0436\u0438\u0434\u0430\u0435\u0448\u044c, \u0447\u0442\u043e \u043e\u043d\u0438 \u0435\u0441\u0442\u044c, \u043b\u0438\u0431\u043e \u0435\u0441\u043b\u0438 \u0442\u044b \u0438\u043c\u0435\u0435\u0448\u044c \u0432\u044b\u0441\u043e\u043a\u0443\u044e \u0441\u0442\u0435\u043f\u0435\u043d\u044c \u0443\u0432\u0435\u0440\u0435\u043d\u043d\u043e\u0441\u0442\u0438, \u0447\u0442\u043e \u0443\u0442\u0432\u0435\u0440\u0436\u0434\u0435\u043d\u0438\u0435 \u043b\u043e\u0436\u043d\u043e. \u0425\u043e\u0442\u044f \u0434\u0430\u0436\u0435 \u0432 \u0441\u043b\u0443\u0447\u0430\u0435, \u0435\u0441\u043b\u0438 \u043d\u0435 \u0432\u0435\u0440\u0438\u0448\u044c, \u0435\u0441\u0442\u044c \u0441\u043f\u043e\u0441\u043e\u0431\u044b \u043e\u0442\u0432\u0435\u0442\u0438\u0442\u044c \u043b\u0443\u0447\u0448\u0435:\n- \u0441\u043a\u0430\u0437\u0430\u0442\u044c, \u0447\u0442\u043e \u0442\u0435\u0431\u0435 \u044d\u0442\u043e \u043a\u0430\u0436\u0435\u0442\u0441\u044f \u043d\u0435\u043f\u0440\u0430\u0432\u0434\u043e\u0439\n- \u043f\u043e\u043f\u0440\u043e\u0441\u0438\u0442\u044c \u0438\u0441\u0442\u043e\u0447\u043d\u0438\u043a\u0438 \u0443\u0431\u0435\u0436\u0434\u0435\u043d\u0438\u0439 - \u0441\u043f\u0440\u043e\u0441\u0438\u0442\u044c \u201c\u043f\u043e\u0447\u0435\u043c\u0443 \u0442\u044b \u0432\u0435\u0440\u0438\u0448\u044c \u0432 \u0442\u043e, \u0432\u043e \u0447\u0442\u043e \u0442\u044b \u0432\u0435\u0440\u0438\u0448\u044c?\u201d\n- \u043f\u043e\u0438\u0441\u043a\u0430\u0442\u044c \u0438\u0441\u0441\u043b\u0435\u0434\u043e\u0432\u0430\u043d\u0438\u044f \u0441\u0430\u043c\u043e\u043c\u0443\n\u0418\u043d\u0430\u0447\u0435 \u044d\u0442\u043e \u0431\u043e\u043b\u044c\u0448\u0435 \u043f\u043e\u0445\u043e\u0436\u0435 \u043d\u0430 \u0437\u0430\u0442\u044b\u043a\u0430\u043d\u0438\u0435.\n\n\u201c\u041f\u043e\u0441\u0447\u0438\u0442\u0430\u0439 \u043e\u0436\u0438\u0434\u0430\u0435\u043c\u0443\u044e \u043f\u043e\u043b\u0435\u0437\u043d\u043e\u0441\u0442\u044c\u201d \u0438\u043b\u0438 \u201c\u043c\u0430\u043a\u0441\u0438\u043c\u0438\u0437\u0438\u0440\u0443\u0439 \u0444\u0443\u043d\u043a\u0446\u0438\u044e \u043f\u043e\u043b\u0435\u0437\u043d\u043e\u0441\u0442\u0438\u201d - \u044d\u0442\u043e \u0441\u043b\u0438\u0448\u043a\u043e\u043c \u0443\u043d\u0438\u0432\u0435\u0440\u0441\u0430\u043b\u044c\u043d\u044b\u0435 \u0441\u043e\u0432\u0435\u0442\u044b. \u041e\u043d\u0438 \u043c\u043e\u0433\u0443\u0442 \u0431\u044b\u0442\u044c \u043f\u043e\u043b\u0435\u0437\u043d\u044b \u043d\u043e\u0432\u0438\u0447\u043a\u0443 (\u043d\u043e \u0442\u043e\u0433\u0434\u0430 \u0445\u043e\u0440\u043e\u0448\u043e \u0431\u044b \u043e\u0431\u044a\u044f\u0441\u043d\u0438\u0442\u044c \u043d\u043e\u0432\u0438\u0447\u043a\u0443, \u043a\u0430\u043a \u0438\u043c\u0435\u043d\u043d\u043e \u0441\u0447\u0438\u0442\u0430\u0442\u044c), \u0438\u0437\u0440\u0435\u0434\u043a\u0430 \u043c\u043e\u0433\u0443\u0442 \u0431\u044b\u0442\u044c \u043f\u043e\u043b\u0435\u0437\u043d\u044b \u043a\u0430\u043a \u043d\u0430\u043f\u043e\u043c\u0438\u043d\u0430\u043d\u0438\u0435, \u043d\u043e \u0447\u0430\u0449\u0435 \u043e\u043a\u0430\u0437\u044b\u0432\u0430\u044e\u0442\u0441\u044f low-effort \u043e\u0442\u043c\u0430\u0448\u043a\u043e\u0439 \u043e\u0442 \u0442\u043e\u0433\u043e, \u0447\u0442\u043e\u0431\u044b \u0432\u0441\u0435\u0440\u044c\u0451\u0437 \u0432\u043e\u0432\u043b\u0435\u0447\u044c\u0441\u044f \u0432 \u0437\u0430\u0434\u0430\u0447\u0443. \u0418\u043d\u0442\u0435\u0440\u0435\u0441\u043d\u0430\u044f \u0447\u0430\u0441\u0442\u044c \u0437\u0430\u0434\u0430\u0447\u0438 \u0432\u0441\u0435\u0433\u0434\u0430 \u043d\u0435 \u0432 \u0442\u043e\u043c, \u0447\u0442\u043e \u043d\u0430\u0434\u043e \u0441\u0447\u0438\u0442\u0430\u0442\u044c \u043e\u0436\u0438\u0434\u0430\u0435\u043c\u0443\u044e \u043f\u043e\u043b\u0435\u0437\u043d\u043e\u0441\u0442\u044c, \u0438\u043b\u0438 \u0432 \u0442\u043e\u043c, \u0447\u0442\u043e \u043d\u0430\u0434\u043e \u043c\u0430\u043a\u0441\u0438\u043c\u0438\u0437\u0438\u0440\u043e\u0432\u0430\u0442\u044c \u0444\u0443\u043d\u043a\u0446\u0438\u044e \u043f\u043e\u043b\u0435\u0437\u043d\u043e\u0441\u0442\u0438, \u0430 \u0432 \u0442\u043e\u043c, \u043a\u0430\u043a \u044d\u0442\u043e \u0434\u0435\u043b\u0430\u0442\u044c \u0432 _\u0434\u0430\u043d\u043d\u043e\u043c \u043a\u043e\u043d\u043a\u0440\u0435\u0442\u043d\u043e\u043c \u0441\u043b\u0443\u0447\u0430\u0435_. \u042d\u0442\u043e \u0442\u043e \u0436\u0435, \u0437\u0430 \u0447\u0442\u043e \u044f \u043a\u0440\u0438\u0442\u0438\u043a\u043e\u0432\u0430\u043b <@U0D0R0D4P> \u043f\u0430\u0440\u0443 \u0434\u043d\u0435\u0439 \u043d\u0430\u0437\u0430\u0434 \u0432 <#C0CTD63DJ|open> \u0432 \u0442\u0435\u043c\u0435 \u043f\u0440\u043e \u043a\u0440\u0438\u043e\u043d\u0438\u043a\u0443.",
        "edited": {
            "user": "U0F6P8JAG",
            "ts": "1477696393.000000"
        },
        "ts": "1477696378.000736",
        "reactions": [
            {
                "name": "+1",
                "users": [
                    "U0G0KMGKH",
                    "U2T2K1NPR",
                    "U0GQ50ESU",
                    "U2KS93BC2",
                    "U0G0E05CK"
                ],
                "count": 5
            },
            {
                "name": "heavy_plus_sign",
                "users": [
                    "U1XQG3N2G",
                    "U2KS93BC2"
                ],
                "count": 2
            }
        ]
    }
]