[
    {
        "type": "message",
        "user": "U0CTGJMR9",
        "text": "\u041e\u043f\u044f\u0442\u044c \u0437\u0430\u0445\u043e\u0436\u0443 \u0441\u043f\u0443\u0441\u0442\u044f \u043d\u0435\u0441\u043a\u043e\u043b\u044c\u043a\u043e \u0434\u043d\u0435\u0439 \u0442\u0438\u0448\u0438\u043d\u044b \u0438 \u0432\u0438\u0436\u0443 \u0441\u0432\u043e\u0438\u0445 \u043d\u0435\u0441\u0447\u0430\u0441\u0442\u043d\u044b\u0445 \u0437\u0430\u0434\u0430\u0432\u043b\u0435\u043d\u043d\u044b\u0445 \u043a\u043e\u0442\u044f\u0442)))",
        "ts": "1477914896.000785"
    },
    {
        "type": "message",
        "user": "U1BJD7KSR",
        "text": "<@U0CTGJMR9> \u043e\u043d\u0438 \u0441\u0442\u0430\u043b\u0438 \u043c\u0435\u043c\u043e\u043c",
        "ts": "1477916284.000786"
    },
    {
        "user": "U2WA84B6D",
        "text": "<@U2WA84B6D|m1t9> has joined the channel",
        "type": "message",
        "subtype": "channel_join",
        "ts": "1477923660.000787"
    },
    {
        "user": "U2WCFBAJZ",
        "text": "<@U2WCFBAJZ|loulett> has joined the channel",
        "type": "message",
        "subtype": "channel_join",
        "ts": "1477931835.000788"
    },
    {
        "user": "U2WGHSGJZ",
        "text": "<@U2WGHSGJZ|shama> has joined the channel",
        "type": "message",
        "subtype": "channel_join",
        "ts": "1477946705.000789"
    },
    {
        "user": "U2WJ2QG5C",
        "text": "<@U2WJ2QG5C|light> has joined the channel",
        "type": "message",
        "subtype": "channel_join",
        "ts": "1477955579.000790"
    },
    {
        "user": "U2WKAPG3E",
        "text": "<@U2WKAPG3E|grey108> has joined the channel",
        "type": "message",
        "subtype": "channel_join",
        "ts": "1477964304.000791"
    }
]