[
    {
        "user": "U0CTD4Q11",
        "type": "message",
        "subtype": "channel_join",
        "text": "<@U0CTD4Q11|microfed> has joined the channel",
        "ts": "1454586719.000002"
    },
    {
        "user": "U0G0JFJTA",
        "inviter": "U0CTD4Q11",
        "type": "message",
        "subtype": "channel_join",
        "text": "<@U0G0JFJTA|alaric> has joined the channel",
        "ts": "1454586795.000003"
    },
    {
        "user": "U0G0VR53L",
        "inviter": "U0CTD4Q11",
        "type": "message",
        "subtype": "channel_join",
        "text": "<@U0G0VR53L|e.kovetskiy> has joined the channel",
        "ts": "1454586796.000004"
    },
    {
        "user": "U0G0UP5FF",
        "inviter": "U0CTD4Q11",
        "type": "message",
        "subtype": "channel_join",
        "text": "<@U0G0UP5FF|alexnikleo> has joined the channel",
        "ts": "1454586797.000005"
    },
    {
        "user": "U0FRMV4Q2",
        "inviter": "U0CTD4Q11",
        "type": "message",
        "subtype": "channel_join",
        "text": "<@U0FRMV4Q2|alexander230> has joined the channel",
        "ts": "1454586797.000006"
    },
    {
        "user": "U0G0H9D9P",
        "inviter": "U0CTD4Q11",
        "type": "message",
        "subtype": "channel_join",
        "text": "<@U0G0H9D9P|mcsaks> has joined the channel",
        "ts": "1454586797.000007"
    },
    {
        "user": "U0GBBAD1P",
        "inviter": "U0CTD4Q11",
        "type": "message",
        "subtype": "channel_join",
        "text": "<@U0GBBAD1P|mihaild> has joined the channel",
        "ts": "1454586797.000008"
    },
    {
        "user": "U0KFKDWCV",
        "inviter": "U0CTD4Q11",
        "type": "message",
        "subtype": "channel_join",
        "text": "<@U0KFKDWCV|mage> has joined the channel",
        "ts": "1454586797.000009"
    },
    {
        "user": "U0HJ93C3B",
        "inviter": "U0CTD4Q11",
        "type": "message",
        "subtype": "channel_join",
        "text": "<@U0HJ93C3B|dsent> has joined the channel",
        "ts": "1454586797.000010"
    },
    {
        "user": "U0ESK0B3R",
        "inviter": "U0CTD4Q11",
        "type": "message",
        "subtype": "channel_join",
        "text": "<@U0ESK0B3R|minoru> has joined the channel",
        "ts": "1454586797.000011"
    },
    {
        "user": "U0HK1PPJ6",
        "inviter": "U0CTD4Q11",
        "type": "message",
        "subtype": "channel_join",
        "text": "<@U0HK1PPJ6|lyuba> has joined the channel",
        "ts": "1454586797.000012"
    },
    {
        "user": "U0G17S0L9",
        "inviter": "U0CTD4Q11",
        "type": "message",
        "subtype": "channel_join",
        "text": "<@U0G17S0L9|georgix> has joined the channel",
        "ts": "1454586797.000013"
    },
    {
        "user": "U0G13H73M",
        "inviter": "U0CTD4Q11",
        "type": "message",
        "subtype": "channel_join",
        "text": "<@U0G13H73M|olga_ushacova> has joined the channel",
        "ts": "1454586797.000014"
    },
    {
        "user": "U0G0PFDST",
        "inviter": "U0CTD4Q11",
        "type": "message",
        "subtype": "channel_join",
        "text": "<@U0G0PFDST|kirill> has joined the channel",
        "ts": "1454586797.000015"
    },
    {
        "user": "U0HAPHKFB",
        "inviter": "U0CTD4Q11",
        "type": "message",
        "subtype": "channel_join",
        "text": "<@U0HAPHKFB|efim> has joined the channel",
        "ts": "1454586797.000016"
    },
    {
        "user": "U0K328DNC",
        "inviter": "U0CTD4Q11",
        "type": "message",
        "subtype": "channel_join",
        "text": "<@U0K328DNC|david> has joined the channel",
        "ts": "1454586797.000017"
    },
    {
        "user": "U0JRBT1JQ",
        "inviter": "U0CTD4Q11",
        "type": "message",
        "subtype": "channel_join",
        "text": "<@U0JRBT1JQ|mex> has joined the channel",
        "ts": "1454586797.000018"
    },
    {
        "user": "U0G0HNPCP",
        "inviter": "U0CTD4Q11",
        "type": "message",
        "subtype": "channel_join",
        "text": "<@U0G0HNPCP|albedo> has joined the channel",
        "ts": "1454586797.000019"
    },
    {
        "user": "U0F99SB50",
        "inviter": "U0CTD4Q11",
        "type": "message",
        "subtype": "channel_join",
        "text": "<@U0F99SB50|poll-subcurrent> has joined the channel",
        "ts": "1454586797.000020"
    },
    {
        "user": "U0G0KMGKH",
        "inviter": "U0CTD4Q11",
        "type": "message",
        "subtype": "channel_join",
        "text": "<@U0G0KMGKH|philipb> has joined the channel",
        "ts": "1454586797.000021"
    },
    {
        "user": "U0KCV8AQ5",
        "inviter": "U0CTD4Q11",
        "type": "message",
        "subtype": "channel_join",
        "text": "<@U0KCV8AQ5|marryann> has joined the channel",
        "ts": "1454586797.000022"
    },
    {
        "user": "U0FQW7HH7",
        "inviter": "U0CTD4Q11",
        "type": "message",
        "subtype": "channel_join",
        "text": "<@U0FQW7HH7|netochka-nezvanova> has joined the channel",
        "ts": "1454586797.000023"
    },
    {
        "user": "U0FS0PUM8",
        "inviter": "U0CTD4Q11",
        "type": "message",
        "subtype": "channel_join",
        "text": "<@U0FS0PUM8|mentalgopher> has joined the channel",
        "ts": "1454586797.000024"
    },
    {
        "user": "U0D0R0D4P",
        "inviter": "U0CTD4Q11",
        "type": "message",
        "subtype": "channel_join",
        "text": "<@U0D0R0D4P|muyyd> has joined the channel",
        "ts": "1454586797.000025"
    },
    {
        "user": "U0HDRKPPH",
        "inviter": "U0CTD4Q11",
        "type": "message",
        "subtype": "channel_join",
        "text": "<@U0HDRKPPH|marcus> has joined the channel",
        "ts": "1454586797.000026"
    },
    {
        "user": "U0H73DGHK",
        "inviter": "U0CTD4Q11",
        "type": "message",
        "subtype": "channel_join",
        "text": "<@U0H73DGHK|avimd> has joined the channel",
        "ts": "1454586797.000027"
    },
    {
        "user": "U0FGM5C5U",
        "inviter": "U0CTD4Q11",
        "type": "message",
        "subtype": "channel_join",
        "text": "<@U0FGM5C5U|mldv> has joined the channel",
        "ts": "1454586797.000028"
    },
    {
        "user": "U0GGJ2E2F",
        "inviter": "U0CTD4Q11",
        "type": "message",
        "subtype": "channel_join",
        "text": "<@U0GGJ2E2F|lotren> has joined the channel",
        "ts": "1454586797.000029"
    },
    {
        "user": "U0HS4D3ST",
        "inviter": "U0CTD4Q11",
        "type": "message",
        "subtype": "channel_join",
        "text": "<@U0HS4D3ST|nat> has joined the channel",
        "ts": "1454586797.000030"
    },
    {
        "user": "U0FGK73HU",
        "inviter": "U0CTD4Q11",
        "type": "message",
        "subtype": "channel_join",
        "text": "<@U0FGK73HU|failobelko> has joined the channel",
        "ts": "1454586797.000031"
    },
    {
        "user": "U0G13ECRH",
        "inviter": "U0CTD4Q11",
        "type": "message",
        "subtype": "channel_join",
        "text": "<@U0G13ECRH|gestalt_zinfandel> has joined the channel",
        "ts": "1454586799.000032"
    },
    {
        "user": "U0G0F43UH",
        "inviter": "U0CTD4Q11",
        "type": "message",
        "subtype": "channel_join",
        "text": "<@U0G0F43UH|pion> has joined the channel",
        "ts": "1454586799.000033"
    },
    {
        "user": "U0FGVEJBW",
        "inviter": "U0CTD4Q11",
        "type": "message",
        "subtype": "channel_join",
        "text": "<@U0FGVEJBW|psfinaki> has joined the channel",
        "ts": "1454586799.000034"
    },
    {
        "user": "U0G8KK4LU",
        "inviter": "U0CTD4Q11",
        "type": "message",
        "subtype": "channel_join",
        "text": "<@U0G8KK4LU|rumata1> has joined the channel",
        "ts": "1454586799.000035"
    },
    {
        "user": "U0GF8KGHZ",
        "inviter": "U0CTD4Q11",
        "type": "message",
        "subtype": "channel_join",
        "text": "<@U0GF8KGHZ|kopok> has joined the channel",
        "ts": "1454586799.000036"
    },
    {
        "user": "U0G8VK9SQ",
        "inviter": "U0CTD4Q11",
        "type": "message",
        "subtype": "channel_join",
        "text": "<@U0G8VK9SQ|whaf> has joined the channel",
        "ts": "1454586799.000037"
    },
    {
        "user": "U0G0GHC84",
        "inviter": "U0CTD4Q11",
        "type": "message",
        "subtype": "channel_join",
        "text": "<@U0G0GHC84|govorkaya> has joined the channel",
        "ts": "1454586799.000038"
    },
    {
        "user": "U0GF55KCN",
        "inviter": "U0CTD4Q11",
        "type": "message",
        "subtype": "channel_join",
        "text": "<@U0GF55KCN|stropa> has joined the channel",
        "ts": "1454586799.000039"
    },
    {
        "user": "U0HLA9XEH",
        "inviter": "U0CTD4Q11",
        "type": "message",
        "subtype": "channel_join",
        "text": "<@U0HLA9XEH|ref> has joined the channel",
        "ts": "1454586799.000040"
    },
    {
        "user": "U0E9QC62F",
        "inviter": "U0CTD4Q11",
        "type": "message",
        "subtype": "channel_join",
        "text": "<@U0E9QC62F|shannar> has joined the channel",
        "ts": "1454586799.000041"
    },
    {
        "user": "U0HDM508J",
        "inviter": "U0CTD4Q11",
        "type": "message",
        "subtype": "channel_join",
        "text": "<@U0HDM508J|rement> has joined the channel",
        "ts": "1454586799.000042"
    },
    {
        "user": "U0KECNYF7",
        "inviter": "U0CTD4Q11",
        "type": "message",
        "subtype": "channel_join",
        "text": "<@U0KECNYF7|relav> has joined the channel",
        "ts": "1454586799.000043"
    },
    {
        "user": "U0DBH3TCH",
        "inviter": "U0CTD4Q11",
        "type": "message",
        "subtype": "channel_join",
        "text": "<@U0DBH3TCH|probably_not> has joined the channel",
        "ts": "1454586799.000044"
    },
    {
        "user": "U0FD5HC1F",
        "inviter": "U0CTD4Q11",
        "type": "message",
        "subtype": "channel_join",
        "text": "<@U0FD5HC1F|quilfe> has joined the channel",
        "ts": "1454586799.000045"
    },
    {
        "user": "U0J1HU8R2",
        "inviter": "U0CTD4Q11",
        "type": "message",
        "subtype": "channel_join",
        "text": "<@U0J1HU8R2|science---14_88---> has joined the channel",
        "ts": "1454586799.000046"
    },
    {
        "user": "U0G6DS4F8",
        "inviter": "U0CTD4Q11",
        "type": "message",
        "subtype": "channel_join",
        "text": "<@U0G6DS4F8|fleytman> has joined the channel",
        "ts": "1454586799.000047"
    },
    {
        "user": "U0G0MCG3A",
        "inviter": "U0CTD4Q11",
        "type": "message",
        "subtype": "channel_join",
        "text": "<@U0G0MCG3A|procy> has joined the channel",
        "ts": "1454586799.000048"
    },
    {
        "user": "U0KB6D9MY",
        "inviter": "U0CTD4Q11",
        "type": "message",
        "subtype": "channel_join",
        "text": "<@U0KB6D9MY|ringo-ring> has joined the channel",
        "ts": "1454586799.000049"
    },
    {
        "user": "U0JD2EUE4",
        "inviter": "U0CTD4Q11",
        "type": "message",
        "subtype": "channel_join",
        "text": "<@U0JD2EUE4|shivelin> has joined the channel",
        "ts": "1454586799.000050"
    },
    {
        "user": "U0L4B5338",
        "inviter": "U0CTD4Q11",
        "type": "message",
        "subtype": "channel_join",
        "text": "<@U0L4B5338|zaikman> has joined the channel",
        "ts": "1454586799.000051"
    },
    {
        "user": "U0HBLAUHF",
        "inviter": "U0CTD4Q11",
        "type": "message",
        "subtype": "channel_join",
        "text": "<@U0HBLAUHF|polnoch> has joined the channel",
        "ts": "1454586799.000052"
    },
    {
        "user": "U0HJ0FS9Z",
        "inviter": "U0CTD4Q11",
        "type": "message",
        "subtype": "channel_join",
        "text": "<@U0HJ0FS9Z|nntb2ar> has joined the channel",
        "ts": "1454586799.000053"
    },
    {
        "user": "U0KA9GQQN",
        "inviter": "U0CTD4Q11",
        "type": "message",
        "subtype": "channel_join",
        "text": "<@U0KA9GQQN|moon> has joined the channel",
        "ts": "1454586799.000054"
    },
    {
        "user": "U0FGDQJ11",
        "inviter": "U0CTD4Q11",
        "type": "message",
        "subtype": "channel_join",
        "text": "<@U0FGDQJ11|scondo> has joined the channel",
        "ts": "1454586799.000055"
    },
    {
        "user": "U0G8DRB40",
        "inviter": "U0CTD4Q11",
        "type": "message",
        "subtype": "channel_join",
        "text": "<@U0G8DRB40|sentient_guillotine> has joined the channel",
        "ts": "1454586799.000056"
    },
    {
        "user": "U0GFTB5TQ",
        "inviter": "U0CTD4Q11",
        "type": "message",
        "subtype": "channel_join",
        "text": "<@U0GFTB5TQ|vicgl> has joined the channel",
        "ts": "1454586799.000057"
    },
    {
        "user": "U0GQ50ESU",
        "inviter": "U0CTD4Q11",
        "type": "message",
        "subtype": "channel_join",
        "text": "<@U0GQ50ESU|schtsch_k> has joined the channel",
        "ts": "1454586799.000058"
    },
    {
        "user": "U0H5M9U64",
        "inviter": "U0CTD4Q11",
        "type": "message",
        "subtype": "channel_join",
        "text": "<@U0H5M9U64|tachkin> has joined the channel",
        "ts": "1454586799.000059"
    },
    {
        "user": "U0GG3LWDN",
        "inviter": "U0CTD4Q11",
        "type": "message",
        "subtype": "channel_join",
        "text": "<@U0GG3LWDN|siarshai> has joined the channel",
        "ts": "1454586799.000060"
    },
    {
        "user": "U0CTPBG5Q",
        "inviter": "U0CTD4Q11",
        "type": "message",
        "subtype": "channel_join",
        "text": "<@U0CTPBG5Q|remlin> has joined the channel",
        "ts": "1454586799.000061"
    },
    {
        "user": "U0D2LNS7Q",
        "inviter": "U0CTD4Q11",
        "type": "message",
        "subtype": "channel_join",
        "text": "<@U0D2LNS7Q|piratteo> has joined the channel",
        "ts": "1454586799.000062"
    },
    {
        "user": "U0FGHNCJJ",
        "inviter": "U0CTD4Q11",
        "type": "message",
        "subtype": "channel_join",
        "text": "<@U0FGHNCJJ|viroviro> has joined the channel",
        "ts": "1454586799.000063"
    },
    {
        "user": "U0GFSE2L9",
        "inviter": "U0CTD4Q11",
        "type": "message",
        "subtype": "channel_join",
        "text": "<@U0GFSE2L9|surmatmg> has joined the channel",
        "ts": "1454586799.000064"
    },
    {
        "user": "U0KL6941J",
        "inviter": "U0CTD4Q11",
        "type": "message",
        "subtype": "channel_join",
        "text": "<@U0KL6941J|pkeeper> has joined the channel",
        "ts": "1454586799.000065"
    },
    {
        "user": "U0G0HM20M",
        "inviter": "U0CTD4Q11",
        "type": "message",
        "subtype": "channel_join",
        "text": "<@U0G0HM20M|harcisis> has joined the channel",
        "ts": "1454586799.000066"
    },
    {
        "user": "U0H2W4Y15",
        "inviter": "U0CTD4Q11",
        "type": "message",
        "subtype": "channel_join",
        "text": "<@U0H2W4Y15|hoverhell> has joined the channel",
        "ts": "1454586799.000067"
    },
    {
        "user": "U0GQ0P1CM",
        "inviter": "U0CTD4Q11",
        "type": "message",
        "subtype": "channel_join",
        "text": "<@U0GQ0P1CM|stanislaw_nik> has joined the channel",
        "ts": "1454586799.000068"
    },
    {
        "user": "U0K6BE3GV",
        "inviter": "U0CTD4Q11",
        "type": "message",
        "subtype": "channel_join",
        "text": "<@U0K6BE3GV|igor_k> has joined the channel",
        "ts": "1454586799.000069"
    },
    {
        "user": "U0G4MA4SU",
        "inviter": "U0CTD4Q11",
        "type": "message",
        "subtype": "channel_join",
        "text": "<@U0G4MA4SU|kiwi0fruit> has joined the channel",
        "ts": "1454586799.000070"
    },
    {
        "user": "U0H1U59BL",
        "inviter": "U0CTD4Q11",
        "type": "message",
        "subtype": "channel_join",
        "text": "<@U0H1U59BL|gitdes> has joined the channel",
        "ts": "1454586799.000071"
    },
    {
        "user": "U0G29MRL3",
        "inviter": "U0CTD4Q11",
        "type": "message",
        "subtype": "channel_join",
        "text": "<@U0G29MRL3|alina1412> has joined the channel",
        "ts": "1454586799.000072"
    },
    {
        "user": "U0G1QD6LB",
        "inviter": "U0CTD4Q11",
        "type": "message",
        "subtype": "channel_join",
        "text": "<@U0G1QD6LB|foer> has joined the channel",
        "ts": "1454586799.000073"
    },
    {
        "user": "U0FGKCY31",
        "inviter": "U0CTD4Q11",
        "type": "message",
        "subtype": "channel_join",
        "text": "<@U0FGKCY31|deep_blue_hexagon> has joined the channel",
        "ts": "1454586799.000074"
    },
    {
        "user": "U0HHCPHPF",
        "inviter": "U0CTD4Q11",
        "type": "message",
        "subtype": "channel_join",
        "text": "<@U0HHCPHPF|anomianne> has joined the channel",
        "ts": "1454586799.000075"
    },
    {
        "user": "U0HCD0D0F",
        "inviter": "U0CTD4Q11",
        "type": "message",
        "subtype": "channel_join",
        "text": "<@U0HCD0D0F|hiteen> has joined the channel",
        "ts": "1454586799.000076"
    },
    {
        "user": "U0KE33M0C",
        "inviter": "U0CTD4Q11",
        "type": "message",
        "subtype": "channel_join",
        "text": "<@U0KE33M0C|no_login_found> has joined the channel",
        "ts": "1454586799.000077"
    },
    {
        "user": "U0CTGJMR9",
        "inviter": "U0CTD4Q11",
        "type": "message",
        "subtype": "channel_join",
        "text": "<@U0CTGJMR9|fil0sof> has joined the channel",
        "ts": "1454586799.000078"
    },
    {
        "user": "U0G00FWH2",
        "inviter": "U0CTD4Q11",
        "type": "message",
        "subtype": "channel_join",
        "text": "<@U0G00FWH2|random> has joined the channel",
        "ts": "1454586799.000079"
    },
    {
        "user": "U0FHK0P8S",
        "inviter": "U0CTD4Q11",
        "type": "message",
        "subtype": "channel_join",
        "text": "<@U0FHK0P8S|littleblueduck> has joined the channel",
        "ts": "1454586799.000080"
    },
    {
        "user": "U0F6P8JAG",
        "inviter": "U0CTD4Q11",
        "type": "message",
        "subtype": "channel_join",
        "text": "<@U0F6P8JAG|berekuk> has joined the channel",
        "ts": "1454586799.000081"
    },
    {
        "user": "U0H8DSUJV",
        "inviter": "U0CTD4Q11",
        "type": "message",
        "subtype": "channel_join",
        "text": "<@U0H8DSUJV|dmkr> has joined the channel",
        "ts": "1454586799.000082"
    },
    {
        "user": "U0CTLJHHD",
        "inviter": "U0CTD4Q11",
        "type": "message",
        "subtype": "channel_join",
        "text": "<@U0CTLJHHD|kroid> has joined the channel",
        "ts": "1454586799.000083"
    },
    {
        "user": "U0G0HK1RB",
        "inviter": "U0CTD4Q11",
        "type": "message",
        "subtype": "channel_join",
        "text": "<@U0G0HK1RB|levonick> has joined the channel",
        "ts": "1454586799.000084"
    },
    {
        "user": "U0GGCFBCH",
        "inviter": "U0CTD4Q11",
        "type": "message",
        "subtype": "channel_join",
        "text": "<@U0GGCFBCH|lexszero> has joined the channel",
        "ts": "1454586799.000085"
    },
    {
        "user": "U0G4XGZ6W",
        "inviter": "U0CTD4Q11",
        "type": "message",
        "subtype": "channel_join",
        "text": "<@U0G4XGZ6W|isaacmech> has joined the channel",
        "ts": "1454586799.000086"
    },
    {
        "user": "U0G0WP0G4",
        "inviter": "U0CTD4Q11",
        "type": "message",
        "subtype": "channel_join",
        "text": "<@U0G0WP0G4|ruvk> has joined the channel",
        "ts": "1454586799.000087"
    },
    {
        "user": "U0FUACM8B",
        "inviter": "U0CTD4Q11",
        "type": "message",
        "subtype": "channel_join",
        "text": "<@U0FUACM8B|lopar> has joined the channel",
        "ts": "1454586799.000088"
    },
    {
        "user": "U0G189CMD",
        "inviter": "U0CTD4Q11",
        "type": "message",
        "subtype": "channel_join",
        "text": "<@U0G189CMD|ivish> has joined the channel",
        "ts": "1454586799.000089"
    },
    {
        "user": "U0FC3QAA2",
        "inviter": "U0CTD4Q11",
        "type": "message",
        "subtype": "channel_join",
        "text": "<@U0FC3QAA2|blacklacost> has joined the channel",
        "ts": "1454586799.000090"
    },
    {
        "user": "U0HR600AG",
        "inviter": "U0CTD4Q11",
        "type": "message",
        "subtype": "channel_join",
        "text": "<@U0HR600AG|yakhinvadim> has joined the channel",
        "ts": "1454586799.000091"
    },
    {
        "user": "U0G0E05CK",
        "inviter": "U0CTD4Q11",
        "type": "message",
        "subtype": "channel_join",
        "text": "<@U0G0E05CK|leonid> has joined the channel",
        "ts": "1454586799.000092"
    },
    {
        "user": "U0J365B6U",
        "inviter": "U0CTD4Q11",
        "type": "message",
        "subtype": "channel_join",
        "text": "<@U0J365B6U|letti> has joined the channel",
        "ts": "1454586799.000093"
    },
    {
        "type": "message",
        "user": "U0CTD4Q11",
        "text": "\u041a\u0430\u043a \u0434\u0443\u043c\u0430\u0435\u0442\u0435, \u0441\u0442\u043e\u0438\u0442 \u043b\u0438 \u043e\u0431\u0441\u0443\u0436\u0434\u0430\u0442\u044c \u0441\u0432\u044f\u0437\u0430\u043d\u043d\u044b\u0435 \u0441 \u043a\u043d\u0438\u0433\u0430\u043c\u0438 \u0442\u0435\u043c\u044b \u0432 <#C0G5L1EP4|reading> \u0438\u043b\u0438 \u0433\u0434\u0435-\u0442\u043e \u0435\u0449\u0435?",
        "ts": "1454586915.000094"
    },
    {
        "type": "message",
        "user": "U0HJ93C3B",
        "text": "<@U0CTD4Q11>: \u0430 \u043a\u0430\u043a\u0438\u0435, \u043d\u0430\u043f\u0440\u0438\u043c\u0435\u0440, \u0442\u0435\u043c\u044b?",
        "ts": "1454587111.000095"
    },
    {
        "type": "message",
        "user": "U0CTD4Q11",
        "text": "\u041d\u0443, \u043d\u0430\u043f\u0440\u0438\u043c\u0435\u0440 \u043f\u0440\u043e \u0441\u043f\u043e\u0440 \u0441 \u0438\u0434\u0435\u0430\u043b\u044c\u043d\u044b\u043c \u0440\u0430\u0446\u0438\u043e\u043d\u0430\u043b\u044c\u043d\u044b\u043c \u0430\u0433\u0435\u043d\u0442\u043e\u043c \u0438 \u043f\u0440\u0438\u043c\u0435\u0440\u043e\u043c \u0441\u043f\u043e\u0440\u0430 \u0438\u0437 three bodies at Mitani. \u0418\u043b\u0438 \u043f\u0440\u043e \u043e\u0441\u043d\u043e\u0432\u043d\u0443\u044e \u0437\u0430\u0434\u0430\u0447\u0443 \u044d\u043a\u0438\u043f\u0430\u0436\u0430 \u0438\u0437 \u044d\u0442\u043e\u0433\u043e \u0436\u0435 \u0440\u0430\u0441\u0441\u043a\u0430\u0437\u0430 (\u0432\u044b\u0440\u0435\u0437\u0430\u0442\u044c \u0442\u0435 \u043a\u043e\u043b\u043e\u043d\u0438\u0438 \u043b\u044e\u0434\u0435\u0439, \u043a\u043e\u0442\u043e\u0440\u044b\u0435 \u043c\u043e\u0433\u0443\u0442 \u0443\u0441\u0442\u0440\u043e\u0438\u0442\u044c \u044d\u043a\u0441\u043f\u0430\u043d\u0441\u0438\u044e \u043d\u0430 \u0432\u0435\u0441\u044c \u043c\u043b\u0435\u0447\u043d\u044b\u0439 \u043f\u0443\u0442\u044c). \u042d\u0442\u043e \u0431\u043b\u0438\u0437\u043a\u043e \u043a <#C0E2XC7B5|rationality>, \u043d\u043e \u0432\u0441\u0435-\u0442\u0430\u043a\u0438 \u043d\u0435\u043c\u043d\u043e\u0433\u043e \u0444\u043b\u0443\u0434\u043b\u0438\u0432\u043e",
        "ts": "1454587442.000096"
    },
    {
        "type": "message",
        "user": "U0CTD4Q11",
        "text": "\u042f \u0431\u044b \u043e\u0431\u0441\u0443\u0436\u0434\u0430\u043b \u044d\u0442\u043e \u0432 \u0447\u0438\u0442\u0430\u043b\u043a\u0435, \u043d\u043e \u0442\u043e\u0433\u0434\u0430 \u043f\u043e\u043b\u0435\u0437\u043d\u044b\u0435 \u0441\u0441\u044b\u043b\u043a\u0438 \u043e\u0442\u0442\u0443\u0434\u0430 \u0431\u044b\u0441\u0442\u0440\u043e \u0431\u0443\u0434\u0443\u0442 \u0443\u0445\u043e\u0434\u0438\u0442\u044c \u0432 \u043d\u0435\u0431\u044b\u0442\u0438\u0435",
        "ts": "1454587549.000097"
    },
    {
        "type": "message",
        "user": "U0CTD4Q11",
        "text": "\u0421 \u0434\u0440\u0443\u0433\u043e\u0439 \u0441\u0442\u043e\u0440\u043e\u043d\u044b, <#C0E2XC7B5|rationality> \u043d\u0435 \u0432\u044b\u0433\u043b\u044f\u0434\u0438\u0442 \u0441\u0438\u043b\u044c\u043d\u043e \u0437\u0430\u0433\u0440\u0443\u0436\u0435\u043d\u043d\u044b\u043c. \u041c\u043e\u0436\u043d\u043e \u0438 \u0442\u0430\u043c",
        "ts": "1454587589.000098"
    },
    {
        "type": "message",
        "user": "U0D0R0D4P",
        "text": "\u042d\u0442\u043e \u043a\u0430\u043d\u0430\u043b \u043f\u0440\u0435\u0434\u043d\u0430\u0437\u043d\u0430\u0447\u0435\u043d\u043d\u044b\u0439 \u0434\u043b\u044f \u043e\u0431\u0441\u0443\u0436\u0434\u0435\u043d\u0438\u044f \u0442\u043e\u0433\u043e \u0447\u0442\u043e \u0441\u0442\u043e\u0438\u0442 \u043e\u0431\u0441\u0443\u0436\u0434\u0430\u0442\u044c \u0432 \u0434\u0440\u0443\u0433\u0438\u0445 \u043a\u0430\u043d\u0430\u043b\u0430\u0445?",
        "ts": "1454587715.000099"
    },
    {
        "type": "message",
        "user": "U0CTGJMR9",
        "text": "\u0427\u0442\u043e\u0431\u044b \u043f\u043e\u043d\u044f\u0442\u044c \u0440\u0435\u043a\u0443\u0440\u0441\u0438\u044e...",
        "ts": "1454587725.000100"
    },
    {
        "type": "message",
        "user": "U0CTD4Q11",
        "text": "\u0412 \u0442\u043e\u043c \u0447\u0438\u0441\u043b\u0435, \u0432\u0435\u0440\u043d\u043e",
        "ts": "1454587764.000101"
    },
    {
        "type": "message",
        "user": "U0KE33M0C",
        "text": "\u0440\u0430\u0437\u0432\u0435 \u043b\u0438\u043c\u0438\u0442 10\u043a \u043d\u0435 \u043e\u0431\u0449\u0438\u0439 \u0434\u043b\u044f \u0432\u0441\u0435\u0445 \u043a\u0430\u043d\u0430\u043b\u043e\u0432?",
        "ts": "1454587896.000102"
    },
    {
        "type": "message",
        "user": "U0CTD4Q11",
        "text": "\u042f \u0441\u043a\u043e\u0440\u0435\u0435 \u0433\u043e\u0432\u043e\u0440\u044e \u043f\u0440\u043e \u0443\u0434\u043e\u0431\u043d\u0443\u044e \u043e\u0440\u0433\u0430\u043d\u0438\u0437\u0430\u0446\u0438\u044e \u0438\u043d\u0444\u043e\u0440\u043c\u0430\u0446\u0438\u0438. \u041c\u043e\u0436\u0435\u0442 \u0431\u044b\u0442\u044c, \u0438\u0441\u0442\u043e\u0440\u0438\u044f \u0441 \u0441\u0441\u044b\u043b\u043a\u0430\u043c\u0438 \u0438 \u0431\u0443\u0434\u0435\u0442 \u0434\u043e\u0441\u0442\u0443\u043f\u043d\u0430, \u043d\u043e \u0431\u0443\u0434\u0435\u0442 \u0443\u0434\u043e\u0431\u043d\u0435\u0435, \u0435\u0441\u043b\u0438 \u0438\u0445 \u043d\u0435 \u043f\u0440\u0438\u0434\u0435\u0442\u0441\u044f \u0432\u044b\u0446\u0435\u043f\u043b\u044f\u0442\u044c \u0438\u0437 \u0431\u0435\u0441\u043a\u043e\u043d\u0435\u0447\u043d\u044b\u0445 \u043e\u0431\u0441\u0443\u0436\u0434\u0435\u043d\u0438\u0439",
        "ts": "1454588008.000103"
    },
    {
        "type": "message",
        "user": "U0CTD4Q11",
        "text": "\u041d\u043e \u043c\u043e\u0436\u0435\u0442 \u0431\u044b\u0442\u044c \u0432\u044b \u0441\u0447\u0438\u0442\u0430\u0435\u0442\u0435 \u0438\u043d\u0430\u0447\u0435",
        "ts": "1454588022.000104"
    },
    {
        "type": "message",
        "user": "U0D0R0D4P",
        "text": "\u041c\u041e\u0436\u0435\u0442 \u0432\u0432\u0435\u0441\u0442\u0438 \u0431\u043e\u043b\u0435\u0435 \u0441\u0442\u0440\u043e\u0433\u0438\u0439 \u0440\u0435\u0433\u043b\u0430\u043c\u0435\u043d\u0442 \u0434\u043b\u044f \u043a\u0430\u043d\u0430\u043b\u043e\u0432. \u041d\u0430\u043f\u0440\u0438\u043c\u0435\u0440, \u0432 <#C0G5L1EP4> \u0442\u043e\u043b\u044c\u043a\u043e \u043d\u0430\u0437\u0432\u0430\u043d\u0438\u044f (\u0441\u0441\u044b\u043b\u043a\u0438) \u0438 \u0440\u0435\u043a\u043e\u043c\u0435\u043d\u0434\u0430\u0446\u0438\u044f, \u043e\u0431\u0441\u0443\u0436\u0434\u0435\u043d\u0438\u044f \u0436\u0435 \u043a\u043d\u0438\u0433\u0438 \u0438 \u043b\u044e\u0431\u044b\u0445 \u0434\u0440\u0443\u0433\u0438\u0445 \u043c\u044b\u0441\u043b\u0435\u0439 \u0432 \u0434\u0440\u0443\u0433\u0438\u0445 \u043a\u0430\u043d\u0430\u043b\u0430\u0445.",
        "ts": "1454588055.000105",
        "reactions": [
            {
                "name": "-1",
                "users": [
                    "U0G0KMGKH",
                    "U0G00FWH2",
                    "U0GQ50ESU"
                ],
                "count": 3
            }
        ]
    },
    {
        "type": "message",
        "user": "U0L4B5338",
        "text": "\u0415\u0441\u0442\u044c \u0440\u0438\u0441\u043a, \u0447\u0442\u043e \u043d\u0438\u0447\u0435\u0433\u043e \u043d\u0435 \u0438\u0437\u043c\u0435\u043d\u0438\u0442\u0441\u044f, \u0432 \u043e\u0434\u0438\u043d \u0438\u0437 \u043a\u0430\u043d\u0430\u043b\u043e\u0432 \u0441 \u0431\u043e\u043b\u0435\u0435 \u0443\u0434\u043e\u0431\u043d\u044b\u043c\u0438 \u043f\u0440\u0430\u0432\u0438\u043b\u0430\u043c\u0438 \u0431\u0443\u0434\u0443\u0442 \u043f\u043e\u0441\u0442\u0438\u0442\u044c, \u0434\u0440\u0443\u0433\u043e\u0439 \u0431\u0443\u0434\u0435\u0442 \u0441\u0442\u043e\u044f\u0442\u044c \u043c\u0435\u0440\u0442\u0432\u044b\u043c.",
        "ts": "1454588355.000106"
    },
    {
        "type": "message",
        "user": "U0D0R0D4P",
        "text": "<@U0G0KMGKH>: <@U0G00FWH2> \u0432\u044b \u043f\u0440\u043e\u0442\u0438\u0432 \u0441\u043e\u0437\u0434\u0430\u043d\u0438\u044f \u0443\u0441\u043b\u043e\u0432\u0438\u0439 \u0432 \u043a\u043e\u0442\u043e\u0440\u044b\u0445 \n&gt;\u0431\u0443\u0434\u0435\u0442 \u0443\u0434\u043e\u0431\u043d\u0435\u0435, \u0435\u0441\u043b\u0438 \u0438\u0445 \u043d\u0435 \u043f\u0440\u0438\u0434\u0435\u0442\u0441\u044f \u0432\u044b\u0446\u0435\u043f\u043b\u044f\u0442\u044c \u0438\u0437 \u0431\u0435\u0441\u043a\u043e\u043d\u0435\u0447\u043d\u044b\u0445 \u043e\u0431\u0441\u0443\u0436\u0434\u0435\u043d\u0438\u0439",
        "ts": "1454589547.000107",
        "reactions": [
            {
                "name": "question",
                "users": [
                    "U0D0R0D4P"
                ],
                "count": 1
            }
        ]
    },
    {
        "type": "message",
        "user": "U0G00FWH2",
        "text": "\u044f \u0441\u0447\u0438\u0442\u0430\u044e \u0447\u0442\u043e \u0447\u0430\u0442\u0438\u043a \u043e\u043d \u0447\u0442\u043e\u0431\u044b \u043b\u044e\u0434\u0438 \u0447\u0430\u0442\u0438\u043b\u0438\u0441\u044c. \u043b\u044e\u0431\u043e\u0435 \u043e\u0433\u0440\u0430\u043d\u0438\u0447\u0435\u043d\u0438\u0435 \u0443\u043c\u0435\u043d\u044c\u0448\u0430\u0435\u0442 \u043a\u043e\u043b\u0438\u0447\u0435\u0441\u0442\u0432\u043e \u0447\u0430\u0442\u0435\u043d\u044c\u044f) \u043f\u043e\u044d\u0442\u043e\u043c\u0443 \u0438\u0445 \u043d\u0443\u0436\u043d\u043e \u0432\u0432\u043e\u0434\u0438\u0442\u044c \u0442\u043e\u043b\u044c\u043a\u043e \u0432 \u043a\u0440\u0430\u0439\u043d\u0435 \u0440\u0435\u0434\u043a\u0438\u0445 \u0441\u043b\u0443\u0447\u0430\u044f\u0445 \u043f\u0440\u0438 \u043d\u0430\u043b\u0438\u0447\u0438\u0438 \u0441\u0435\u0440\u044c\u0435\u0437\u043d\u043e\u0439 \u043d\u0435\u043e\u0431\u0445\u043e\u0434\u0438\u043c\u043e\u0441\u0442\u0438",
        "ts": "1454589878.000108"
    },
    {
        "type": "message",
        "user": "U0CTD4Q11",
        "text": "<@U0D0R0D4P>: \u044f \u043f\u043e\u0434\u0443\u043c\u0430\u043b, \u0447\u0442\u043e \u0447\u0430\u0442 - \u044d\u0442\u043e \u0434\u043b\u044f \u043e\u0431\u0449\u0435\u043d\u0438\u044f, \u0430 \u0441\u043f\u0438\u0441\u043e\u043a \u043b\u0438\u0442\u0435\u0440\u0430\u0442\u0443\u0440\u044b \u043c\u043e\u0436\u043d\u043e \u0438 \u0432 \u0445\u0430\u043a-\u043f\u0430\u0434 \u043f\u043e\u0432\u0435\u0441\u0438\u0442\u044c",
        "ts": "1454590043.000109"
    },
    {
        "type": "message",
        "user": "U0CTD4Q11",
        "text": "\u041d\u043e \u043e\u0434\u043d\u043e \u0434\u0435\u043b\u043e \u0434\u043b\u0438\u043d\u043d\u044b\u0435 \u043e\u0431\u0449\u0435\u043d\u0438\u044f, \u0434\u0440\u0443\u0433\u043e\u0435 \u0434\u0435\u043b\u043e \u043f\u0435\u0440\u0435\u043a\u0438\u043d\u0443\u0442\u044c\u0441\u044f \u043f\u0430\u0440\u043e\u0439 \u0444\u0440\u0430\u0437",
        "ts": "1454590068.000110"
    },
    {
        "type": "message",
        "user": "U0CTD4Q11",
        "text": "\u0438 \u043f\u043e\u0442\u043e\u043c \u043f\u0435\u0440\u0435\u0439\u0442\u0438 \u043a\u0443\u0434\u0430-\u0442\u043e",
        "ts": "1454590072.000111"
    },
    {
        "type": "message",
        "user": "U0D0R0D4P",
        "text": "\u0422\u043e\u0433\u0434\u0430 \u043e \u0447\u0435\u043c \u044d\u0442\u043e?\n&gt;\u041c\u043e\u0436\u0435\u0442 \u0431\u044b\u0442\u044c, \u0438\u0441\u0442\u043e\u0440\u0438\u044f \u0441 \u0441\u0441\u044b\u043b\u043a\u0430\u043c\u0438 \u0438 \u0431\u0443\u0434\u0435\u0442 \u0434\u043e\u0441\u0442\u0443\u043f\u043d\u0430, \u043d\u043e \u0431\u0443\u0434\u0435\u0442 \u0443\u0434\u043e\u0431\u043d\u0435\u0435, \u0435\u0441\u043b\u0438 \u0438\u0445 \u043d\u0435 \u043f\u0440\u0438\u0434\u0435\u0442\u0441\u044f \u0432\u044b\u0446\u0435\u043f\u043b\u044f\u0442\u044c \u0438\u0437 \u0431\u0435\u0441\u043a\u043e\u043d\u0435\u0447\u043d\u044b\u0445 \u043e\u0431\u0441\u0443\u0436\u0434\u0435\u043d\u0438\u0439",
        "ts": "1454590078.000112"
    },
    {
        "type": "message",
        "user": "U0CTD4Q11",
        "text": "\u042d\u0442\u043e \u043e \u0442\u043e\u043c, \u043a\u0430\u043a \u043c\u044b \u0445\u043e\u0442\u0438\u043c \u0432\u0438\u0434\u0435\u0442\u044c <#C0G5L1EP4>: \u043a\u0430\u043a \u043a\u0430\u043d\u0430\u043b \u0434\u043b\u044f \u043e\u0431\u0449\u0435\u043d\u0438\u044f \u043f\u0440\u043e \u043a\u043d\u0438\u0433\u0438, \u0438\u043b\u0438 \u043a\u0430\u043a \u043a\u0430\u043d\u0430\u043b \u0441 \u0438\u043d\u0442\u0435\u0440\u0435\u0441\u043d\u044b\u043c \u043d\u0430\u0431\u043e\u0440\u043e\u043c \u0441\u043e\u0432\u0435\u0442\u043e\u0432 \u043f\u043e \u043a\u043d\u0438\u0433\u0430\u043c \u0438 \u043a\u0430\u043d\u0430\u043b, \u0433\u0434\u0435 \u043c\u043e\u0436\u043d\u043e \u0441\u043f\u0440\u043e\u0441\u0438\u0442\u044c \u043a\u043d\u0438\u0436\u043a\u0443 \u0438\u043b\u0438 \u0441\u0442\u0430\u0442\u044c\u044e \u043d\u0430 \u0442\u0435\u043c\u0443.",
        "ts": "1454590150.000113"
    },
    {
        "type": "message",
        "user": "U0CTD4Q11",
        "text": "\u0421\u0435\u0439\u0447\u0430\u0441 \u0432\u043e\u0442 \u0432 \u0440\u0438\u0434\u0438\u043d\u0433\u0435 \u0432\u0438\u0441\u044f\u0442 \u043d\u0435\u0441\u043a\u043e\u043b\u044c\u043a\u043e \u0441\u0441\u044b\u043b\u043e\u043a \u0438\u043d\u0442\u0435\u0440\u0435\u0441\u043d\u044b\u0445 \u043f\u0440\u043e \u0441\u0442\u0430\u0442\u044c\u0438 \u043e\u0442 \u0421\u0410. \u0415\u0441\u043b\u0438 \u043d\u0430\u0447\u0430\u0442\u044c \u043e\u0431\u0441\u0443\u0436\u0434\u0435\u043d\u0438\u0435 \u043c\u0438\u0442\u0430\u043d\u0438, \u044d\u0442\u0438 \u0441\u0441\u044b\u043b\u043a\u0438 \u0441\u043a\u043e\u0440\u0435\u0435 \u0432\u0441\u0435\u0433\u043e \u043f\u043e\u0447\u0442\u0438 \u043d\u0438\u043a\u0442\u043e \u043d\u0435 \u0443\u0432\u0438\u0434\u0438\u0442",
        "ts": "1454590208.000114"
    },
    {
        "type": "message",
        "user": "U0CTD4Q11",
        "text": "\u041c\u0435\u043d\u044f \u044d\u0442\u043e \u043f\u043e\u0431\u0435\u0441\u043f\u043e\u043a\u043e\u0438\u043b\u043e, \u0438 \u044f \u0440\u0435\u0448\u0438\u043b \u0441\u043f\u0440\u043e\u0441\u0438\u0442\u044c \u0441\u043e\u0432\u0435\u0442\u0430",
        "ts": "1454590219.000115"
    },
    {
        "type": "message",
        "user": "U0K328DNC",
        "text": "\u0423 \u043d\u0430\u0441 \u0435\u0441\u0442\u044c \u0441\u043f\u0438\u0441\u043e\u043a \u043a\u043d\u0438\u0433 \u0432 hackpad \u043a\u0441\u0442\u0430\u0442\u0438",
        "ts": "1454590335.000116"
    },
    {
        "type": "message",
        "user": "U0D0R0D4P",
        "text": "\u041a\u043e\u043c\u043c\u0435\u043d\u0442\u044b \u0443\u043f\u043e\u043b\u0437\u0430\u044e\u0442 \u0432\u0432\u0435\u0440\u0445, \u0430 \u043f\u043e\u0437\u0436\u0435 \u0438 \u0432\u043e\u0432\u0441\u0435 \u0442\u0435\u0440\u044f\u044e\u0442\u0441\u044f. \u0415\u0434\u0438\u043d\u0441\u0442\u0432\u0435\u043d\u043d\u044b\u0439 \u0441\u043f\u043e\u0441\u043e\u0431 - \u043e\u0442\u0434\u0435\u043b\u044c\u043d\u043e\u0435 \u043c\u0435\u0441\u0442\u043e \u0441\u043f\u0435\u0446\u0438\u0430\u043b\u044c\u043d\u043e \u0434\u043b\u044f \u0441\u0441\u044b\u043b\u043e\u043a. \u0414\u0440\u0443\u0433\u043e\u0439 \u043a\u0430\u043d\u0430\u043b \u0438\u043b\u0438 \u0445\u0430\u043a\u043f\u0430\u0434.",
        "ts": "1454590391.000117"
    },
    {
        "type": "message",
        "user": "U0CTD4Q11",
        "text": "<@U0D0R0D4P>: \u0431\u0438\u043d\u0430\u0440\u043d\u043e, \u0441\u043e\u0433\u043b\u0430\u0441\u0435\u043d. \u0415\u0441\u043b\u0438 \u043d\u0443\u0436\u0435\u043d \u0441\u043f\u0438\u0441\u043e\u043a, \u0434\u043e\u043b\u0436\u0435\u043d \u0431\u044b\u0442\u044c \u0441\u043f\u0438\u0441\u043e\u043a \u0438 \u043d\u0430\u0431\u043e\u0440 \u043f\u0440\u0430\u0432\u0438\u043b.",
        "ts": "1454590655.000118"
    },
    {
        "type": "message",
        "user": "U0CTD4Q11",
        "text": "\u0410 \u0435\u0441\u043b\u0438 \u043f\u044b\u0442\u0430\u0442\u044c\u0441\u044f \u0440\u0435\u0448\u0438\u0442\u044c \u0447\u0430\u0441\u0442\u044c \u043e\u0434\u043d\u043e\u0439 \u0437\u0430\u0434\u0430\u0447\u0438 \u0438 \u0447\u0430\u0441\u0442\u044c \u0434\u0440\u0443\u0433\u043e\u0439, \u0442\u043e \u043c\u043e\u0436\u043d\u043e \u043e\u0433\u0440\u0430\u043d\u0438\u0447\u0438\u0442\u044c \u043a\u0430\u043d\u0430\u043b \u043d\u0435\u0441\u0438\u043b\u044c\u043d\u043e, \u043f\u043e\u043f\u0440\u043e\u0441\u0438\u0432 \u043d\u0435 \u0440\u0430\u0441\u0442\u0435\u043a\u0430\u0442\u044c\u0441\u044f \u043c\u044b\u0441\u043b\u044c\u044e \u043f\u043e \u0434\u0440\u0435\u0432\u0443 \u0432 \u0441\u043f\u0438\u0441\u043e\u0447\u043d\u043e\u043c \u043a\u0430\u043d\u0430\u043b\u0435",
        "ts": "1454590693.000119"
    },
    {
        "type": "message",
        "user": "U0CTD4Q11",
        "text": "\u043d\u043e \u0438 \u043d\u0435 \u0437\u0430\u043f\u0440\u0435\u0449\u0430\u0442\u044c",
        "ts": "1454590699.000120"
    },
    {
        "type": "message",
        "user": "U0CTD4Q11",
        "text": "\u0438\u0431\u043e \u0447\u0430\u0442\u0438\u043a, \u0438 \u0441\u044e\u0434\u0430 \u043b\u044e\u0434\u0438 \u0445\u043e\u0434\u044f\u0442 \u043f\u043e\u043b\u0435\u0437\u043d\u043e \u043e\u0431\u0449\u0430\u0442\u044c\u0441\u044f",
        "ts": "1454590712.000121"
    },
    {
        "type": "message",
        "user": "U0CTD4Q11",
        "text": "\u0430 \u043c\u043e\u0436\u043d\u043e \u0432\u043e\u043e\u0431\u0449\u0435 \u043d\u0435 \u043e\u0433\u0440\u0430\u043d\u0438\u0447\u0438\u0432\u0430\u0442\u044c, \u0438 \u043f\u0443\u0441\u0442\u044c \u043b\u044e\u0434\u0438 \u0441\u0430\u043c\u0438 \u0437\u0430\u0431\u043e\u0442\u044f\u0442\u0441\u044f \u043e \u0441\u0432\u043e\u0435\u0439 \u043e\u0441\u0432\u0435\u0434\u043e\u043c\u043b\u0435\u043d\u043d\u043e\u0441\u0442\u0438 (\u0435\u0441\u0442\u044c \u0445\u0430\u043a\u043f\u0430\u0434, \u0435\u0441\u0442\u044c \u0438\u0441\u0442\u043e\u0440\u0438\u044f - \u043a\u0440\u0443\u0442\u0438 - \u043d\u0435 \u0445\u043e\u0447\u0443)",
        "ts": "1454590768.000122"
    },
    {
        "type": "message",
        "user": "U0CTD4Q11",
        "text": "\u044f, \u043a\u0441\u0442\u0430\u0442\u0438, \u043f\u043e\u0434\u0443\u043c\u044b\u0432\u0430\u044e \u043e\u0431 \u0430\u0432\u0442\u043e\u043c\u0430\u0442\u0438\u0447\u0435\u0441\u043a\u043e\u043c \u0434\u0430\u0439\u0434\u0436\u0435\u0441\u0442\u0435 \u0434\u043b\u044f \u043d\u0435\u043a\u043e\u0442\u043e\u0440\u044b\u0445 \u043a\u0430\u043d\u0430\u043b\u043e\u0432 (\u0447\u0442\u043e\u0431\u044b \u043c\u043e\u0436\u043d\u043e \u0431\u044b\u043b\u043e \u043f\u043e\u0434\u043f\u0438\u0441\u0430\u0442\u044c\u0441\u044f \u043d\u0430 \u043c\u044b\u043b\u043e). \u042f \u0442\u0430\u043a closed circles \u0443\u0436\u0435 \u043d\u0435\u0441\u043a\u043e\u043b\u044c\u043a\u043e \u043b\u0435\u0442 \u0447\u0438\u0442\u0430\u044e",
        "ts": "1454590844.000123",
        "reactions": [
            {
                "name": "+1",
                "users": [
                    "U0D0R0D4P"
                ],
                "count": 1
            }
        ]
    },
    {
        "type": "message",
        "user": "U0G0KMGKH",
        "text": "<@U0D0R0D4P>: \u043f\u043e\u0434\u0430\u0432\u043b\u044f\u044e\u0449\u0435\u0435 \u0431\u043e\u043b\u044c\u0448\u0438\u043d\u0441\u0442\u0432\u043e \u0440\u0430\u0437\u0434\u0435\u043b\u0435\u043d\u0438\u0439 \u0434\u043e\u0441\u043e\u043a\/\u0447\u0430\u0442\u0438\u043a\u043e\u0432\/\u043f\u043e\u0434\u043e\u0431\u043d\u043e\u0433\u043e \u043d\u0430 \u043f\u043e\u0434\u0447\u0430\u0442\u0438\u043a\u0438 \u0441\u043e \u0441\u0442\u0440\u043e\u0433\u043e \u0437\u0430\u0434\u0430\u043d\u043d\u044b\u043c\u0438 \u0442\u0435\u043c\u0430\u043c\u0438, \u043a\u043e\u0442\u043e\u0440\u044b\u0435 \u044f \u0432\u0438\u0434\u0435\u043b, \u043d\u0430 \u043c\u043e\u0439 \u0432\u0437\u0433\u043b\u044f\u0434 \u0443\u0445\u0443\u0434\u0448\u0430\u043b\u0438 \u0441\u0438\u0442\u0443\u0430\u0446\u0438\u044e.",
        "ts": "1454592698.000124"
    },
    {
        "type": "message",
        "user": "U0G0KMGKH",
        "text": "\u0418 \u044f \u0445\u043e\u0447\u0443 \u0432\u0438\u0434\u0435\u0442\u044c \u0440\u0435\u043a\u043e\u043c\u0435\u043d\u0434\u0430\u0446\u0438\u0438 \u043a\u043d\u0438\u0433 \u0441 \u043e\u0431\u0441\u0443\u0436\u0434\u0435\u043d\u0438\u0435\u043c \u043a\u043d\u0438\u0433 \u0438 \u044d\u0442\u0438\u0445 \u0440\u0435\u043a\u043e\u043c\u0435\u043d\u0434\u0430\u0446\u0438\u0439 \u0432 \u043e\u0434\u043d\u043e\u043c \u043c\u0435\u0441\u0442\u0435.",
        "ts": "1454592723.000125"
    },
    {
        "type": "message",
        "user": "U0G0JFJTA",
        "text": "\u042f \u0441\u043e\u0433\u043b\u0430\u0448\u0443\u0441\u044c \u0441 \u0442\u0435\u043c, \u0447\u0442\u043e \u043e\u0441\u043e\u0431\u043e \u0446\u0435\u043d\u043d\u044b\u0435 \u0441\u0441\u044b\u043b\u043a\u0438 \u0436\u0435\u043b\u0430\u044e\u0449\u0438\u0435 \u043c\u043e\u0433\u0443\u0442 \u0441\u043e\u0445\u0440\u0430\u043d\u0438\u0442\u044c \u0438 \u0432 \u0434\u0440\u0443\u0433\u043e\u043c \u043c\u0435\u0441\u0442\u0435. \u041e\u043f\u044f\u0442\u044c \u0436\u0435, \u0435\u0441\u043b\u0438 \u0437\u043d\u0430\u0442\u044c, \u0447\u0442\u043e \u0438\u0441\u043a\u0430\u0442\u044c \u0438 \u0447\u0442\u043e \u0438\u0441\u043a\u043e\u043c\u043e\u0435 \u0441\u0443\u0449\u0435\u0441\u0442\u0432\u0443\u0435\u0442, \u043c\u043e\u0436\u043d\u043e \u043d\u0430\u0439\u0442\u0438 \u0438 \u0432 \u0433\u0443\u0433\u043b\u0435. \u041d\u0435 \u0443\u0432\u0435\u0440\u0435\u043d, \u0447\u0442\u043e \u044d\u0442\u043e \u0433\u043e\u0440\u0430\u0437\u0434\u043e \u0441\u043b\u043e\u0436\u043d\u0435\u0435, \u0447\u0435\u043c \u043f\u043e\u0438\u0441\u043a\u043e\u043c \u043f\u043e \u0447\u0430\u0442\u0443.",
        "ts": "1454616540.000126"
    }
]