[
    {
        "user": "U2TTF564T",
        "text": "<@U2TTF564T|aleshru> has joined the channel",
        "type": "message",
        "subtype": "channel_join",
        "ts": "1477409699.000450"
    },
    {
        "type": "message",
        "user": "U0G8VK9SQ",
        "text": "\u041f\u043e\u0447\u0435\u043c\u0443 \u0443 \u043d\u0430\u0441 \u043d\u0435\u0442 real_life_advice?",
        "attachments": [
            {
                "fallback": "[October 24th, 2016 2:45 AM] neongreen: <@U2SUDR9S7> \u0442\u0430\u043c \u043d\u0435\u043c\u043d\u043e\u0433\u043e \u043f\u0440\u043e\u0449\u0435 \u043e\u0431\u0449\u0430\u0442\u044c\u0441\u044f \u043f\u0440\u043e \u043e\u0431\u044b\u0434\u0435\u043d\u043d\u044b\u0435 \u0432\u0435\u0449\u0438\n\n\u0435\u0441\u0442\u044c \u043a\u0430\u043d\u0430\u043b\u044b real_life_advice \u0438 human_relationships, \u043d\u0430\u043f\u0440\u0438\u043c\u0435\u0440",
                "ts": "1477262713.000433",
                "author_subname": "neongreen",
                "channel_id": "C0L93QKDZ",
                "channel_name": "meta",
                "is_msg_unfurl": true,
                "text": "<@U2SUDR9S7> \u0442\u0430\u043c \u043d\u0435\u043c\u043d\u043e\u0433\u043e \u043f\u0440\u043e\u0449\u0435 \u043e\u0431\u0449\u0430\u0442\u044c\u0441\u044f \u043f\u0440\u043e \u043e\u0431\u044b\u0434\u0435\u043d\u043d\u044b\u0435 \u0432\u0435\u0449\u0438\n\n\u0435\u0441\u0442\u044c \u043a\u0430\u043d\u0430\u043b\u044b real_life_advice \u0438 human_relationships, \u043d\u0430\u043f\u0440\u0438\u043c\u0435\u0440",
                "author_name": "Artyom Kazak",
                "author_link": "https:\/\/lesswrongru.slack.com\/team\/neongreen",
                "author_icon": "https:\/\/avatars.slack-edge.com\/2016-10-22\/94971045492_4261fb06bf382057121a_48.png",
                "mrkdwn_in": [
                    "text"
                ],
                "color": "D0D0D0",
                "from_url": "https:\/\/lesswrongru.slack.com\/archives\/meta\/p1477262713000433",
                "is_share": true,
                "footer": "Posted in #meta"
            }
        ],
        "ts": "1477415637.000451"
    },
    {
        "user": "U2U003A11",
        "text": "<@U2U003A11|ljk> has joined the channel",
        "type": "message",
        "subtype": "channel_join",
        "ts": "1477416115.000452"
    },
    {
        "user": "U2U12AVEX",
        "text": "<@U2U12AVEX|gram2005> has joined the channel",
        "type": "message",
        "subtype": "channel_join",
        "ts": "1477419691.000453"
    },
    {
        "type": "message",
        "user": "U0GQ50ESU",
        "text": "\u041f\u043e\u0442\u043e\u043c\u0443 \u0447\u0442\u043e \u043d\u0435 \u0432\u043e\u0437\u043d\u0438\u043a\u0430\u043b\u043e \u043f\u043e\u0442\u0440\u0435\u0431\u043d\u043e\u0441\u0442\u0438? \u0418\u043b\u0438 \u0432\u043e\u0437\u043d\u0438\u043a\u0430\u043b\u0430, \u043d\u043e \u0441 \u044d\u0442\u0438\u043c \u0448\u043b\u0438 \u0432 <#C0CTD63DJ|open>",
        "ts": "1477419884.000454"
    },
    {
        "type": "message",
        "user": "U0G8VK9SQ",
        "text": "\u043f\u0440\u043e\u0441\u0442\u043e \u0432 open \u0432\u0440\u043e\u0434\u0435 \u0441\u0438\u043b\u044c\u043d\u043e \u0430\u043a\u0442\u0438\u0432\u043d\u044b \u0431\u043e\u043b\u0435\u0435 \u0442\u0435\u043e\u0440\u0435\u0442\u0438\u0447\u0435\u0441\u043a\u0438\u0435 \u0440\u0430\u0437\u0433\u043e\u0432\u043e\u0440\u044b, \u0438 \u0432\u043e\u043f\u0440\u043e\u0441\u044b \u0442\u0438\u043f\u0430 \"\u043a\u0430\u043a \u0440\u0430\u0446\u0438\u043e\u043d\u0430\u043b\u044c\u043d\u043e \u0437\u0430\u0431\u0438\u0442\u044c \u0433\u0432\u043e\u0437\u0434\u044c\" \u0442\u0430\u043c \u0443\u0442\u043e\u043d\u0443\u0442 \u0441\u043a\u043e\u0440\u0435\u0435 \u0440\u0430\u043d\u044c\u0448\u0435, \u0447\u0435\u043c \u0438\u0445 \u0441\u043c\u043e\u0436\u0435\u0442 \u0437\u0430\u043c\u0435\u0442\u0438\u0442\u044c \u043a\u0442\u043e-\u043d\u0438\u0431\u0443\u0434\u044c, \u0443 \u043a\u043e\u0433\u043e \u0435\u0441\u0442\u044c \u043e\u0442\u0432\u0435\u0442",
        "ts": "1477420951.000455",
        "reactions": [
            {
                "name": "heavy_plus_sign",
                "users": [
                    "U2T2K1NPR"
                ],
                "count": 1
            },
            {
                "name": "+1",
                "users": [
                    "U0G0KMGKH"
                ],
                "count": 1
            }
        ]
    },
    {
        "user": "U2U2ZT5ME",
        "text": "<@U2U2ZT5ME|dok> has joined the channel",
        "type": "message",
        "subtype": "channel_join",
        "ts": "1477421149.000456"
    },
    {
        "type": "message",
        "user": "U0GQ50ESU",
        "text": "\u0410 \u043f\u043e\u0447\u0435\u043c\u0443 \u0443 \u043d\u0430\u0441 \u043d\u0435\u0442 \u043a\u0430\u043d\u0430\u043b\u0430 sexual_preferences \u0442\u043e\u0433\u0434\u0430 \u0443\u0436?:)",
        "ts": "1477421408.000457"
    },
    {
        "type": "message",
        "user": "U0FD5HC1F",
        "text": "\u041f\u043e\u0442\u043e\u043c\u0443 \u0447\u0442\u043e \u0443 \u043d\u0430\u0441 \u043d\u0435 \u043e\u0447\u0435\u043d\u044c \u043c\u043d\u043e\u0433\u043e \u0441\u043e\u043e\u0431\u0449\u0435\u043d\u0438\u0439.\n<@U0G8VK9SQ> \u044f \u0434\u0443\u043c\u0430\u044e, \u0447\u0442\u043e \u0432 <#C0CTD63DJ|open> \u043d\u043e\u0440\u043c\u0430\u043b\u044c\u043d\u043e \u043f\u0438\u0441\u0430\u0442\u044c \u043f\u0440\u043e \u043e\u0431\u044b\u0434\u0435\u043d\u043d\u044b\u0435 \u0432\u0435\u0449\u0438.",
        "ts": "1477421454.000458"
    },
    {
        "type": "message",
        "user": "U0FD5HC1F",
        "text": "\u0415\u0441\u043b\u0438 \u0440\u0430\u0437\u0433\u043e\u0432\u043e\u0440 \u043f\u043e\u0439\u0434\u0435\u0442, \u043e\u043d \u0432\u0440\u0435\u043c\u0435\u043d\u043d\u043e \u0432\u044b\u0442\u0435\u0441\u043d\u0438\u0442 \u043e\u0441\u0442\u0430\u043b\u044c\u043d\u044b\u0435.",
        "ts": "1477421477.000459"
    },
    {
        "type": "message",
        "user": "U0G8VK9SQ",
        "text": "<@U0FD5HC1F> \u043f\u0440\u043e\u0431\u043b\u0435\u043c\u0430 \u0432 \u0442\u043e\u043c, \u0447\u0442\u043e \u0432\u043e\u043f\u0440\u043e\u0441 \u044d\u0442\u043e \u043d\u0435 \u043e\u0431\u044f\u0437\u0430\u0442\u0435\u043b\u044c\u043d\u043e \u0442\u0435\u043c\u0430 \u0434\u043b\u044f \u0448\u0438\u0440\u043e\u043a\u043e\u0439 \u0431\u0435\u0441\u0435\u0434\u044b \u0438 \u043e\u0442\u0432\u0435\u0442 \u043d\u0430 \u043d\u0435\u0433\u043e \u0437\u043d\u0430\u0435\u0442 \u043c\u043e\u0436\u0435\u0442 \u043e\u0434\u0438\u043d-\u0434\u0432\u0430 \u0447\u0435\u043b\u043e\u0432\u0435\u043a\u0430, \u0430 \u043e\u0441\u0442\u0430\u043b\u044c\u043d\u044b\u043c \u043e\u043d \u0432\u043e\u043e\u0431\u0449\u0435 \u043d\u0435 \u043d\u0443\u0436\u0435\u043d.",
        "ts": "1477421626.000460"
    },
    {
        "type": "message",
        "user": "U0G8VK9SQ",
        "text": "<@U0GQ50ESU> \u044d\u0442\u043e \u0432\u0445\u043e\u0434\u0438\u0442 \u0432 \u0440\u0438\u0430\u043b \u043b\u0430\u0439\u0444",
        "ts": "1477421669.000461"
    },
    {
        "type": "message",
        "user": "U0F6P8JAG",
        "text": "\u042f \u0437\u0430, \u0442\u043e\u043b\u044c\u043a\u043e \u043f\u0440\u0438\u0434\u0443\u043c\u0430\u0439\u0442\u0435 \u043d\u0430\u0437\u0432\u0430\u043d\u0438\u0435 \u0434\u043b\u044f \u043a\u0430\u043d\u0430\u043b\u0430 \u043f\u043e\u043a\u043e\u0440\u043e\u0447\u0435, \u043c\u043e\u0436\u0435\u0442?",
        "ts": "1477421853.000462"
    },
    {
        "user": "U2U36TZ4G",
        "text": "<@U2U36TZ4G|dpetrouk> has joined the channel",
        "type": "message",
        "subtype": "channel_join",
        "ts": "1477421855.000463"
    },
    {
        "type": "message",
        "user": "U0L4B5338",
        "text": "#irl ?",
        "ts": "1477421902.000464"
    },
    {
        "type": "message",
        "user": "U0GQ50ESU",
        "text": "<@U0G8VK9SQ>\n&gt;\u044d\u0442\u043e \u0432\u0445\u043e\u0434\u0438\u0442 \u0432 \u0440\u0438\u0430\u043b \u043b\u0430\u0439\u0444\n\u042d\u0442\u043e \u043f\u043b\u043e\u0445\u043e? \u0423 \u043d\u0438\u0445 \u0442\u043e\u0436\u0435 \u0432\u0445\u043e\u0434\u0438\u0442. \u0425\u043e\u0442\u044f \u044f \u0441\u043e\u0433\u043b\u0430\u0441\u043d\u0430, \u0447\u0442\u043e \u0442\u0443\u0434\u0430 \u0432\u0440\u044f\u0434 \u043b\u0438 \u0431\u0443\u0434\u0443\u0442 \u043c\u043d\u043e\u0433\u043e \u043f\u0438\u0441\u0430\u0442\u044c.",
        "ts": "1477422019.000465"
    },
    {
        "type": "message",
        "user": "U0L4B5338",
        "text": "\u0410\u043b\u0441\u043e, \u043c\u043d\u0435 \u043d\u0440\u0430\u0432\u0438\u0442\u0441\u044f \u043f\u0440\u0430\u043a\u0442\u0438\u043a\u0430 \u0430\u043d\u0433\u043b\u043e\u0441\u043b\u0430\u043a\u0430 \u043f\u0440\u0438\u0432\u0435\u0442\u0441\u0442\u0432\u043e\u0432\u0430\u0442\u044c \u043d\u043e\u0432\u043e\u043f\u0440\u0438\u0431\u044b\u0432\u0448\u0438\u0445 \u0432 #welcome. \u041d\u0435 \u0443\u0432\u0435\u0440\u0435\u043d, \u0432\u043e\u0437\u043c\u043e\u0436\u043d\u043e \u043b\u0438 \u0441\u0434\u0435\u043b\u0430\u0442\u044c \u0447\u0442\u043e-\u0442\u043e \u043f\u043e\u0445\u043e\u0436\u0435\u0435 \u0437\u0434\u0435\u0441\u044c.",
        "ts": "1477422054.000466",
        "reactions": [
            {
                "name": "heavy_plus_sign",
                "users": [
                    "U2Q17MG00"
                ],
                "count": 1
            }
        ]
    },
    {
        "type": "message",
        "user": "U0FGKCY31",
        "text": "\u041d\u0443 \u0430 \u0435\u0449\u0451 \u043a\u0430\u043a\u0438\u043c-\u0442\u043e \u043c\u0435\u0441\u0442\u043e\u043c <#C1UH9K29Z|habits> \u043e\u0442\u044a\u0435\u0434\u0430\u043b \u0447\u0430\u0441\u0442\u044c \u043d\u0430\u0440\u0433\u0443\u0437\u043a\u0438. :slightly_smiling_face:",
        "attachments": [
            {
                "fallback": "[October 25th, 2016 11:24 PM] schtsch_k: \u041f\u043e\u0442\u043e\u043c\u0443 \u0447\u0442\u043e \u043d\u0435 \u0432\u043e\u0437\u043d\u0438\u043a\u0430\u043b\u043e \u043f\u043e\u0442\u0440\u0435\u0431\u043d\u043e\u0441\u0442\u0438? \u0418\u043b\u0438 \u0432\u043e\u0437\u043d\u0438\u043a\u0430\u043b\u0430, \u043d\u043e \u0441 \u044d\u0442\u0438\u043c \u0448\u043b\u0438 \u0432 <#C0CTD63DJ|open>",
                "ts": "1477419884.000454",
                "author_subname": "schtsch_k",
                "channel_id": "C0L93QKDZ",
                "channel_name": "meta",
                "is_msg_unfurl": true,
                "text": "\u041f\u043e\u0442\u043e\u043c\u0443 \u0447\u0442\u043e \u043d\u0435 \u0432\u043e\u0437\u043d\u0438\u043a\u0430\u043b\u043e \u043f\u043e\u0442\u0440\u0435\u0431\u043d\u043e\u0441\u0442\u0438? \u0418\u043b\u0438 \u0432\u043e\u0437\u043d\u0438\u043a\u0430\u043b\u0430, \u043d\u043e \u0441 \u044d\u0442\u0438\u043c \u0448\u043b\u0438 \u0432 <#C0CTD63DJ|open>",
                "author_link": "https:\/\/lesswrongru.slack.com\/team\/schtsch_k",
                "author_icon": "https:\/\/avatars.slack-edge.com\/2015-12-23\/17242122352_a9fc309e1ef43a9d9577_48.png",
                "mrkdwn_in": [
                    "text"
                ],
                "color": "D0D0D0",
                "from_url": "https:\/\/lesswrongru.slack.com\/archives\/meta\/p1477419884000454",
                "is_share": true,
                "footer": "Posted in #meta"
            }
        ],
        "ts": "1477422059.000467"
    },
    {
        "type": "message",
        "user": "U0G8VK9SQ",
        "text": "<@U0GQ50ESU> \u044d\u0442\u043e \u043d\u0435 \u043f\u043b\u043e\u0445\u043e, \u044d\u0442\u043e \u0430\u0440\u0433\u0443\u043c\u0435\u043d\u0442, \u043a \u0442\u043e\u043c\u0443 \u0447\u0442\u043e \u043e\u0442\u0434\u0435\u043b\u0435\u043d\u0438\u0435 \u043f\u043e\u0434\u043e\u0431\u043d\u043e\u0433\u043e \u043d\u0430\u0434\u043e \u0440\u0430\u0441\u0441\u043c\u0430\u0442\u0440\u0438\u0432\u0430\u0442\u044c, \u0435\u0441\u043b\u0438 \u0443\u0436\u0435 \u0435\u0441\u0442\u044creal life \u0438 \u043e\u043d \u043d\u0435 \u0443\u0434\u043e\u0432\u043b\u0435\u0442\u0432\u043e\u0440\u044f\u0435\u0442",
        "ts": "1477422146.000468"
    },
    {
        "type": "message",
        "user": "U0G8VK9SQ",
        "text": "\u041d\u0443 \u0438 \u0435\u0449\u0451 \u0443 \u043c\u0435\u043d\u044f \u0435\u0441\u0442\u044c \u043f\u0440\u0435\u0434\u043f\u043e\u043b\u043e\u0436\u0435\u043d\u0438\u0435, \u0447\u0442\u043e \u0435\u0441\u043b\u0438 \u0431\u0443\u0434\u0435\u0442 \u043a\u0430\u043d\u0430\u043b \u0434\u043b\u044f real life-\u0432\u043e\u043f\u0440\u043e\u0441\u043e\u0432, \u0442\u043e \u0442\u0430\u043a\u0438\u0445 \u0432\u043e\u043f\u0440\u043e\u0441\u043e\u0432 \u0441\u0442\u0430\u043d\u0435\u0442 \u0431\u043e\u043b\u044c\u0448\u0435. \u0410 \u043b\u044e\u0434\u044f\u043c, \u043a\u043e\u0442\u043e\u0440\u044b\u0435 \u0431\u043e\u043b\u044c\u0448\u0435 \u0445\u043e\u0442\u044f\u0442 \u043d\u0435 \u0442\u0435\u043e\u0440\u0438\u044e, \u0430 \u043f\u0440\u0438\u043b\u043e\u0436\u0435\u043d\u0438\u0435, \u0431\u0443\u0434\u0435\u0442 \u0431\u043e\u043b\u0435\u0435 \u0437\u0430\u043d\u044f\u0442\u043d\u043e.",
        "ts": "1477422208.000469",
        "reactions": [
            {
                "name": "+1",
                "users": [
                    "U0GQ50ESU",
                    "U0FGKCY31"
                ],
                "count": 2
            }
        ]
    },
    {
        "type": "message",
        "user": "U0F6P8JAG",
        "text": "\u041f\u043e-\u043c\u043e\u0435\u043c\u0443, \u0433\u043b\u0430\u0432\u043d\u044b\u0439 \u0430\u0440\u0433\u0443\u043c\u0435\u043d\u0442 \u0437\u0430 \u043e\u0442\u0434\u0435\u043b\u044c\u043d\u044b\u0439 \u043a\u0430\u043d\u0430\u043b - \u043b\u044e\u0434\u0438 \u0432 <#C0CTD63DJ|open> \u043c\u043e\u0433\u0443\u0442 \u0441\u0442\u0435\u0441\u043d\u044f\u0442\u044c\u0441\u044f \u043f\u0438\u0441\u0430\u0442\u044c \u043f\u0440\u043e \u0441\u0432\u043e\u0451 \u043b\u0438\u0447\u043d\u043e\u0435, \u043f\u043e\u0442\u043e\u043c\u0443 \u0447\u0442\u043e \u043f\u0440\u0438 \u0442\u0430\u043a\u043e\u043c \u043a\u043e\u043b\u0438\u0447\u0435\u0441\u0442\u0432\u0435 \u043b\u044e\u0434\u0435\u0439 \u0432 \u043a\u0430\u043d\u0430\u043b\u0435 \u0432\u0440\u043e\u0434\u0435 \u043a\u0430\u043a \u043b\u044e\u0431\u0430\u044f \u0442\u0435\u043c\u0430 \u0434\u043e\u043b\u0436\u043d\u0430 \u0431\u044b\u0442\u044c \u0433\u043b\u043e\u0431\u0430\u043b\u044c\u043d\u043e \u0437\u043d\u0430\u0447\u0438\u043c\u043e\u0439.",
        "ts": "1477422221.000470",
        "reactions": [
            {
                "name": "+1",
                "users": [
                    "U0GQ50ESU",
                    "U0FGKCY31",
                    "U2KS93BC2",
                    "U1ZPGFN3Y"
                ],
                "count": 4
            }
        ]
    },
    {
        "type": "message",
        "user": "U2KS93BC2",
        "text": "\u041c\u044b \u043e\u0431\u0441\u0443\u0436\u0434\u0430\u043b\u0438 \u0447\u0442\u043e \u043c\u043e\u0436\u043d\u043e \u0431\u043e\u0442\u0430 \u043f\u0440\u0438\u043a\u0440\u0443\u0442\u0438\u0442\u044c, \u0438 \u044f \u0434\u0430\u0436\u0435 \u0441\u043e\u0431\u0438\u0440\u0430\u043b\u0430\u0441\u044c \u044d\u0442\u0438\u043c \u0437\u0430\u043d\u044f\u0442\u044c\u0441\u044f, \u043d\u043e \u043f\u043e\u043a\u0430 \u0447\u0442\u043e \u043d\u0435 \u0437\u0430\u043d\u044f\u043b\u0430\u0441\u044c",
        "attachments": [
            {
                "fallback": "[October 25th, 2016 10:00 PM] zaikman: \u0410\u043b\u0441\u043e, \u043c\u043d\u0435 \u043d\u0440\u0430\u0432\u0438\u0442\u0441\u044f \u043f\u0440\u0430\u043a\u0442\u0438\u043a\u0430 \u0430\u043d\u0433\u043b\u043e\u0441\u043b\u0430\u043a\u0430 \u043f\u0440\u0438\u0432\u0435\u0442\u0441\u0442\u0432\u043e\u0432\u0430\u0442\u044c \u043d\u043e\u0432\u043e\u043f\u0440\u0438\u0431\u044b\u0432\u0448\u0438\u0445 \u0432 #welcome. \u041d\u0435 \u0443\u0432\u0435\u0440\u0435\u043d, \u0432\u043e\u0437\u043c\u043e\u0436\u043d\u043e \u043b\u0438 \u0441\u0434\u0435\u043b\u0430\u0442\u044c \u0447\u0442\u043e-\u0442\u043e \u043f\u043e\u0445\u043e\u0436\u0435\u0435 \u0437\u0434\u0435\u0441\u044c.",
                "ts": "1477422054.000466",
                "author_subname": "zaikman",
                "channel_id": "C0L93QKDZ",
                "channel_name": "meta",
                "is_msg_unfurl": true,
                "text": "\u0410\u043b\u0441\u043e, \u043c\u043d\u0435 \u043d\u0440\u0430\u0432\u0438\u0442\u0441\u044f \u043f\u0440\u0430\u043a\u0442\u0438\u043a\u0430 \u0430\u043d\u0433\u043b\u043e\u0441\u043b\u0430\u043a\u0430 \u043f\u0440\u0438\u0432\u0435\u0442\u0441\u0442\u0432\u043e\u0432\u0430\u0442\u044c \u043d\u043e\u0432\u043e\u043f\u0440\u0438\u0431\u044b\u0432\u0448\u0438\u0445 \u0432 #welcome. \u041d\u0435 \u0443\u0432\u0435\u0440\u0435\u043d, \u0432\u043e\u0437\u043c\u043e\u0436\u043d\u043e \u043b\u0438 \u0441\u0434\u0435\u043b\u0430\u0442\u044c \u0447\u0442\u043e-\u0442\u043e \u043f\u043e\u0445\u043e\u0436\u0435\u0435 \u0437\u0434\u0435\u0441\u044c.",
                "author_link": "https:\/\/lesswrongru.slack.com\/team\/zaikman",
                "author_icon": "https:\/\/avatars.slack-edge.com\/2016-02-03\/20144956165_c4146f9896092ec74423_48.jpg",
                "mrkdwn_in": [
                    "text"
                ],
                "color": "D0D0D0",
                "from_url": "https:\/\/lesswrongru.slack.com\/archives\/meta\/p1477422054000466",
                "is_share": true,
                "footer": "Posted in #meta"
            }
        ],
        "ts": "1477423689.000471"
    },
    {
        "type": "message",
        "user": "U0GQ50ESU",
        "text": "\u0425\u043c, \u0431\u043e\u0442\u0430 \u043a\u0430\u043a-\u0442\u043e... \u043d\u0435\u0432\u0435\u0436\u043b\u0438\u0432\u043e \u0447\u0442\u043e \u043b\u0438. \u0410 \u0432\u043e\u0442 \u043a\u043e\u0433\u0434\u0430 \u0442\u0435\u0431\u044f \u043f\u0435\u0440\u0441\u043e\u043d\u0430\u043b\u044c\u043d\u043e \u043f\u0440\u0438\u0432\u0435\u0442\u0441\u0442\u0432\u0443\u044e\u0442 \u0438 \u0437\u0430\u0434\u0430\u044e\u0442 \u043a\u0430\u043a\u043e\u0439-\u0442\u043e \u0432\u043e\u043f\u0440\u043e\u0441 - \u044d\u0442\u043e \u0443\u0436\u0435 \u043f\u0440\u0438\u044f\u0442\u043d\u043e:)",
        "ts": "1477424298.000472",
        "reactions": [
            {
                "name": "equal",
                "users": [
                    "U2Q17MG00"
                ],
                "count": 1
            }
        ]
    },
    {
        "type": "message",
        "user": "U0FGKCY31",
        "text": ":fallacy_black_or_white: [\u0438\u0437\u0432\u0438\u043d\u0438\u0442\u0435, \u044f \u043d\u0435 \u0432\u0441\u0435\u0440\u044c\u0451\u0437]",
        "edited": {
            "user": "U0FGKCY31",
            "ts": "1477424845.000000"
        },
        "ts": "1477424833.000473"
    },
    {
        "type": "message",
        "user": "U2KS93BC2",
        "text": "<@U0GQ50ESU>  \u041d\u0435 \u0437\u043d\u0430\u044e, \u043c\u043d\u0435 \u043a\u0430\u0436\u0435\u0442\u0441\u044f \u0431\u043e\u0442 \u0441 \u043e\u043f\u0438\u0441\u0430\u043d\u0438\u044f\u043c\u0438 \u043e\u0441\u043d\u043e\u0432\u043d\u044b\u0445 \u043a\u0430\u043d\u0430\u043b\u043e\u0432 \u0438 \u0441\u0441\u044b\u043b\u043a\u043e\u0439 \u043d\u0430 \u0445\u0430\u043a\u043f\u0430\u0434 \u044d\u0442\u043e \u043e\u0447\u0435\u043d\u044c \u0443\u0434\u043e\u0431\u043d\u043e",
        "ts": "1477424843.000474"
    },
    {
        "type": "message",
        "user": "U2KS93BC2",
        "text": "\u0432\u043e\u043e\u0431\u0449\u0435 \u0432\u0440\u043e\u0434\u0435 \u043c\u043e\u0436\u043d\u043e \u043d\u0430\u0441\u0442\u0440\u043e\u0438\u0442\u044c \u0447\u0442\u043e\u0431\u044b \u0441\u043b\u0430\u043a-\u0431\u043e\u0442 \u043f\u043e \u043a\u043b\u044e\u0447\u0435\u0432\u043e\u043c\u0443 \u0441\u043b\u043e\u0432\u0443 \u0432\u044b\u0434\u0430\u0432\u0430\u043b \u043b\u0438\u043d\u043a \u0432 \u043e\u0431\u0449\u0435\u043c \u0447\u0430\u0442\u0435",
        "edited": {
            "user": "U2KS93BC2",
            "ts": "1477424874.000000"
        },
        "ts": "1477424864.000476"
    },
    {
        "type": "message",
        "user": "U2KS93BC2",
        "text": "\u0418\u043b\u0438 \u0447\u0442\u043e\u0431\u044b \u0435\u043c\u0443 \u0432 \u043b\u0438\u0447\u043a\u0443 \u043f\u0438\u0441\u0430\u043b\u0438 \u0438 \u043e\u043d \u0447\u0442\u043e-\u0442\u043e \u043e\u0442\u0432\u0435\u0447\u0430\u043b - \u044f \u043d\u0435 \u0443\u0432\u0435\u0440\u0435\u043d\u0430",
        "ts": "1477424887.000478"
    },
    {
        "type": "message",
        "user": "U2KS93BC2",
        "text": "\u043d\u0435 \u043f\u043e\u043c\u043d\u044e \u043a\u0430\u043a \u044d\u0442\u043e \u0440\u0430\u0431\u043e\u0442\u0430\u0435\u0442",
        "ts": "1477424891.000479"
    },
    {
        "type": "message",
        "user": "U2KS93BC2",
        "text": "\u0432\u0435\u0440\u043d\u0435\u0435, \u043d\u0435 \u0432\u043d\u0438\u043a\u0430\u043b\u0430",
        "ts": "1477424897.000480"
    },
    {
        "type": "message",
        "user": "U0GQ50ESU",
        "text": "\u0410, \u043d\u0443 \u0442\u0430\u043a\u043e\u0439 \u0434\u0430. \u042f \u0434\u0443\u043c\u0430\u043b\u0430 \u043f\u0440\u043e \u043f\u0440\u0438\u0432\u0435\u0442\u0441\u0442\u0432\u0438\u0435 \u043a\u0430\u043a \u0432 \u0430\u043d\u0433\u043b\u043e\u0441\u043b\u0430\u043a\u0435:)",
        "ts": "1477424899.000481"
    },
    {
        "type": "message",
        "user": "U2Q17MG00",
        "text": "\u0415\u0449\u0451 \u0430\u0440\u0433\u0443\u043c\u0435\u043d\u0442 \u0437\u0430 \u043e\u0442\u0434\u0435\u043b\u044c\u043d\u044b\u0439 \u043a\u0430\u043d\u0430\u043b: \u0432\u043e\u0437\u043c\u043e\u0436\u043d\u043e \u0442\u0430\u043a\u043e\u0435, \u0447\u0442\u043e \u043b\u044e\u0434\u0438 \u0440\u0435\u0448\u0430\u044e\u0442, \u043a\u0443\u0434\u0430 \u043f\u0438\u0441\u0430\u0442\u044c, \u043d\u0435 \u043d\u0430 \u043e\u0441\u043d\u043e\u0432\u0435 \u0442\u043e\u0433\u043e, \u043a\u0430\u043a \u043a\u0430\u043d\u0430\u043b \u043d\u0430\u0437\u044b\u0432\u0430\u0435\u0442\u0441\u044f, \u0430 \u043d\u0430 \u043e\u0441\u043d\u043e\u0432\u0435 \u0442\u043e\u0433\u043e, \u0447\u0442\u043e \u0432 \u043d\u0451\u043c \u043e\u0431\u0441\u0443\u0436\u0434\u0430\u044e\u0442 \u0432 \u0434\u0430\u043d\u043d\u044b\u0439 \u043c\u043e\u043c\u0435\u043d\u0442 \u0438\u043b\u0438 \u043e\u0431\u0441\u0443\u0436\u0434\u0430\u043b\u0438 \u043d\u0435\u043a\u043e\u0442\u043e\u0440\u043e\u0435 \u0432\u0440\u0435\u043c\u044f \u043d\u0430\u0437\u0430\u0434. \u041f\u043e\u043b\u0443\u0447\u0430\u0435\u043c, \u0447\u0442\u043e \u0435\u0441\u043b\u0438 \u043e\u0442\u0434\u0435\u043b\u044c\u043d\u044b\u0439 \u0442\u0435\u043c\u0430\u0442\u0438\u0447\u0435\u0441\u043a\u0438\u0439 \u043a\u0430\u043d\u0430\u043b \u0431\u0443\u0434\u0435\u0442, \u0442\u043e \u043b\u044e\u0434\u044f\u043c \u0431\u0443\u0434\u0435\u0442 \u043f\u0440\u043e\u0449\u0435 \u0442\u0443\u0434\u0430 \u043f\u0438\u0441\u0430\u0442\u044c.\n\n\u041d\u0430 \u043c\u043d\u0435 \u044d\u0442\u043e \u0442\u043e\u0447\u043d\u043e \u0440\u0430\u0431\u043e\u0442\u0430\u0435\u0442.",
        "attachments": [
            {
                "fallback": "[October 25th, 2016 12:03 PM] berekuk: \u041f\u043e-\u043c\u043e\u0435\u043c\u0443, \u0433\u043b\u0430\u0432\u043d\u044b\u0439 \u0430\u0440\u0433\u0443\u043c\u0435\u043d\u0442 \u0437\u0430 \u043e\u0442\u0434\u0435\u043b\u044c\u043d\u044b\u0439 \u043a\u0430\u043d\u0430\u043b - \u043b\u044e\u0434\u0438 \u0432 <#C0CTD63DJ|open> \u043c\u043e\u0433\u0443\u0442 \u0441\u0442\u0435\u0441\u043d\u044f\u0442\u044c\u0441\u044f \u043f\u0438\u0441\u0430\u0442\u044c \u043f\u0440\u043e \u0441\u0432\u043e\u0451 \u043b\u0438\u0447\u043d\u043e\u0435, \u043f\u043e\u0442\u043e\u043c\u0443 \u0447\u0442\u043e \u043f\u0440\u0438 \u0442\u0430\u043a\u043e\u043c \u043a\u043e\u043b\u0438\u0447\u0435\u0441\u0442\u0432\u0435 \u043b\u044e\u0434\u0435\u0439 \u0432 \u043a\u0430\u043d\u0430\u043b\u0435 \u0432\u0440\u043e\u0434\u0435 \u043a\u0430\u043a \u043b\u044e\u0431\u0430\u044f \u0442\u0435\u043c\u0430 \u0434\u043e\u043b\u0436\u043d\u0430 \u0431\u044b\u0442\u044c \u0433\u043b\u043e\u0431\u0430\u043b\u044c\u043d\u043e \u0437\u043d\u0430\u0447\u0438\u043c\u043e\u0439.",
                "ts": "1477422221.000470",
                "author_subname": "berekuk",
                "channel_id": "C0L93QKDZ",
                "channel_name": "meta",
                "is_msg_unfurl": true,
                "text": "\u041f\u043e-\u043c\u043e\u0435\u043c\u0443, \u0433\u043b\u0430\u0432\u043d\u044b\u0439 \u0430\u0440\u0433\u0443\u043c\u0435\u043d\u0442 \u0437\u0430 \u043e\u0442\u0434\u0435\u043b\u044c\u043d\u044b\u0439 \u043a\u0430\u043d\u0430\u043b - \u043b\u044e\u0434\u0438 \u0432 <#C0CTD63DJ|open> \u043c\u043e\u0433\u0443\u0442 \u0441\u0442\u0435\u0441\u043d\u044f\u0442\u044c\u0441\u044f \u043f\u0438\u0441\u0430\u0442\u044c \u043f\u0440\u043e \u0441\u0432\u043e\u0451 \u043b\u0438\u0447\u043d\u043e\u0435, \u043f\u043e\u0442\u043e\u043c\u0443 \u0447\u0442\u043e \u043f\u0440\u0438 \u0442\u0430\u043a\u043e\u043c \u043a\u043e\u043b\u0438\u0447\u0435\u0441\u0442\u0432\u0435 \u043b\u044e\u0434\u0435\u0439 \u0432 \u043a\u0430\u043d\u0430\u043b\u0435 \u0432\u0440\u043e\u0434\u0435 \u043a\u0430\u043a \u043b\u044e\u0431\u0430\u044f \u0442\u0435\u043c\u0430 \u0434\u043e\u043b\u0436\u043d\u0430 \u0431\u044b\u0442\u044c \u0433\u043b\u043e\u0431\u0430\u043b\u044c\u043d\u043e \u0437\u043d\u0430\u0447\u0438\u043c\u043e\u0439.",
                "author_name": "Vyacheslav Matyukhin",
                "author_link": "https:\/\/lesswrongru.slack.com\/team\/berekuk",
                "author_icon": "https:\/\/secure.gravatar.com\/avatar\/c4b6aeeac2ce08e88cc81c7443a3ef55.jpg?s=48&d=https%3A%2F%2Fa.slack-edge.com%2F66f9%2Fimg%2Favatars%2Fava_0025-48.png",
                "mrkdwn_in": [
                    "text"
                ],
                "color": "D0D0D0",
                "from_url": "https:\/\/lesswrongru.slack.com\/archives\/meta\/p1477422221000470",
                "is_share": true,
                "footer": "Posted in #meta"
            }
        ],
        "edited": {
            "user": "U2Q17MG00",
            "ts": "1477424962.000000"
        },
        "ts": "1477424923.000482"
    },
    {
        "type": "message",
        "user": "U0FD5HC1F",
        "text": "\u041d\u0435, \u0431\u043e\u0442\u0430 \u043d\u043e\u0440\u043c\u0430\u043b\u044c\u043d\u043e, \u0436\u0438\u0432\u044b\u0435 \u043b\u044e\u0434\u0438 \u043d\u0435 \u0434\u0435\u0436\u0443\u0440\u044f\u0442 24 \u0447\u0430\u0441\u0430 \u0432 \u0441\u0443\u0442\u043a\u0438 \u0438 \u0431\u0443\u0434\u0443\u0442 \u0444\u0435\u0439\u043b\u0438\u0442\u044c \u043e\u0442\u0432\u0435\u0447\u0430\u0442\u044c \u0432\u043e\u0432\u0440\u0435\u043c\u044f, \u043d\u0435 \u0433\u043e\u0432\u043e\u0440\u044f \u0443\u0436\u0435  \u043e \u043d\u0430\u0433\u0440\u0443\u0437\u043a\u0435.\n\u0418 \u0435\u0441\u043b\u0438 \u0434\u0430\u0436\u0435 \u043e\u043d\u0438 \u0431\u0443\u0434\u0443\u0442 \u043e\u0442\u0432\u0435\u0447\u0430\u0442\u044c, \u0442\u043e \u0441 \u0431\u043e\u043b\u044c\u0448\u0438\u043c \u043d\u0430\u043f\u043b\u044b\u0432\u043e\u043c \u043b\u044e\u0434\u0435\u0439 \u043a\u0430\u0447\u0435\u0441\u0442\u0432\u043e \u0438\u0445 \u043e\u0442\u0432\u0435\u0442\u0430 \u0431\u0443\u0434\u0435\u0442 \u0441\u0442\u0440\u0435\u043c\u0438\u0442\u044c\u0441\u044f \u043a \u043a\u0430\u0447\u0435\u0441\u0442\u0432\u0443 \u0431\u043e\u0442\u0430 :slightly_smiling_face:",
        "ts": "1477424925.000483",
        "reactions": [
            {
                "name": "heavy_minus_sign",
                "users": [
                    "U0GQ50ESU"
                ],
                "count": 1
            }
        ]
    },
    {
        "type": "message",
        "user": "U0GQ50ESU",
        "text": "\u0413\u0434\u0435 \u0442\u044b \u0432\u0438\u0434\u0435\u043b \u0443 \u043d\u0430\u0441 \u043d\u0430\u043f\u043b\u044b\u0432 \u043b\u044e\u0434\u0435\u0439?))",
        "ts": "1477424980.000485"
    },
    {
        "type": "message",
        "user": "U0FD5HC1F",
        "text": "\u041d\u0430\u0441 313.",
        "ts": "1477424999.000486"
    },
    {
        "type": "message",
        "user": "U0G8VK9SQ",
        "text": "\u0441\u043a\u043e\u043b\u044c\u043a\u043e \u0432 \u0434\u0435\u043d\u044c \u043f\u0440\u0438\u0445\u043e\u0434\u0438\u0442?",
        "ts": "1477425033.000487"
    },
    {
        "type": "message",
        "user": "U0FD5HC1F",
        "text": "\u0422\u043e\u0447\u043d\u0435\u0435, 322, \u0432 \u044d\u0442\u043e\u043c \u043a\u0430\u043d\u0430\u043b\u0435 \u043d\u0435 \u0432\u0441\u0435. \u0417\u0430 \u0433\u043e\u0434. \u0427\u0443\u0442\u044c \u043c\u0435\u043d\u044c\u0448\u0435, \u0447\u0435\u043c \u043f\u043e \u0447\u0435\u043b\u043e\u0432\u0435\u043a\u0443 \u0432 \u0434\u0435\u043d\u044c.",
        "ts": "1477425035.000488"
    },
    {
        "type": "message",
        "user": "U0FD5HC1F",
        "text": "\u041d\u043e, \u043a\u0430\u0436\u0435\u0442\u0441\u044f, \u0432 \u043f\u043e\u0441\u043b\u0435\u0434\u043d\u0435\u0435 \u0432\u0440\u0435\u043c\u044f \u043b\u044e\u0434\u0435\u0439 \u0431\u043e\u043b\u044c\u0448\u0435.",
        "ts": "1477425049.000489"
    },
    {
        "type": "message",
        "user": "U0FD5HC1F",
        "text": "2-3 \u0447\u0435\u043b\u043e\u0432\u0435\u043a\u0430 \u0432 \u0434\u0435\u043d\u044c \u043f\u0440\u0438\u0432\u0435\u0442\u0441\u0442\u0432\u043e\u0432\u0430\u0442\u044c - \u043a\u0440\u0435\u0430\u0442\u0438\u0432 \u0441\u043a\u043e\u0440\u043e \u0438\u0441\u0441\u044f\u043a\u043d\u0435\u0442 :slightly_smiling_face:",
        "ts": "1477425059.000490"
    },
    {
        "type": "message",
        "user": "U0FD5HC1F",
        "text": "\u041f\u0440\u0430\u0432\u0434\u0430, \u043f\u0443\u0441\u0442\u044c \u043f\u0440\u0438\u0432\u0435\u0442\u0441\u0442\u0432\u0443\u0435\u0442 \u0431\u043e\u0442, \u0430 \u0436\u0438\u0432\u044b\u0435 \u043b\u044e\u0434\u0438 \u043f\u043e\u0442\u043e\u043c \u043f\u043e\u0433\u043e\u0432\u043e\u0440\u044f\u0442 \u0436\u0435 \u0438 \u0442\u0430\u043a.",
        "ts": "1477425083.000491"
    },
    {
        "type": "message",
        "user": "U0G8VK9SQ",
        "text": "\u043b\u044e\u0434\u0438 \u0440\u0430\u0437\u043d\u044b\u0435, \u043d\u0435 \u0438\u0441\u0441\u044f\u043a\u043d\u0435\u0442",
        "ts": "1477425096.000492"
    },
    {
        "type": "message",
        "user": "U2Q17MG00",
        "text": "\u0410 \u043d\u0443\u0436\u0435\u043d \u043b\u0438 \u043a\u0440\u0435\u0430\u0442\u0438\u0432? \u0412 \u0430\u043d\u0433\u043b\u0438\u0439\u0441\u043a\u043e\u043c \u0441\u043b\u0430\u043a\u0435 \u0432\u0441\u0435\u043c \u0433\u043e\u0432\u043e\u0440\u044f\u0442 \u043e\u0434\u043d\u043e \u0438 \u0442\u043e \u0436\u0435, \u043d\u043e \u043c\u043d\u0435 \u0432\u0441\u0435 \u0440\u0430\u0432\u043d\u043e \u0431\u044b\u043b\u043e \u043f\u0440\u0438\u044f\u0442\u043d\u043e.",
        "ts": "1477425124.000493",
        "reactions": [
            {
                "name": "equal",
                "users": [
                    "U0GQ50ESU"
                ],
                "count": 1
            }
        ]
    },
    {
        "type": "message",
        "user": "U0G0JFJTA",
        "text": "\u0412\u043e\u0437\u043d\u0438\u043a\u043b\u0430 \u0438\u0434\u0435\u044f \u0441\u043e\u0437\u0434\u0430\u0442\u044c \u043a\u0430\u043d\u0430\u043b \"\u043d\u043e\u0432\u0438\u0447\u043a\u043e\u0432\u044b\u0435 \u0432\u043e\u043f\u0440\u043e\u0441\u044b\".",
        "ts": "1477425137.000494"
    },
    {
        "type": "message",
        "user": "U0G0JFJTA",
        "text": "\u041c\u043e\u0436\u043d\u043e \u0441\u0440\u0430\u0437\u0443 \u0436\u0435 \u0438 \"\u043d\u043e\u0432\u0438\u0447\u043a\u043e\u0432\u044b\u0435 \u043e\u0442\u0432\u0435\u0442\u044b\".",
        "ts": "1477425149.000495",
        "reactions": [
            {
                "name": "heavy_plus_sign",
                "users": [
                    "U0G8VK9SQ",
                    "U2T2K1NPR",
                    "U2KS93BC2",
                    "U2SUDR9S7"
                ],
                "count": 4
            }
        ]
    },
    {
        "type": "message",
        "user": "U0FD5HC1F",
        "text": "<@U2Q17MG00> \u0447\u0435\u043b\u043e\u0432\u0435\u043a, \u043a\u043e\u043f\u0438\u043f\u0430\u0441\u0442\u044f\u0449\u0438\u0439 \u043a\u0430\u043a \u0431\u043e\u0442? \u043d\u0443, \u0435\u0441\u043b\u0438 \u0435\u0441\u0442\u044c \u0434\u043e\u0431\u0440\u043e\u0432\u043e\u043b\u044c\u0446\u044b, \u0442\u043e \u043c\u043e\u0436\u043d\u043e.",
        "ts": "1477425221.000496"
    },
    {
        "type": "message",
        "user": "U0G8VK9SQ",
        "text": "&gt;\u0430 \u0436\u0438\u0432\u044b\u0435 \u043b\u044e\u0434\u0438 \u043f\u043e\u0442\u043e\u043c \u043f\u043e\u0433\u043e\u0432\u043e\u0440\u044f\u0442 \u0436\u0435 \u0438 \u0442\u0430\u043a\n\u0447\u0435\u043b\u043e\u0432\u0435\u043a \u043f\u0440\u0438\u0445\u043e\u0434\u0438\u0442,  \u0432\u0438\u0434\u0438\u0442 \u043a\u0430\u043a\u0438\u0435-\u0442\u043e \u044f\u0440\u043e\u0441\u0442\u043d\u044b\u0435 \u043e\u0431\u0441\u0443\u0436\u0434\u0435\u043d\u0438\u044f \u0441 \u0441\u0435\u0440\u0435\u0434\u0438\u043d\u044b, \u0432 \u043a\u043e\u0442\u043e\u0440\u044b\u0435 \u0441\u0442\u0435\u0441\u043d\u044f\u0435\u0442\u0441\u044f \u043b\u0435\u0437\u0442\u044c, \u0447\u0435\u043b\u043e\u0432\u0435\u043a \u0443\u0445\u043e\u0434\u0438\u0442",
        "ts": "1477425245.000497"
    },
    {
        "type": "message",
        "user": "U0G8VK9SQ",
        "text": "\u044f \u0442\u0430\u043a \u0433\u043e\u0434 \u043d\u0430\u0437\u0430\u0434 \u043f\u0440\u0438\u0445\u043e\u0434\u0438\u043b\u0430, \u043f\u043e-\u043c\u043e\u0435\u043c\u0443",
        "ts": "1477425263.000498"
    },
    {
        "type": "message",
        "user": "U2T2K1NPR",
        "text": "&gt; \u043d\u0443, \u0435\u0441\u043b\u0438 \u0435\u0441\u0442\u044c \u0434\u043e\u0431\u0440\u043e\u0432\u043e\u043b\u044c\u0446\u044b, \u0442\u043e \u043c\u043e\u0436\u043d\u043e\n\u0437\u0430\u0434\u0443\u043c\u0430\u043b\u0430\u0441\u044c, \u043d\u043e:\n1. \u0441\u0430\u043c\u0430 \u043d\u043e\u0432\u0438\u0447\u043e\u043a\n2. \u044d\u043d\u0442\u0443\u0437\u0438\u0437\u0438\u0437\u044c\u043c \u043c\u043e\u0436\u0435\u0442 \u0438 \u0438\u0441\u0441\u044f\u043a\u043d\u0443\u0442\u044c",
        "ts": "1477425341.000499"
    },
    {
        "type": "message",
        "user": "U0G8VK9SQ",
        "text": "\u043a\u043e\u0433\u0434\u0430 \u0438\u0441\u0441\u044f\u043a\u043d\u0435\u0442, \u0442\u043e\u0433\u0434\u0430 \u0438 \u043f\u0435\u0440\u0435\u0441\u0442\u0430\u043d\u0435\u0448\u044c, \u043d\u0435\u0442?",
        "ts": "1477425420.000500"
    },
    {
        "type": "message",
        "user": "U2T2K1NPR",
        "text": "\u0442\u043e\u0433\u0434\u0430 \u044f, \u0434\u0443\u043c\u0430\u044e, \u0445\u043e\u0447\u0443, \u043c\u043d\u0435 \u044d\u0442\u043e \u0431\u0443\u0434\u0435\u0442 \u043f\u043e\u043b\u0435\u0437\u043d\u043e \u0441\u0435\u0439\u0447\u0430\u0441",
        "ts": "1477425493.000501"
    },
    {
        "type": "message",
        "user": "U2T2K1NPR",
        "text": "\u043a\u0430\u043a \u044d\u0442\u043e \u0431\u0443\u0434\u0435\u0442 \u0432\u044b\u0433\u043b\u044f\u0434\u0435\u0442\u044c?",
        "ts": "1477425500.000502"
    },
    {
        "type": "message",
        "user": "U0F6P8JAG",
        "text": "\u0418\u043c\u0445\u043e: \u043d\u0435 \u043d\u0443\u0436\u043d\u043e \u0431\u043e\u0442\u0430, \u043f\u0440\u0438\u0432\u0435\u0442\u0441\u0442\u0432\u0438\u0435 \u043e\u0442 \u0436\u0438\u0432\u044b\u0445 \u043b\u044e\u0434\u0435\u0439 \u0432\u044b\u0433\u043b\u044f\u0434\u0438\u0442 \u0434\u0440\u0443\u0436\u0435\u043b\u044e\u0431\u043d\u0435\u0435, \u0431\u043e\u043b\u0435\u0435 \u0437\u043d\u0430\u0447\u0438\u043c\u044b\u0439 \u0441\u0438\u0433\u043d\u0430\u043b.",
        "ts": "1477425737.000503"
    },
    {
        "type": "message",
        "user": "U0GQ50ESU",
        "text": "\u041f\u0440\u0438\u0432\u0435\u0442, @\u0425\u0425\u0425! \u041a\u0430\u043a \u0442\u044b \u0443\u0437\u043d\u0430\u043b \u043e\u0431 \u044d\u0442\u043e\u043c \u0441\u043b\u0430\u043a\u0435?:)\n\u041f\u0440\u0438\u0432\u0435\u0442, @\u0425\u0425\u0425! \u042f \u0432\u0430\u0441\u044f \u043f\u0443\u043f\u043a\u0438\u043d, \u0437\u0430\u043d\u0438\u043c\u0430\u044e\u0441\u044c \u0444\u0438\u0437\u0438\u043a\u043e\u0439 \u0438 \u0434\u0435\u043b\u0430\u044e \u0442\u043e-\u0442\u043e. \u0410 \u0442\u044b? ",
        "edited": {
            "user": "U0GQ50ESU",
            "ts": "1477425783.000000"
        },
        "ts": "1477425757.000504"
    },
    {
        "type": "message",
        "user": "U0GQ50ESU",
        "text": "<@U2T2K1NPR>: ",
        "ts": "1477425770.000505"
    },
    {
        "type": "message",
        "user": "U0F6P8JAG",
        "text": "\u041f\u043b\u044e\u0441\u0443\u044e \u0442\u043e, \u043a\u0430\u043a \u044d\u0442\u043e \u0441\u0434\u0435\u043b\u0430\u043d\u043e \u0432 \u0430\u043d\u0433\u043b\u043e\u0441\u043b\u0430\u043a\u0435.",
        "ts": "1477425781.000506"
    },
    {
        "type": "message",
        "user": "U0GQ50ESU",
        "text": "\u042f \u0432 \u043e\u0431\u0449\u0435\u043c-\u0442\u043e \u0442\u043e\u0436\u0435 \u0433\u043e\u0442\u043e\u0432\u0430 \u043f\u0440\u0438\u0432\u0435\u0442\u0441\u0442\u0432\u043e\u0432\u0430\u0442\u044c, \u043a\u043e\u0433\u0434\u0430 \u0443\u0432\u0438\u0436\u0443:)",
        "ts": "1477425831.000508"
    },
    {
        "type": "message",
        "user": "U1BLFF50V",
        "text": "\u041c\u044b \u0432 \u0421\u041f\u0431 \u0442\u043e\u0436\u0435 \u0445\u043e\u0442\u0435\u043b\u0438 \u0443\u0432\u0435\u043b\u0438\u0447\u0438\u0442\u044c \u0430\u043a\u0442\u0438\u0432\u043d\u043e\u0441\u0442\u044c \u043f\u0438\u0442\u0435\u0440\u0441\u043a\u043e\u0433\u043e \u0447\u0430\u0442\u0430 \u0438 \u0440\u0435\u0448\u0438\u043b\u0438 \u043f\u0440\u0438\u0433\u043b\u0430\u0448\u0430\u0442\u044c \u043b\u044e\u0434\u0435\u0439, \u043d\u043e \u0432 \u0438\u0442\u043e\u0433\u0435 \u044f \u043d\u0435 \u043f\u0440\u0438\u0433\u043b\u0430\u0441\u0438\u043b \u043d\u0438\u043a\u043e\u0433\u043e, \u043f\u043e\u0442\u043e\u043c\u0443 \u0447\u0442\u043e \u043d\u0435\u043f\u043e\u043d\u044f\u0442\u043d\u043e, \u0447\u0442\u043e \u0434\u0435\u043b\u0430\u0442\u044c, \u043f\u043e\u0441\u043b\u0435 \u0442\u043e\u0433\u043e, \u043a\u0430\u043a \u043f\u043e\u043b\u0443\u0447\u0438\u043b \u0438\u043d\u0432\u0430\u0439\u0442",
        "ts": "1477425935.000509"
    },
    {
        "type": "message",
        "user": "U2T2K1NPR",
        "text": "\u042f \u0438\u043c\u0435\u044e \u0432 \u0432\u0438\u0434\u0443, \u043a\u0430\u043a \u044d\u0442\u043e \u0431\u0443\u0434\u0435\u0442 \u0432\u044b\u0433\u043b\u044f\u0434\u0435\u0442\u044c \u0432 \u0446\u0435\u043b\u043e\u043c. \u041d\u0443 \u0442\u043e \u0435\u0441\u0442\u044c \u043a\u0430\u043a \u043f\u0440\u043e\u0438\u0441\u0445\u043e\u0434\u0438\u0442 \u043e\u0442\u0441\u043b\u0435\u0436\u0438\u0432\u0430\u043d\u0438\u0435, \u0432\u044b\u0446\u0435\u043f\u043b\u0435\u043d\u0438\u0435 \u0438 \u0432\u0441\u044f\u043a\u043e\u0435 \u0442\u0430\u043a\u043e\u0435. \u042f \u0442\u0443\u0442 \u0441\u0430\u043c\u0430 \u0434\u0432\u0430 \u0434\u043d\u044f \u0438 \u043d\u0435 \u0437\u043d\u0430\u044e, \u043a\u0430\u043a \u044d\u0442\u043e \u0443\u0434\u043e\u0431\u043d\u043e \u0434\u0435\u043b\u0430\u0442\u044c.",
        "ts": "1477425949.000510"
    },
    {
        "type": "message",
        "user": "U1BLFF50V",
        "text": "\u044f \u0434\u0430\u0436\u0435 \u043d\u0435 \u043c\u043e\u0433\u0443 \u043f\u0440\u0438\u0433\u043b\u0430\u0441\u0438\u0442\u044c \u0432 \u0438\u043c\u0435\u043d\u043d\u043e \u0432 \u043d\u0430\u0448 \u043a\u0430\u043d\u0430\u043b, \u0447\u0442\u043e\u0431\u044b \u0442\u0430\u043c \u043f\u043e\u0442\u043e\u043c \u043f\u043e\u043f\u0440\u0438\u0432\u0435\u0442\u0441\u0442\u0432\u043e\u0432\u0430\u0442\u044c \u0447\u0435\u043b\u043e\u0432\u0435\u043a\u0430",
        "ts": "1477425964.000511"
    },
    {
        "type": "message",
        "user": "U0FD5HC1F",
        "text": "<@U2T2K1NPR> \u041c\u043e\u0436\u0435\u0442, \u043c\u043e\u0436\u043d\u043e \u043d\u0430\u0441\u0442\u0440\u043e\u0438\u0442\u044c \u0431\u043e\u0442\u0430, \u0447\u0442\u043e\u0431\u044b \u043e\u043d \u043e\u0442\u043f\u0440\u0430\u0432\u043b\u044f\u043b \u043a\u043e\u043c\u0443-\u0442\u043e \u043a\u043e\u043d\u043a\u0440\u0435\u0442\u043d\u043e\u043c\u0443 mention \u043f\u0440\u0438 \u0440\u0435\u0433\u0438\u0441\u0442\u0440\u0430\u0446\u0438\u0438 \u043d\u043e\u0432\u043e\u0433\u043e \u0447\u0435\u043b\u043e\u0432\u0435\u043a\u0430?",
        "ts": "1477425994.000512"
    },
    {
        "type": "message",
        "user": "U0FD5HC1F",
        "text": "^ <@U0F6P8JAG> <@U2KS93BC2>",
        "ts": "1477426006.000513"
    },
    {
        "type": "message",
        "user": "U2T2K1NPR",
        "text": "\u0412\u043e, \u0432\u043e\u0442 \u044d\u0442\u043e \u043e\u0442\u043b\u0438\u0447\u043d\u043e \u0431\u044b\u043b\u043e \u0431\u044b.\n\u0422\u043e \u0435\u0441\u0442\u044c \u044f \u0433\u043e\u0442\u043e\u0432\u0430 \u043d\u0430 \u0443\u0441\u043b\u043e\u0432\u0438\u044f\u0445 \u201c\u0432\u0438\u0436\u0443 \u0447\u0435\u043b\u043e\u0432\u0435\u043a\u0430, \u0433\u043e\u0432\u043e\u0440\u044e \u0435\u043c\u0443 \u043f\u0440\u0438\u044f\u0442\u043d\u043e\u0435\"",
        "ts": "1477426058.000514"
    },
    {
        "type": "message",
        "user": "U0GQ50ESU",
        "text": "\u041c\u043d\u0435 \u043a\u0430\u0436\u0435\u0442\u0441\u044f, \u0432\u044b \u0441\u043b\u0438\u0448\u043a\u043e\u043c \u0443\u0441\u043b\u043e\u0436\u043d\u044f\u0435\u0442\u0435. \u041d\u0435 \u0442\u0430\u043a \u0443\u0436 \u0438 \u043c\u043d\u043e\u0433\u043e \u043a \u043d\u0430\u043c \u043d\u0430\u0440\u043e\u0434\u0443 \u043f\u0440\u0438\u0445\u043e\u0434\u0438\u0442. \u0410 \u0432\u043e\u0442 \u043f\u0435\u0440\u0438\u043e\u0434\u0438\u0447\u0435\u0441\u043a\u0438 \u0432 \u0441\u043b\u0430\u043a \u0437\u0430\u0445\u043e\u0434\u0438\u0442 \u043c\u043d\u043e\u0433\u043e \u043b\u044e\u0434\u0435\u0439 \u0438 \u0432 \u043a\u0430\u043d\u0430\u043b\u0435 \u0432\u0438\u0434\u043d\u043e, \u0447\u0442\u043e \u043d\u043e\u0432\u044b\u0439 \u044e\u0437\u0435\u0440 \u043f\u0440\u0438\u0441\u043e\u0435\u0434\u0438\u043d\u0438\u043b\u0441\u044f. \u0423\u0432\u0438\u0434\u0435\u043b -&gt; \u0441\u043a\u0430\u0437\u0430\u043b \"\u043f\u0440\u0438\u0432\u0435\u0442, \u0442\u044b \u043a\u0442\u043e?\" -&gt; \u043f\u0440\u043e\u0444\u0438\u0442",
        "ts": "1477426391.000515",
        "reactions": [
            {
                "name": "heavy_plus_sign",
                "users": [
                    "U0G8VK9SQ",
                    "U0F6P8JAG"
                ],
                "count": 2
            }
        ]
    },
    {
        "type": "message",
        "user": "U2T2K1NPR",
        "text": "\u042f \u0432\u043e\u0442 \u043d\u043e\u0432\u043e\u0433\u043e \u043d\u0435 \u0443\u0437\u043d\u0430\u044e.",
        "ts": "1477426465.000516"
    },
    {
        "type": "message",
        "user": "U0GQ50ESU",
        "text": "\u041f\u043e\u0447\u0435\u043c\u0443? \u0421\u043b\u0430\u043a \u043f\u0438\u0448\u0435\u0442 @username joined #channel\n\u0412 \u043e\u0431\u0449\u0435\u043c \u044f \u0433\u043e\u0442\u043e\u0432\u0430 \u043f\u0440\u0438\u0432\u0435\u0442\u0441\u0442\u0432\u043e\u0432\u0430\u0442\u044c \u043f\u0440\u0438\u0445\u043e\u0434\u044f\u0449\u0438\u0445, \u043a\u043e\u0433\u0434\u0430 \u0438\u0445 \u0437\u0430\u043c\u0435\u0447\u0443 \u0434\u043e \u043a\u043e\u0433\u043e-\u0442\u043e \u0434\u0440\u0443\u0433\u043e\u0433\u043e. \u0410 \u0442\u0430\u043c \u0438 \u0435\u0449\u0451 \u043a\u0442\u043e-\u043d\u0438\u0431\u0443\u0434\u044c \u043f\u043e\u0434\u0442\u044f\u043d\u0435\u0442\u0441\u044f:)",
        "ts": "1477426620.000517"
    },
    {
        "type": "message",
        "user": "U2T2K1NPR",
        "text": "\u0421\u043b\u0430\u043a \u043f\u0438\u0448\u0435\u0442 \u0442\u0430\u043a \u0442\u043e\u043b\u044c\u043a\u043e \u043f\u0440\u043e \u043d\u043e\u0432\u0435\u043d\u044c\u043a\u0438\u0445?",
        "ts": "1477426654.000518"
    },
    {
        "type": "message",
        "user": "U0FD5HC1F",
        "text": "\u041d\u0435\u0442, \u0435\u0441\u043b\u0438 \u0432\u044b\u0448\u0435\u043b \u0438 \u0441\u043d\u043e\u0432\u0430 \u0437\u0430\u0448\u0435\u043b, \u0442\u043e \u043f\u0438\u0448\u0435\u0442.",
        "ts": "1477426670.000519"
    },
    {
        "type": "message",
        "user": "U0FD5HC1F",
        "text": "\u041d\u043e \u0432 <#C0CTD63D2|announcements> \u0442\u043e\u043b\u044c\u043a\u043e \u043f\u0440\u043e \u043d\u043e\u0432\u0435\u043d\u044c\u043a\u0438\u0445, \u0442\u0430\u043c \u0432\u0441\u0435.",
        "ts": "1477426678.000520"
    },
    {
        "type": "message",
        "user": "U0GQ50ESU",
        "text": "\u041f\u0440\u043e \u0442\u0435\u0445 \u043a\u0442\u043e \u043f\u0440\u0438\u0445\u043e\u0434\u0438\u0442 \u0432 \u043a\u0430\u043d\u0430\u043b. \u041d\u043e \u0435\u0441\u0442\u044c \u043a\u0430\u043d\u0430\u043b\u044b, \u0432 \u043a\u043e\u0442\u043e\u0440\u044b\u0435 \u043d\u043e\u0432\u044b\u0439 \u0447\u0435\u043b\u043e\u0432\u0435\u043a \u0430\u0432\u0442\u043e\u043c\u0430\u0442\u0438\u0447\u0435\u0441\u043a\u0438 \u043f\u043e\u043f\u0430\u0434\u0430\u0435\u0442. \u0422\u0430\u043a \u0438 \u0432\u044b\u0447\u0438\u0441\u043b\u044f\u044e\u0442\u0441\u044f \u043d\u043e\u0432\u0435\u043d\u044c\u043a\u0438\u0435:)",
        "ts": "1477426718.000521"
    },
    {
        "type": "message",
        "user": "U0FD5HC1F",
        "text": "\u0413\u043e\u0432\u043e\u0440\u044e \u0436\u0435, \u0441\u043c\u043e\u0442\u0440\u0438\u0442\u0435 <#C0CTD63D2|announcements>, \u0432 \u043d\u0435\u0433\u043e \u0442\u043e\u0447\u043d\u043e \u0432\u0441\u0435 \u043f\u043e\u043f\u0430\u0434\u0430\u044e\u0442 \u0438 \u0438\u0437 \u043d\u0435\u0433\u043e \u043d\u0435\u043b\u044c\u0437\u044f \u0432\u044b\u0439\u0442\u0438, \u043f\u043e\u0442\u043e\u043c\u0443 \u0447\u0442\u043e \u043e\u043d \u0442\u0430\u043a\u043e\u0439 \u0432\u043e\u0442 \u0434\u0435\u0444\u043e\u043b\u0442\u043d\u044b\u0439.",
        "ts": "1477426753.000522"
    },
    {
        "type": "message",
        "user": "U0H1U59BL",
        "text": "\u0422\u0430\u043a \u0437\u0430\u0434\u0430\u0447\u0430 \u0432\u0440\u043e\u0434\u0435 \u043d\u0435 \u043f\u0440\u043e\u0441\u0442\u043e \u0432\u0441\u0435\u043c \u0433\u043e\u0432\u043e\u0440\u0438\u0442\u044c \u043f\u0440\u0438\u0432\u0435\u0442, \u0430 \u0442\u0435\u043c, \u043a\u0442\u043e \u043f\u043e\u0434\u043a\u043b\u044e\u0447\u0430\u0435\u0442\u0441\u044f \u043a \u0431\u0435\u0441\u0435\u0434\u0435 \u0432 open, \u043a \u043f\u0440\u0438\u043c\u0435\u0440\u0443?",
        "ts": "1477426791.000523",
        "reactions": [
            {
                "name": "grey_question",
                "users": [
                    "U0GQ50ESU"
                ],
                "count": 1
            }
        ]
    },
    {
        "type": "message",
        "user": "U0H1U59BL",
        "text": "\u0417\u0430\u0447\u0435\u043c \u0438\u0445 \u043e\u0442\u0441\u043b\u0435\u0436\u0438\u0432\u0430\u0442\u044c-\u0442\u043e.",
        "ts": "1477426802.000524"
    },
    {
        "type": "message",
        "user": "U0H1U59BL",
        "text": "\"\u041f\u043e\u0434\u043a\u043b\u044e\u0447\u0430\u0435\u0442\u0441\u044f\" \u0432 \u0442\u043e\u043c \u0447\u0438\u0441\u043b\u0435 \u0438 \u0432 \u043a\u0430\u0447\u0435\u0441\u0442\u0432\u0435 \u0437\u0440\u0438\u0442\u0435\u043b\u044f, \u043a\u043e\u043d\u0435\u0447\u043d\u043e.",
        "ts": "1477426830.000525",
        "reactions": [
            {
                "name": "heavy_plus_sign",
                "users": [
                    "U2Q17MG00"
                ],
                "count": 1
            }
        ]
    },
    {
        "type": "message",
        "user": "U0GQ50ESU",
        "text": "\u0417\u0430\u0434\u0430\u0447\u0430: \u0433\u043e\u0432\u043e\u0440\u0438\u0442\u044c \u043f\u0440\u0438\u0432\u0435\u0442 \u0438 \u0432\u0442\u044f\u0433\u0438\u0432\u0430\u0442\u044c \u0432 \u043c\u0430\u043b\u0435\u043d\u044c\u043a\u0443\u044e \u0431\u0435\u0441\u0435\u0434\u0443 \u043d\u0430 \u043f\u0430\u0440\u0443 \u0441\u043e\u043e\u0431\u0449\u0435\u043d\u0438\u0439 \u0442\u0435\u0445, \u043a\u0442\u043e \u043f\u0435\u0440\u0432\u044b\u0439 \u0440\u0430\u0437 \u043f\u043e\u043f\u0430\u043b \u0432 \u043d\u0430\u0448 \u0441\u043b\u0430\u043a. \u0427\u0442\u043e\u0431\u044b \u0443\u0437\u043d\u0430\u0442\u044c \u043e \u043d\u0438\u0445 \u0438 \u0447\u0442\u043e\u0431\u044b \u0438\u043c \u0431\u044b\u043b\u043e \u043d\u0435 \u0442\u0430\u043a \u0441\u0442\u0440\u0430\u0448\u043d\u043e \u043f\u0438\u0441\u0430\u0442\u044c \u0441\u044e\u0434\u0430 \u043f\u0435\u0440\u0432\u044b\u043c\u0438. ",
        "ts": "1477426924.000526"
    },
    {
        "type": "message",
        "user": "U2Q17MG00",
        "text": "\u0435\u0441\u043b\u0438 \u0432 <#C0CTD63DJ|open> \u0438\u0445 \u0432\u0441\u0442\u0440\u0435\u0447\u0430\u0442\u044c, \u0442\u043e \u043e\u043d\u0438 \u043c\u043e\u0433\u0443\u0442 \u0447\u0443\u0432\u0441\u0442\u0432\u043e\u0432\u0430\u0442\u044c \u0441\u0435\u0431\u044f \u043d\u0435\u0443\u0434\u043e\u0431\u043d\u043e, \u043f\u043e\u0442\u043e\u043c\u0443 \u0447\u0442\u043e \u043f\u0440\u0435\u0440\u0432\u0430\u043b\u0438 \u0434\u0438\u0441\u043a\u0443\u0441\u0441\u0438\u044e, \u043a\u043e\u0442\u043e\u0440\u0430\u044f \u0431\u044b\u043b\u0430 \u0432 <#C0CTD63DJ|open> \n\n\u0437\u0430\u043c\u0435\u0447\u0430\u0442\u044c \u0438\u0445 \u043c\u043e\u0436\u043d\u043e \u0433\u0434\u0435 \u0443\u0433\u043e\u0434\u043d\u043e, \u043d\u043e _\u043f\u0440\u0438\u0432\u0435\u0442\u0441\u0442\u0432\u043e\u0432\u0430\u0442\u044c_ \u043b\u0443\u0447\u0448\u0435 \u0432 \u043a\u0430\u043a\u043e\u043c-\u0442\u043e \u043e\u0442\u0434\u0435\u043b\u044c\u043d\u043e\u043c \u043a\u0430\u043d\u0430\u043b\u0435, \u043d\u0430\u0432\u0435\u0440\u043d\u043e",
        "ts": "1477426953.000527",
        "reactions": [
            {
                "name": "heavy_plus_sign",
                "users": [
                    "U0GQ50ESU",
                    "U0G8VK9SQ"
                ],
                "count": 2
            }
        ]
    },
    {
        "type": "message",
        "user": "U0H1U59BL",
        "text": "\u0410, \u043e\u043a. \u0417\u043d\u0430\u0447\u0438\u0442 \u044f \u043d\u0435 \u0442\u0430\u043a \u043f\u043e\u043d\u044f\u043b \u0437\u0430\u0434\u0430\u0447\u0443. \u041d\u043e \u044d\u0442\u0430 \u0437\u0432\u0443\u0447\u0438\u0442 \u043a\u0443\u0434\u0430 \u0431\u043e\u043b\u0435\u0435 \u0442\u0440\u0443\u0434\u043e\u0451\u043c\u043a\u043e \u0438 \u0441\u043b\u0435\u0433\u043a\u0430 \u043d\u0430\u0432\u044f\u0437\u0447\u0438\u0432\u043e.",
        "ts": "1477426960.000528"
    },
    {
        "type": "message",
        "user": "U0H1U59BL",
        "text": "\"\u041f\u0440\u0438\u0432\u0435\u0442 \u0425\" \u043d\u0435 \u0432\u043e\u0441\u043f\u0440\u0438\u043d\u0438\u043c\u0430\u0435\u0442\u0441\u044f \u043a\u0430\u043a \u043f\u0440\u0435\u0440\u044b\u0432\u0430\u043d\u0438\u0435 \u0434\u0438\u0441\u043a\u0443\u0441\u0441\u0438\u0438, \u043f\u043e-\u043c\u043e\u0435\u043c\u0443.",
        "ts": "1477426990.000529"
    },
    {
        "type": "message",
        "user": "U0H1U59BL",
        "text": "\"\u041f\u0440\u0438\u0432\u0435\u0442\u0441\u0442\u0432\u043e\u0432\u0430\u0442\u044c\" - \u044d\u0442\u043e \u043c\u0438\u043d\u0438-\u0431\u0435\u0441\u0435\u0434\u0430?",
        "ts": "1477427048.000530"
    },
    {
        "type": "message",
        "user": "U2Q17MG00",
        "text": "\u0442\u0430\u043a \u043f\u0440\u0435\u0434\u043f\u043e\u043b\u0430\u0433\u0430\u0435\u0442\u0441\u044f, \u0447\u0442\u043e \u0432 \u043e\u0442\u0432\u0435\u0442 \u043d\u0430 \u201c\u043f\u0440\u0438\u0432\u0435\u0442\u201d \u043d\u043e\u0432\u0438\u0447\u043e\u043a \u0447\u0442\u043e-\u0442\u043e \u043e \u0441\u0435\u0431\u0435 \u0440\u0430\u0441\u0441\u043a\u0430\u0436\u0435\u0442 \u0438\u043b\u0438 \u0437\u0430\u0432\u044f\u0436\u0435\u0442\u0441\u044f \u043a\u0430\u043a\u043e\u0439-\u0442\u043e \u0440\u0430\u0437\u0433\u043e\u0432\u043e\u0440, \u0432\u043a\u043b\u044e\u0447\u0430\u044e\u0449\u0438\u0439 \u043d\u043e\u0432\u0438\u0447\u043a\u0430",
        "edited": {
            "user": "U2Q17MG00",
            "ts": "1477427161.000000"
        },
        "ts": "1477427055.000531"
    },
    {
        "type": "message",
        "user": "U2Q17MG00",
        "text": "\u0432\u043e\u0442 \u043f\u0440\u0438\u043c\u0435\u0440 \u0438\u0437 \u0430\u043d\u0433\u043b\u043e\u0441\u043b\u0430\u043a\u0430",
        "ts": "1477427102.000532"
    },
    {
        "type": "message",
        "subtype": "file_share",
        "text": "<@U2Q17MG00|neongreen> uploaded a file: <https:\/\/lesswrongru.slack.com\/files\/neongreen\/F2U4J245S\/pasted_image_at_2016_10_25_11_25_pm.png|Pasted image at 2016-10-25, 11:25 PM>",
        "file": {
            "id": "F2U4J245S",
            "created": 1477427113,
            "timestamp": 1477427113,
            "name": "Pasted image at 2016_10_25 11_25 PM.png",
            "title": "Pasted image at 2016-10-25, 11:25 PM",
            "mimetype": "image\/png",
            "filetype": "png",
            "pretty_type": "PNG",
            "user": "U2Q17MG00",
            "editable": false,
            "size": 362948,
            "mode": "hosted",
            "is_external": false,
            "external_type": "",
            "is_public": true,
            "public_url_shared": false,
            "display_as_bot": false,
            "username": "",
            "url_private": "https:\/\/files.slack.com\/files-pri\/T0CTD4Q0K-F2U4J245S\/pasted_image_at_2016_10_25_11_25_pm.png?t=xoxe-12931160019-103607625319-102215183440-059257f7d7",
            "url_private_download": "https:\/\/files.slack.com\/files-pri\/T0CTD4Q0K-F2U4J245S\/download\/pasted_image_at_2016_10_25_11_25_pm.png?t=xoxe-12931160019-103607625319-102215183440-059257f7d7",
            "thumb_64": "https:\/\/files.slack.com\/files-tmb\/T0CTD4Q0K-F2U4J245S-72ba330592\/pasted_image_at_2016_10_25_11_25_pm_64.png?t=xoxe-12931160019-103607625319-102215183440-059257f7d7",
            "thumb_80": "https:\/\/files.slack.com\/files-tmb\/T0CTD4Q0K-F2U4J245S-72ba330592\/pasted_image_at_2016_10_25_11_25_pm_80.png?t=xoxe-12931160019-103607625319-102215183440-059257f7d7",
            "thumb_360": "https:\/\/files.slack.com\/files-tmb\/T0CTD4Q0K-F2U4J245S-72ba330592\/pasted_image_at_2016_10_25_11_25_pm_360.png?t=xoxe-12931160019-103607625319-102215183440-059257f7d7",
            "thumb_360_w": 360,
            "thumb_360_h": 170,
            "thumb_480": "https:\/\/files.slack.com\/files-tmb\/T0CTD4Q0K-F2U4J245S-72ba330592\/pasted_image_at_2016_10_25_11_25_pm_480.png?t=xoxe-12931160019-103607625319-102215183440-059257f7d7",
            "thumb_480_w": 480,
            "thumb_480_h": 227,
            "thumb_160": "https:\/\/files.slack.com\/files-tmb\/T0CTD4Q0K-F2U4J245S-72ba330592\/pasted_image_at_2016_10_25_11_25_pm_160.png?t=xoxe-12931160019-103607625319-102215183440-059257f7d7",
            "thumb_720": "https:\/\/files.slack.com\/files-tmb\/T0CTD4Q0K-F2U4J245S-72ba330592\/pasted_image_at_2016_10_25_11_25_pm_720.png?t=xoxe-12931160019-103607625319-102215183440-059257f7d7",
            "thumb_720_w": 720,
            "thumb_720_h": 340,
            "thumb_960": "https:\/\/files.slack.com\/files-tmb\/T0CTD4Q0K-F2U4J245S-72ba330592\/pasted_image_at_2016_10_25_11_25_pm_960.png?t=xoxe-12931160019-103607625319-102215183440-059257f7d7",
            "thumb_960_w": 960,
            "thumb_960_h": 454,
            "thumb_1024": "https:\/\/files.slack.com\/files-tmb\/T0CTD4Q0K-F2U4J245S-72ba330592\/pasted_image_at_2016_10_25_11_25_pm_1024.png?t=xoxe-12931160019-103607625319-102215183440-059257f7d7",
            "thumb_1024_w": 1024,
            "thumb_1024_h": 484,
            "image_exif_rotation": 1,
            "original_w": 1878,
            "original_h": 888,
            "permalink": "https:\/\/lesswrongru.slack.com\/files\/neongreen\/F2U4J245S\/pasted_image_at_2016_10_25_11_25_pm.png",
            "permalink_public": "https:\/\/slack-files.com\/T0CTD4Q0K-F2U4J245S-61b9b3bd38",
            "channels": [
                "C0L93QKDZ"
            ],
            "groups": [
    
            ],
            "ims": [
    
            ],
            "comments_count": 0
        },
        "user": "U2Q17MG00",
        "upload": true,
        "display_as_bot": false,
        "username": "<@U2Q17MG00|neongreen>",
        "bot_id": null,
        "ts": "1477427117.000533"
    },
    {
        "type": "message",
        "user": "U0FD5HC1F",
        "text": "\"\u041f\u0440\u0438\u0432\u0435\u0442, X! \u041c\u044b \u0442\u0430\u043a\u0438\u0435-\u0442\u043e. \u0415\u0441\u043b\u0438 \u0442\u044b \u0435\u0449\u0435 \u043d\u0435 \u0437\u043d\u0430\u0435\u0448\u044c, \u0442\u043e \u043e \u043d\u0430\u0441 \u043c\u043e\u0436\u043d\u043e \u043f\u0440\u043e\u0447\u0438\u0442\u0430\u0442\u044c \u0442\u0443\u0442. \u0420\u0430\u0441\u0441\u043a\u0430\u0436\u0438 \u043e \u0441\u0435\u0431\u0435 \u0438 \u043a\u0430\u043a \u0442\u044b \u043e \u043d\u0430\u0441 \u0443\u0437\u043d\u0430\u043b\"",
        "ts": "1477427122.000534"
    },
    {
        "type": "message",
        "user": "U2Q17MG00",
        "text": "\u0430 \u0442\u0430\u043a \u043f\u043e\u043b\u0443\u0447\u0438\u0442\u0441\u044f \u201c\u043e\u043a\u0435\u0439, \u043f\u0440\u0438\u0432\u0435\u0442-\u043f\u0440\u0438\u0432\u0435\u0442, \u0430 \u0442\u0435\u043f\u0435\u0440\u044c \u043c\u044b \u0434\u0430\u043b\u044c\u0448\u0435 \u0431\u0443\u0434\u0435\u043c \u0440\u0430\u0437\u0433\u043e\u0432\u0430\u0440\u0438\u0432\u0430\u0442\u044c \u043e \u0441\u0432\u043e\u0451\u043c\u201d",
        "ts": "1477427130.000535"
    }
]