[
    {
        "user": "U2Q0BMHMF",
        "text": "<@U2Q0BMHMF|ingver> has joined the channel",
        "type": "message",
        "subtype": "channel_join",
        "ts": "1476639840.000251"
    },
    {
        "type": "message",
        "user": "U211W67K4",
        "text": "\u0414\u0432\u0430 \u0440\u0430\u0432\u043d\u043e \u0438 \u0442\u0440\u0438 \u0440\u0430\u0432\u043d\u043e \u0436\u0435, \u043d\u0443 :smiley:.",
        "ts": "1476655956.000252",
        "reactions": [
            {
                "name": "question",
                "users": [
                    "U0G0KMGKH"
                ],
                "count": 1
            }
        ]
    },
    {
        "user": "U2Q17MG00",
        "text": "<@U2Q17MG00|neongreen> has joined the channel",
        "type": "message",
        "subtype": "channel_join",
        "ts": "1476659006.000253"
    },
    {
        "type": "message",
        "user": "U0FGKCY31",
        "text": "\u2248 <https:\/\/lesswrongru.slack.com\/archives\/meta\/p1476456986000210>\n\u041c\u043d\u0435 \u0431\u044b \u043d\u0435 \u043f\u043e\u043c\u0435\u0448\u0430\u043b\u043e \u00ab\u043f\u0440\u0438\u0431\u043b\u0438\u0437\u0438\u0442\u0435\u043b\u044c\u043d\u043e \u0440\u0430\u0432\u043d\u043e\u00bb.",
        "attachments": [
            {
                "from_url": "https:\/\/lesswrongru.slack.com\/archives\/meta\/p1476456986000210",
                "fallback": "[October 14th, 2016 7:56 AM] mihaild: \u043e, \u0430 \u0434\u0430\u0432\u0430\u0439\u0442\u0435 \u0432\u0441\u044e \u043c\u0430\u0442\u0435\u043c\u0430\u0442\u0438\u0447\u0435\u0441\u043a\u0443\u044e \u0447\u0430\u0441\u0442\u044c \u044e\u043d\u0438\u043a\u043e\u0434\u0430 \u0432 \u0440\u0435\u0430\u043a\u0446\u0438\u0438 \u0437\u0430\u043f\u0438\u043b\u0438\u043c?",
                "ts": "1476456986.000210",
                "author_subname": "mihaild",
                "channel_id": "C0L93QKDZ",
                "channel_name": "meta",
                "is_msg_unfurl": true,
                "text": "\u043e, \u0430 \u0434\u0430\u0432\u0430\u0439\u0442\u0435 \u0432\u0441\u044e \u043c\u0430\u0442\u0435\u043c\u0430\u0442\u0438\u0447\u0435\u0441\u043a\u0443\u044e \u0447\u0430\u0441\u0442\u044c \u044e\u043d\u0438\u043a\u043e\u0434\u0430 \u0432 \u0440\u0435\u0430\u043a\u0446\u0438\u0438 \u0437\u0430\u043f\u0438\u043b\u0438\u043c?",
                "author_name": "Mikhail Dektyarev",
                "author_link": "https:\/\/lesswrongru.slack.com\/team\/mihaild",
                "author_icon": "https:\/\/avatars.slack-edge.com\/2016-05-27\/46406322980_f26d60469dcf10bf732c_48.jpg",
                "mrkdwn_in": [
                    "text"
                ],
                "id": 1,
                "footer": "Posted in #meta"
            }
        ],
        "ts": "1476659883.000254"
    }
]