[
    {
        "type": "message",
        "user": "U0HJ93C3B",
        "text": "\u0410 \u0441\u043b\u0430\u043a\u0431\u043e\u0442 \u043d\u0435 \u043c\u043e\u0436\u0435\u0442 \u0432\u044b\u0432\u043e\u0434\u0438\u0442\u044c \u043f\u0440\u0438\u0432\u0435\u0442\u0441\u0442\u0432\u0435\u043d\u043d\u043e\u0435 \u0441\u043e\u043e\u0431\u0449\u0435\u043d\u0438\u0435 \u0432 \u043b\u0438\u0447\u043a\u0443 \u043a\u0430\u0436\u0434\u043e\u043c\u0443 \u043f\u043e\u043b\u044c\u0437\u043e\u0432\u0430\u0442\u0435\u043b\u044e?",
        "ts": "1474190541.000053"
    },
    {
        "type": "message",
        "user": "U0HJ93C3B",
        "text": "\u0422\u0430\u043c \u043c\u043e\u0436\u043d\u043e \u0431\u044b\u043b\u043e \u0431\u044b \u043a\u0440\u0430\u0442\u043a\u043e \u043e\u043f\u0438\u0441\u0430\u0442\u044c, \u0447\u0442\u043e, \u043c\u043e\u043b, \u0443 \u043d\u0430\u0441 \u0435\u0441\u0442\u044c \u0432\u043e\u0442 \u0442\u0430\u043a\u0438\u0435 \u043a\u0430\u043d\u0430\u043b\u044b, \u0434\u043e\u0431\u0430\u0432\u043b\u044f\u0439\u0442\u0435\u0441\u044c.",
        "ts": "1474190558.000054"
    },
    {
        "type": "message",
        "user": "U0HJ93C3B",
        "text": "\u0410 \u043f\u043e \u0443\u043c\u043e\u043b\u0447\u0430\u043d\u0438\u044e \u0434\u043e\u0431\u0430\u0432\u043b\u044f\u0442\u044c \u0442\u043e\u043b\u044c\u043a\u043e \u0432 <#C0CTD63DJ|open> \u0438 <#C0CTD63D2|announcements>.",
        "ts": "1474190575.000055"
    },
    {
        "type": "message",
        "user": "U0F6P8JAG",
        "text": "\u042f \u043d\u0435 \u0441\u043b\u044b\u0448\u0430\u043b \u043e \u0442\u0430\u043a\u043e\u0439 \u0444\u0438\u0447\u0435.",
        "ts": "1474190707.000056"
    },
    {
        "type": "message",
        "user": "U0HJ93C3B",
        "text": "\u041d\u0443 \u0438\u043b\u0438 \u043c\u043e\u0436\u0435\u0442 \u0441\u0430\u043c\u0438\u043c \u043c\u043e\u0436\u043d\u043e \u0431\u043e\u0442\u0430 \u043d\u0430\u043f\u0438\u0441\u0430\u0442\u044c?",
        "ts": "1474190734.000057"
    },
    {
        "type": "message",
        "user": "U0HJ93C3B",
        "text": "\u0418\u043b\u0438 \u043d\u0430\u0439\u0442\u0438 \u0433\u043e\u0442\u043e\u0432\u043e\u0433\u043e welcomebot'\u0430?",
        "ts": "1474190748.000058"
    },
    {
        "type": "message",
        "user": "U0F6P8JAG",
        "text": "\u041c\u043e\u0436\u043d\u043e :) \u041a\u0442\u043e \u0437\u0430 \u044d\u0442\u043e \u0432\u043e\u0437\u044c\u043c\u0451\u0442\u0441\u044f?",
        "ts": "1474190804.000059"
    },
    {
        "type": "message",
        "user": "U0HJ93C3B",
        "text": "\u042f \u043f\u043e\u043a\u0430 \u0442\u043e\u0447\u043d\u043e \u043d\u0435\u0442, \u043d\u043e \u043d\u0430\u0448\u0451\u043b \u0433\u0430\u0439\u0434: <https:\/\/medium.com\/@izzydoesizzy\/create-a-slack-bot-that-privately-greets-new-users-in-5-easy-steps-a38eabeabcb5>",
        "attachments": [
            {
                "service_name": "Medium",
                "title": "Create a Slack Bot That Privately Greets New Users in 5 Easy Steps",
                "title_link": "https:\/\/medium.com\/@izzydoesizzy\/create-a-slack-bot-that-privately-greets-new-users-in-5-easy-steps-a38eabeabcb5",
                "text": "A simple step-by-step guide to creating a Slack Bot that sends new users a customizable private Slack welcome message. (easy setup for non\u2026",
                "fallback": "Medium: Create a Slack Bot That Privately Greets New Users in 5 Easy Steps",
                "image_url": "https:\/\/cdn-images-1.medium.com\/max\/1200\/1*GFYd7MGtEsSDFw6kQZJzuA.png",
                "fields": [
                    {
                        "title": "Reading time",
                        "value": "3 min read",
                        "short": true
                    }
                ],
                "ts": 1464333866,
                "from_url": "https:\/\/medium.com\/@izzydoesizzy\/create-a-slack-bot-that-privately-greets-new-users-in-5-easy-steps-a38eabeabcb5",
                "image_width": 470,
                "image_height": 250,
                "image_bytes": 177306,
                "service_icon": "https:\/\/cdn-static-1.medium.com\/_\/fp\/img\/apple-touch-icon-ipad-retina.Akq8aSfZqfW1fceMxKqBZA.png",
                "id": 1
            }
        ],
        "ts": "1474190889.000060"
    },
    {
        "type": "message",
        "user": "U0F6P8JAG",
        "text": "\u0412\u043e\u043e\u0431\u0449\u0435 \u0435\u0441\u043b\u0438 \u0443\u0436 \u0437\u0430\u0432\u043e\u0434\u0438\u0442\u044c \u043e\u0442\u0434\u0435\u043b\u044c\u043d\u043e\u0433\u043e \u0431\u043e\u0442\u0430, \u0442\u043e \u0441\u0440\u0430\u0437\u0443 hubot\u2019\u0430 \u043d\u0430\u0434\u043e, \u043f\u043e-\u043c\u043e\u0435\u043c\u0443.",
        "ts": "1474190913.000062"
    },
    {
        "type": "message",
        "user": "U0HJ93C3B",
        "text": "\u041f\u043e-\u043c\u043e\u0435\u043c\u0443, \u044d\u0442\u043e overkill.",
        "ts": "1474190997.000063"
    },
    {
        "type": "message",
        "user": "U0F6P8JAG",
        "text": "\u042d\u0442\u043e \u043f\u0440\u0438\u043c\u0435\u0440\u043d\u043e \u043d\u0430\u0441\u0442\u043e\u043b\u044c\u043a\u043e \u0436\u0435 \u0441\u043b\u043e\u0436\u043d\u043e, \u043a\u0430\u043a \u0442\u043e, \u0447\u0442\u043e \u043d\u0430\u043f\u0438\u0441\u0430\u043d\u043e \u043f\u043e \u0441\u0441\u044b\u043b\u043a\u0435. \u0412\u0441\u0451 \u0440\u0430\u0432\u043d\u043e \u0434\u0435\u043f\u043b\u043e\u0438\u0442\u044c \u043d\u0430\u0434\u043e \u043a\u0443\u0434\u0430-\u0442\u043e.",
        "ts": "1474191095.000064"
    },
    {
        "type": "message",
        "user": "U1YPB06LS",
        "text": "\u0412 \u043a\u0430\u043a\u0438\u0445 \u043f\u043e\u043f\u0443\u0433\u0430\u044f\u0445 \u043c\u0435\u0440\u044f\u0435\u0442\u0435 \u043a\u043e\u043d\u0432\u0435\u0440\u0441\u0438\u044e?",
        "ts": "1474199425.000065"
    },
    {
        "type": "message",
        "user": "U1YPB06LS",
        "text": "\u042d\u0442\u043e \u0436\u0435 \u043d\u0435 \u043d\u0435\u0447\u0442\u043e \u043f\u043b\u0430\u0442\u043d\u043e\u0435, \u0433\u0434\u0435 \u043f\u043e\u043c\u0435\u0440\u044f\u0442\u044c \u043b\u0435\u0433\u043a\u043e \u0438 \u043f\u0440\u043e\u0441\u0442\u043e.",
        "ts": "1474199460.000066"
    },
    {
        "type": "message",
        "user": "U0F6P8JAG",
        "text": "\u041d\u0438 \u0432 \u043a\u0430\u043a\u0438\u0445. \u041c\u044b \u043d\u0435 \u043c\u0435\u0440\u044f\u0435\u043c, \u0430 \u043e\u0446\u0435\u043d\u0438\u0432\u0430\u0435\u043c, \u043d\u0430 \u0433\u043b\u0430\u0437.",
        "ts": "1474204200.000067"
    },
    {
        "type": "message",
        "user": "U0L4B5338",
        "text": "\u042f \u0430\u0440\u0445\u0438\u0432\u043d\u0443\u043b \u043a\u0430\u043d\u0430\u043b \u043f\u0440\u043e \u041c\u043e\u043b\u043e\u0445\u0430, \u0435\u0441\u043b\u0438 \u0447\u0442\u043e.",
        "ts": "1474213780.000068",
        "reactions": [
            {
                "name": "ok_hand",
                "users": [
                    "U0HJ93C3B"
                ],
                "count": 1
            }
        ]
    }
]