[
    {
        "user": "U2M0WDUQ7",
        "text": "<@U2M0WDUQ7|evgn> has joined the channel",
        "type": "message",
        "subtype": "channel_join",
        "ts": "1475911745.000111"
    },
    {
        "user": "U2LUTGED9",
        "text": "<@U2LUTGED9|a_kadmos> has joined the channel",
        "type": "message",
        "subtype": "channel_join",
        "ts": "1475920274.000112"
    },
    {
        "user": "U2M1ZP4GM",
        "text": "<@U2M1ZP4GM|karina> has joined the channel",
        "type": "message",
        "subtype": "channel_join",
        "ts": "1475936965.000113"
    },
    {
        "user": "U2M2QTHGU",
        "text": "<@U2M2QTHGU|chernov> has joined the channel",
        "type": "message",
        "subtype": "channel_join",
        "ts": "1475953408.000114"
    },
    {
        "user": "U2M2QTHGU",
        "text": "<@U2M2QTHGU|chernov> has left the channel",
        "type": "message",
        "subtype": "channel_leave",
        "ts": "1475953875.000115"
    },
    {
        "type": "message",
        "user": "U0H73DGHK",
        "text": "\u0411\u0435\u0437 \u0430\u0440\u0445\u0438\u0432\u043e\u0432 \u0438\u043d\u043e\u0433\u0434\u0430 \u0441\u0442\u0430\u043d\u043e\u0432\u0438\u0442\u0441\u044f \u043e\u0447\u0435\u043d\u044c \u0431\u043e\u043b\u044c\u043d\u043e. \u0412\u0430\u0436\u043d\u043e\u0435 \u043e\u0431\u0441\u0443\u0436\u0434\u0435\u043d\u0438\u0435 \u0443\u0435\u0445\u0430\u043b\u043e \u0432 \u043d\u0438\u043a\u0443\u0434\u0430.",
        "ts": "1475961869.000116"
    },
    {
        "type": "message",
        "user": "U0H73DGHK",
        "text": "\u0410\u0440\u0445\u0438\u0432\u044b \u043d\u0443\u0436\u043d\u044b",
        "ts": "1475961875.000117"
    },
    {
        "type": "message",
        "user": "U0F6P8JAG",
        "text": "1) \u0421\u0442\u0430\u0432\u0438\u043c <http:\/\/mattermost.org|mattermost.org>\n2) \u041f\u0435\u0440\u0435\u0435\u0437\u0436\u0430\u0435\u043c \u0442\u0443\u0434\u0430, \u043d\u0438\u043a\u0442\u043e \u043d\u0435 \u0437\u0430\u0445\u043e\u0434\u0438\u0442 \u0432 \u0441\u043b\u0430\u043a \u043d\u0430 \u043f\u0440\u043e\u0442\u044f\u0436\u0435\u043d\u0438\u0438 \u043c\u0435\u0441\u044f\u0446\u0430\n3) \u041f\u043b\u0430\u0442\u0438\u043c $6.67 \u0437\u0430 \u043f\u043e\u0441\u043b\u0435\u0434\u043d\u0435\u0433\u043e \u0430\u043a\u0442\u0438\u0432\u043d\u043e\u0433\u043e \u043f\u043e\u043b\u044c\u0437\u043e\u0432\u0430\u0442\u0435\u043b\u044f \u0438 \u0432\u044b\u0433\u0440\u0443\u0436\u0430\u0435\u043c \u0432\u0441\u0435 \u0430\u0440\u0445\u0438\u0432\u044b\n4) \u0418\u043c\u043f\u043e\u0440\u0442\u0438\u0440\u0443\u0435\u043c \u0430\u0440\u0445\u0438\u0432\u044b \u0432 <http:\/\/mattermost.org|mattermost.org>\n5) PROFIT",
        "ts": "1475962065.000118",
        "reactions": [
            {
                "name": "+1",
                "users": [
                    "U0FGKCY31"
                ],
                "count": 1
            }
        ]
    },
    {
        "type": "message",
        "user": "U0F6P8JAG",
        "text": "(\u043a\u0442\u043e \u0445\u043e\u0447\u0435\u0442 \u0437\u0430\u043d\u044f\u0442\u044c\u0441\u044f?)",
        "ts": "1475962078.000119"
    },
    {
        "type": "message",
        "user": "U0H73DGHK",
        "text": "\u043c\u043e\u0436\u0435\u0442 \u043b\u0438 \u043b\u043e\u0433\u0438 \u0432\u0435\u0441\u0442\u0438 \u043a\u0430\u043a\u043e\u0439-\u043d\u0438\u0431\u0443\u0434\u044c \u0431\u043e\u0442? \u0442\u043e\u0442 \u0436\u0435 hubot?",
        "ts": "1475962829.000120"
    },
    {
        "type": "message",
        "user": "U2KS93BC2",
        "text": "<https:\/\/github.com\/slackhq\/hubot-slack> \u0438\u043d\u0441\u0442\u0440\u0443\u043a\u0446\u0438\u044f \u0440\u0430\u0437\n<https:\/\/gist.github.com\/trey\/9690729> \u0438\u043d\u0441\u0442\u0440\u0443\u043a\u0446\u0438\u044f \u0434\u0432\u0430\n\n(\u044d\u0442\u043e \u0432 \u043f\u0430\u0440\u0443 \u043a \u0438\u043d\u0441\u0442\u0440\u0443\u043a\u0446\u0438\u0438 \u043f\u0440\u043e welcome \u0431\u043e\u0442\u0430 \u0432\u044b\u0448\u0435, \u043f\u043e\u0441\u0442\u0430\u0432\u0438\u0442\u044c \u043c\u043e\u0436\u043d\u043e \u0447\u0442\u043e-\u0442\u043e \u043e\u0434\u043d\u043e, \u043f\u043e\u0442\u043e\u043c\u0443 \u0447\u0442\u043e \u0441\u043b\u043e\u0442 \u0443 \u043d\u0430\u0441 \u043e\u0434\u0438\u043d)",
        "attachments": [
            {
                "service_name": "GitHub",
                "title": "slackhq\/hubot-slack",
                "title_link": "https:\/\/github.com\/slackhq\/hubot-slack",
                "text": "hubot-slack - This is a Hubot adapter to use with Slack.",
                "fallback": "GitHub: slackhq\/hubot-slack",
                "thumb_url": "https:\/\/avatars2.githubusercontent.com\/u\/6911160?v=3&s=400",
                "from_url": "https:\/\/github.com\/slackhq\/hubot-slack",
                "thumb_width": 256,
                "thumb_height": 256,
                "service_icon": "https:\/\/github.com\/apple-touch-icon.png",
                "id": 1
            }
        ],
        "ts": "1475962967.000121"
    },
    {
        "type": "message",
        "user": "U2KS93BC2",
        "text": "\u041c\u043d\u0435 \u043d\u0435 \u043e\u0447\u0435\u043d\u044c \u043d\u0440\u0430\u0432\u0438\u0442\u0441\u044f \u0438\u0434\u0435\u044f \u0434\u0440\u0443\u0433\u043e\u0433\u043e \u0447\u0430\u0442\u0430 \u0432\u043c\u0435\u0441\u0442\u043e \u0441\u043b\u044d\u043a\u0430, \u043f\u043e\u0442\u043e\u043c\u0443 \u0447\u0442\u043e \u043f\u043e \u043c\u043e\u0435\u043c\u0443 \u043e\u043f\u044b\u0442\u0443, \u043e\u0442\u0434\u0435\u043b\u044c\u043d\u044b\u043c \u0441\u0435\u0440\u0432\u0438\u0441\u043e\u043c \u0432\u0441\u0435\u0433\u0434\u0430 \u0441\u043b\u043e\u0436\u043d\u0435\u0435 \u043f\u043e\u043b\u044c\u0437\u043e\u0432\u0430\u0442\u044c\u0441\u044f \u0447\u0435\u043c \u0442\u0435\u043c, \u043a\u043e\u0442\u043e\u0440\u044b\u043c \u0443\u0436\u0435 \u0438 \u0442\u0430\u043a \u043f\u043e\u043b\u044c\u0437\u0443\u0435\u0448\u044c\u0441\u044f. LessWrong \u0443 \u043c\u0435\u043d\u044f \u0442\u0440\u0435\u0442\u0438\u0439 \u0441\u043b\u044d\u043a-\u0447\u0430\u0442 \u0438 \u044f \u0435\u0433\u043e \u0431\u0443\u0434\u0443 \u0447\u0438\u0442\u0430\u0442\u044c \u043f\u043e\u0447\u0442\u0438 \u043a\u0430\u0436\u0434\u044b\u0439 \u0434\u0435\u043d\u044c \u043d\u0430 \u0430\u0432\u0442\u043e\u043c\u0430\u0442\u0435, \u0430 \u0432\u043e\u0442 \u0434\u0440\u0443\u0433\u043e\u0439 \u043a\u0430\u043a\u043e\u0439-\u0442\u043e \u0447\u0430\u0442 - \u043d\u0435 \u0444\u0430\u043a\u0442",
        "ts": "1475963089.000123"
    },
    {
        "type": "message",
        "user": "U2KS93BC2",
        "text": "\u0425\u043e\u0442\u044f \u0431\u0435\u0437 \u0430\u0440\u0445\u0438\u0432\u043e\u0432 \u0433\u0440\u0443\u0441\u0442\u043d\u043e, \u044f \u0441\u043e\u0433\u043b\u0430\u0441\u043d\u0430",
        "ts": "1475963089.000124"
    },
    {
        "type": "message",
        "user": "U0F6P8JAG",
        "text": "<@U0H73DGHK>, \u0441 \u043b\u043e\u0433\u0430\u043c\u0438 \u0441\u043b\u043e\u0436\u043d\u043e. \u041f\u043e \u043a\u0440\u0430\u0439\u043d\u0435\u0439 \u043c\u0435\u0440\u0435 \u0433\u043e\u0434 \u043d\u0430\u0437\u0430\u0434 \u043d\u0435 \u043d\u0430\u0445\u043e\u0434\u0438\u043b\u0438\u0441\u044c \u043d\u0438\u043a\u0430\u043a\u0438\u0435 \u043f\u0440\u0438\u043b\u0438\u0447\u043d\u044b\u0435 \u0441\u0435\u0440\u0432\u0438\u0441\u044b \u0434\u043b\u044f \u043b\u043e\u0433\u0433\u0438\u0440\u043e\u0432\u0430\u043d\u0438\u044f (\u043a\u043e\u0442\u043e\u0440\u044b\u0435 \u043f\u0440\u0438 \u044d\u0442\u043e\u043c \u043d\u0435 \u043f\u0430\u043b\u0438\u043b\u0438 \u0431\u044b \u0432\u0441\u0435 \u043b\u043e\u0433\u0438 \u043f\u0443\u0431\u043b\u0438\u0447\u043d\u043e, \u0447\u0435\u0433\u043e \u043c\u043d\u043e\u0433\u0438\u0435 \u0442\u0443\u0442 \u043d\u0435 \u0445\u043e\u0442\u044f\u0442). \u0412\u0438\u0434\u0438\u043c\u043e, \u043f\u043e\u0442\u043e\u043c\u0443 \u0447\u0442\u043e \u044d\u0442\u043e \u043d\u0430\u0440\u0443\u0448\u0430\u0435\u0442 \u043a\u0430\u043a\u043e\u0439-\u0442\u043e \u043f\u0443\u043d\u043a\u0442 \u0438\u0437 slack\u2019\u043e\u0432\u0441\u043a\u043e\u0433\u043e TOS.",
        "ts": "1475963090.000125"
    },
    {
        "type": "message",
        "user": "U2KS93BC2",
        "text": "<https:\/\/levels.io\/slack-export-to-html\/> \u043d\u0430\u0448\u043b\u0430 \u0438\u043d\u0441\u0442\u0440\u0443\u043a\u0446\u0438\u044e \u043a\u0430\u043a \u0441\u043a\u0430\u0447\u0430\u0442\u044c \u043f\u043e\u043b\u043d\u044b\u0439 \u043b\u043e\u0433 \u0431\u0435\u0441\u043f\u043b\u0430\u0442\u043d\u043e\u0439 \u0432\u0435\u0440\u0441\u0438\u0438, \u0435\u0441\u043b\u0438 \u043a\u0442\u043e-\u0442\u043e \u0445\u043e\u0447\u0435\u0442 \u043f\u043e\u043f\u0440\u043e\u0431\u043e\u0432\u0430\u0442\u044c",
        "attachments": [
            {
                "service_name": "levels.io",
                "title": "How to export your Slack\u2019s entire archive as HTML message logs",
                "title_link": "https:\/\/levels.io\/slack-export-to-html\/",
                "text": "My chat community on Slack for digital nomads, called #nomads, has almost 4,000 members now. And it\u2019s been going for almost a year now (actually, exactly 6 days and it will be one year, wow!). Since it\u2019s 4,000 people, we\u2019ve always had issues with the 10,000 message limit for free Slack accounts. It\u2019d cost about ...",
                "fallback": "levels.io: How to export your Slack\u2019s entire archive as HTML message logs",
                "image_url": "https:\/\/levels.io\/wp-content\/uploads\/2015\/08\/Untitled-23.png",
                "ts": 1440549524,
                "from_url": "https:\/\/levels.io\/slack-export-to-html\/",
                "image_width": 500,
                "image_height": 250,
                "image_bytes": 540220,
                "service_icon": "https:\/\/levels.io\/favicon.ico",
                "id": 1
            }
        ],
        "ts": "1475963184.000126"
    },
    {
        "type": "message",
        "user": "U2KS93BC2",
        "text": "\u0415\u0449\u0435 \u0443 IFTTT \u0435\u0441\u0442\u044c slack \u0432  \u0438\u043d\u0442\u0435\u0433\u0440\u0430\u0446\u0438\u044f\u0445, \u043d\u043e \u043a\u0430\u0436\u0435\u0442\u0441\u044f \u0447\u0442\u043e \u0442\u0430\u043c \u0432\u0441\u0435 \u0440\u0435\u0446\u0435\u043f\u0442\u044b \u0442\u043e\u043b\u044c\u043a\u043e \u0432  \u043e\u0434\u043d\u0443 \u0441\u0442\u043e\u0440\u043e\u043d\u0443 - \u0442\u043e \u0435\u0441\u0442\u044c \u043c\u043e\u0436\u043d\u043e \u043e\u0442\u043a\u0443\u0434\u0430-\u0442\u043e \u043f\u0438\u0441\u0430\u0442\u044c \u0432 slack \u043d\u043e \u043d\u0435\u043b\u044c\u0437\u044f \u043d\u0438\u0447\u0435\u0433\u043e \u0438\u0437 \u043d\u0435\u0433\u043e \u0432\u044b\u0442\u044f\u0433\u0438\u0432\u0430\u0442\u044c(",
        "ts": "1475963389.000128"
    },
    {
        "type": "message",
        "user": "U2KS93BC2",
        "text": "\u0415\u0449\u0435 \u043a \u043a\u0430\u0436\u0434\u043e\u043c\u0443 \u043a\u0430\u043d\u0430\u043b\u0443 \u043c\u043e\u0436\u043d\u043e \u043f\u0440\u0438\u043a\u0440\u0435\u043f\u0438\u0442\u044c \u0433\u0443\u0433\u043b\u0434\u043e\u043a \u0438 \u0432\u0441\u0435 \u0432\u0430\u0436\u043d\u043e\u0435 \u043a\u043e\u043f\u0438\u0440\u043e\u0432\u0430\u0442\u044c \u0442\u0443\u0434\u0430 \u0441\u0440\u0430\u0437\u0443, \u043d\u043e \u044d\u0442\u043e \u0443\u0442\u043e\u043c\u043b\u044f\u0435\u0442 \u0438 \u043e\u043d\u0438 \u0442\u0435\u0440\u044f\u044e\u0442\u0441\u044f",
        "ts": "1475963435.000129"
    },
    {
        "type": "message",
        "user": "U0H73DGHK",
        "text": "\u043d\u0435 \u0432\u0438\u0436\u0443 \u043d\u0430 <https:\/\/lesswrongru.slack.com\/archives> \u043a\u043d\u043e\u043f\u043a\u0438 \"Export\"",
        "ts": "1475963436.000130"
    },
    {
        "type": "message",
        "user": "U0H73DGHK",
        "text": "\u043c\u043e\u0436\u0435\u0442 \u0431\u044b\u0442\u044c, \u043e\u043d\u0430 \u0435\u0441\u0442\u044c \u0442\u043e\u043b\u044c\u043a\u043e \u0443 \u0430\u0434\u043c\u0438\u043d\u0438\u0441\u0442\u0440\u0430\u0442\u043e\u0440\u043e\u0432?",
        "ts": "1475963456.000131"
    },
    {
        "type": "message",
        "user": "U0H73DGHK",
        "text": "Archiving a channel is useful to clean things up when you do not anticipate using the channel any more. If you archive this channel:\n\nNo one will be able to send messages to it anymore\nIt will be closed for anyone who has it open and all members will be removed\nYou will be able to view past conversations in the Archives on the site\nYou will be able to search for archived messages from this channel\nYou will always be able to un-archive it later\nAre you sure you want to archive <#C0G5L1EP4|reading>?",
        "ts": "1475963540.000132"
    },
    {
        "type": "message",
        "user": "U2KS93BC2",
        "text": "\u0410\u0430\u0430, \u0432\u043e\u0442 \u0435\u0449\u0435: \u0441\u043b\u044d\u043a \u043c\u043e\u0436\u043d\u043e \u0438\u043d\u0442\u0435\u0433\u0440\u0438\u0440\u043e\u0432\u0430\u0442\u044c \u0441\u043e \u0441\u043a\u0430\u0439\u043f\u043e\u043c \u0432 \u043e\u0431\u0435 \u0441\u0442\u043e\u0440\u043e\u043d\u044b, \u0442\u043e \u0435\u0441\u0442\u044c \u0441\u0434\u0435\u043b\u0430\u0442\u044c \u0442\u0430\u043a \u0447\u0442\u043e\u0431\u044b \u0432\u0441\u0435 \u0438\u0437 \u0441\u043b\u044d\u043a\u0430 \u043f\u043e\u043f\u0430\u0434\u0430\u043b\u043e \u0432 \u0441\u043a\u0430\u0439\u043f. \u0410 \u0441\u043a\u0430\u0439\u043f \u043a\u0430\u0436\u0435\u0442\u0441\u044f \u0445\u0440\u0430\u043d\u0438\u0442 \u0438\u0441\u0442\u043e\u0440\u0438\u044e. \u041f\u0440\u0430\u0432\u0434\u0430, \u043d\u0430 \u043a\u0430\u0436\u0434\u044b\u0439 \u043a\u0430\u043d\u0430\u043b \u043d\u0443\u0436\u0435\u043d \u043e\u0442\u0434\u0435\u043b\u044c\u043d\u044b\u0439 \u0433\u0440\u0443\u043f\u043f\u043e\u0432\u043e\u0439 \u0447\u0430\u0442 \u0432 \u0441\u043a\u0430\u0439\u043f\u0435 (\u043d\u043e \u043d\u0435 \u043e\u0431\u044f\u0437\u0430\u0442\u0435\u043b\u044c\u043d\u043e \u0447\u0442\u043e\u0431\u044b \u0432\u0441\u0435 \u043a\u0442\u043e \u0435\u0441\u0442\u044c \u0432 \u0441\u043b\u044d\u043a\u0435 \u0442\u0430\u043c \u0431\u044b\u043b\u0438)",
        "ts": "1475963571.000133"
    },
    {
        "type": "message",
        "user": "U0H73DGHK",
        "text": "\u0438\u043b\u0438 \u0447\u0435\u0440\u0435\u0437 irc\/xmpp \u043b\u043e\u0433\u0438\u0440\u043e\u0432\u0430\u0442\u044c",
        "ts": "1475963611.000134"
    },
    {
        "user": "U2M3KA8MT",
        "text": "<@U2M3KA8MT|misha> has joined the channel",
        "type": "message",
        "subtype": "channel_join",
        "ts": "1475963762.000135"
    },
    {
        "type": "message",
        "user": "U0F6P8JAG",
        "text": "\u041b\u043e\u0433\u0438 \u0441\u0430\u043c\u0438 \u043f\u043e \u0441\u0435\u0431\u0435, \u0431\u0435\u0437 \u0443\u0434\u043e\u0431\u043d\u043e\u0433\u043e \u043f\u043e\u0438\u0441\u043a\u0430 - \u043d\u0435 \u043e\u0447\u0435\u043d\u044c \u043f\u043e\u043b\u0435\u0437\u043d\u0430\u044f \u0448\u0442\u0443\u043a\u0430.",
        "ts": "1475963796.000136"
    },
    {
        "type": "message",
        "user": "U0F6P8JAG",
        "text": "\u0410 \u0443\u0434\u043e\u0431\u043d\u044b\u0439 \u043f\u043e\u0438\u0441\u043a \u043d\u0430\u043f\u0438\u0441\u0430\u0442\u044c \u043c\u043e\u0436\u043d\u043e, \u043d\u043e \u043d\u0435 \u0442\u0440\u0438\u0432\u0438\u0430\u043b\u044c\u043d\u043e.",
        "edited": {
            "user": "U0F6P8JAG",
            "ts": "1475963810.000000"
        },
        "ts": "1475963805.000137"
    },
    {
        "type": "message",
        "user": "U0F6P8JAG",
        "text": "\u041a\u043d\u043e\u043f\u043a\u0430 \u0443 \u043c\u0435\u043d\u044f \u0435\u0441\u0442\u044c, \u0435\u0441\u043b\u0438 \u043a\u043e\u043c\u0443-\u0442\u043e \u043d\u0443\u0436\u0435\u043d \u0430\u0440\u0445\u0438\u0432, \u043c\u043e\u0433\u0443 \u043e\u0442\u0433\u0440\u0443\u0437\u0438\u0442\u044c.",
        "ts": "1475963851.000139"
    },
    {
        "user": "U2M1YAMUK",
        "text": "<@U2M1YAMUK|dxist> has joined the channel",
        "type": "message",
        "subtype": "channel_join",
        "ts": "1475964694.000140"
    },
    {
        "user": "U2M4186SW",
        "text": "<@U2M4186SW|angry_grasshopper> has joined the channel",
        "type": "message",
        "subtype": "channel_join",
        "ts": "1475966938.000141"
    },
    {
        "user": "U2M320SN7",
        "text": "<@U2M320SN7|fiva2> has joined the channel",
        "type": "message",
        "subtype": "channel_join",
        "ts": "1475994854.000142"
    }
]