[
    {
        "user": "U1CH3B4UC",
        "type": "message",
        "subtype": "channel_join",
        "text": "<@U1CH3B4UC|vayar> has joined the channel",
        "ts": "1464508915.000068"
    },
    {
        "user": "U1CHLFTPZ",
        "type": "message",
        "subtype": "channel_join",
        "text": "<@U1CHLFTPZ|zk2095> has joined the channel",
        "ts": "1464514434.000069"
    },
    {
        "user": "U1CGEQXNX",
        "type": "message",
        "subtype": "channel_join",
        "text": "<@U1CGEQXNX|noridmar> has joined the channel",
        "ts": "1464525469.000070"
    },
    {
        "user": "U0HAPHKFB",
        "type": "message",
        "subtype": "channel_leave",
        "text": "<@U0HAPHKFB|efim> has left the channel",
        "ts": "1464531124.000071"
    }
]