[
    {
        "user": "U0Q25TQ14",
        "type": "message",
        "subtype": "channel_leave",
        "text": "<@U0Q25TQ14|multlurk> has left the channel",
        "ts": "1459770097.000009"
    },
    {
        "user": "U0XN97V52",
        "type": "message",
        "subtype": "channel_join",
        "text": "<@U0XN97V52|alex25> has joined the channel",
        "ts": "1459772355.000010"
    },
    {
        "user": "U0FRMV4Q2",
        "type": "message",
        "subtype": "channel_leave",
        "text": "<@U0FRMV4Q2|alexander230> has left the channel",
        "ts": "1459788426.000011"
    },
    {
        "user": "U0XRP48HY",
        "type": "message",
        "subtype": "channel_join",
        "text": "<@U0XRP48HY|dragonfly> has joined the channel",
        "ts": "1459789887.000012"
    },
    {
        "user": "U0XS4T76Z",
        "type": "message",
        "subtype": "channel_join",
        "text": "<@U0XS4T76Z|alexbougaenko> has joined the channel",
        "ts": "1459794471.000013"
    },
    {
        "user": "U0XSC3JB0",
        "type": "message",
        "subtype": "channel_join",
        "text": "<@U0XSC3JB0|ignat_zakrevsky> has joined the channel",
        "ts": "1459797042.000014"
    }
]