[
    {
        "user": "U2LJCT8SZ",
        "text": "<@U2LJCT8SZ|ivladak> has joined the channel",
        "type": "message",
        "subtype": "channel_join",
        "ts": "1475832221.000106"
    },
    {
        "user": "U2LLCHP2N",
        "text": "<@U2LLCHP2N|gabriel_walden> has joined the channel",
        "type": "message",
        "subtype": "channel_join",
        "ts": "1475842213.000107"
    },
    {
        "type": "message",
        "user": "U0G0KMGKH",
        "text": "\u042f \u0443\u0434\u0430\u043b\u0438\u043b prowd, \u0430 \u0437\u0430\u0442\u0435\u043c \u043e\u0431\u043d\u0430\u0440\u0443\u0436\u0438\u043b, \u0447\u0442\u043e \u043d\u0435 \u0431\u0443\u0434\u0443 \u0443\u0441\u0442\u0430\u043d\u0430\u0432\u043b\u0438\u0432\u0430\u0442\u044c \u043d\u0438 \u043e\u0434\u043d\u0443 \u0438\u0437 \u0442\u0435\u0445 \u0434\u0432\u0443\u0445 \u043a\u043e\u043d\u0444\u0438\u0433\u0443\u0440\u0430\u0446\u0438\u0439. <http:\/\/Digest.ai|Digest.ai> \u043e\u0431\u0443\u0447\u0435\u043d \u0442\u043e\u043b\u044c\u043a\u043e \u0434\u043b\u044f \u0430\u043d\u0433\u043b\u0438\u0439\u0441\u043a\u043e\u0433\u043e \u044f\u0437\u044b\u043a\u0430, \u0430 thepaperbot \u043e\u043a\u0430\u0437\u044b\u0432\u0430\u0435\u0442\u0441\u044f \u0442\u043e\u043b\u044c\u043a\u043e \u0438\u043d\u0442\u0435\u0440\u0435\u0441\u043d\u044b\u0435 \u0441\u0441\u044b\u043b\u043a\u0438 \u0441\u043e\u0431\u0438\u0440\u0430\u0435\u0442 \u0438 \u043f\u0440\u0438\u0441\u044b\u043b\u0430\u0435\u0442 \u043d\u0430 \u0438\u043c\u0435\u0439\u043b\u044b. \u041f\u043e\u044d\u0442\u043e\u043c\u0443 \u043d\u0438 \u0442\u043e \u043d\u0438 \u0434\u0440\u0443\u0433\u043e\u0435 \u043d\u0435 \u0431\u0443\u0434\u0443 \u0443\u0441\u0442\u0430\u043d\u0430\u0432\u043b\u0438\u0432\u0430\u0442\u044c.",
        "ts": "1475851702.000108",
        "reactions": [
            {
                "name": "slightly_frowning_face",
                "users": [
                    "U0D0R0D4P"
                ],
                "count": 1
            }
        ]
    },
    {
        "user": "U2LQ86YAZ",
        "text": "<@U2LQ86YAZ|mikakorus> has joined the channel",
        "type": "message",
        "subtype": "channel_join",
        "ts": "1475859807.000109"
    },
    {
        "user": "U2LU6T9N2",
        "text": "<@U2LU6T9N2|woefrommind> has joined the channel",
        "type": "message",
        "subtype": "channel_join",
        "ts": "1475879524.000110"
    }
]