[
    {
        "user": "U2S5G7HR8",
        "text": "<@U2S5G7HR8|ovchinnikov> has left the channel",
        "type": "message",
        "subtype": "channel_leave",
        "ts": "1478085443.000981"
    },
    {
        "user": "U2XJ609M3",
        "text": "<@U2XJ609M3|w96k> has joined the channel",
        "type": "message",
        "subtype": "channel_join",
        "ts": "1478093690.000983"
    },
    {
        "type": "message",
        "user": "U0L9E04J0",
        "text": "@philipb used `\/poll`! Each person can only vote for :one: item.  Results will be visible to everyone.",
        "bot_id": "B0L9M8116",
        "attachments": [
            {
                "callback_id": "bxkzQumTD3XX6EPfN",
                "fallback": ":fallacy_black_or_white:",
                "title": ":fallacy_black_or_white:",
                "id": 1,
                "title_link": "https:\/\/app.polly.ai\/slackvote\/bxkzQumTD3XX6EPfN",
                "color": "35a8e0",
                "actions": [
                    {
                        "id": "1",
                        "name": "one",
                        "text": "1",
                        "type": "button",
                        "value": "0",
                        "style": ""
                    },
                    {
                        "id": "2",
                        "name": "two",
                        "text": "2",
                        "type": "button",
                        "value": "1",
                        "style": ""
                    }
                ]
            },
            {
                "callback_id": "bxkzQumTD3XX6EPfN",
                "fallback": ":fallacy_black_or_white:",
                "footer": "<http:\/\/app.polly.ai|app.polly.ai>\u2003<https:\/\/app.polly.ai\/slackvote\/bxkzQumTD3XX6EPfN|View responses>",
                "id": 2,
                "footer_icon": "https:\/\/www.polly.ai\/favicon.ico",
                "fields": [
                    {
                        "title": "*1*: #open \u0441\u0442\u0430\u043b \u043a\u0430\u043a #chaos",
                        "value": "`\u2587\u2587\u2587\u2587\u2587\u2587\u2587\u2587\u2587\u2587\u2587\u2587\u2587\u2587\u2587\u2587\u2587\u2587\u2587\u2587\u2587\u2587\u2587\u2587\u2587` 64% (7)",
                        "short": false
                    },
                    {
                        "title": "*2*: #chaos \u0441\u0442\u0430\u043b \u043a\u0430\u043a #open",
                        "value": "`\u2587\u2587\u2587\u2587\u2587\u2587\u2587\u2587\u2587\u2587\u2587\u2587\u2587\u2587` 36% (4)",
                        "short": false
                    },
                    {
                        "title": "Total votes",
                        "value": "11",
                        "short": true
                    }
                ],
                "mrkdwn_in": [
                    "fields"
                ]
            }
        ],
        "edited": {
            "user": "U0L9E04J0",
            "ts": "1478203810.000000"
        },
        "ts": "1478110426.000985",
        "reactions": [
            {
                "name": "unpack",
                "users": [
                    "U0F6P8JAG"
                ],
                "count": 1
            }
        ]
    },
    {
        "type": "message",
        "user": "U0G0KMGKH",
        "text": "\u043d\u0435 \u0441\u0447\u0438\u0442\u0430\u044f \u043f\u043e\u0441\u043b\u0435\u0434\u043d\u0438\u0445 \u0434\u0432\u0443\u0445 \u0434\u043d\u0435\u0439 - \u0437\u0430 \u0438\u0445 \u0432\u0440\u0435\u043c\u044f <#C0GKHDHC3|chaos> \u043f\u0440\u0435\u0432\u0440\u0430\u0442\u0438\u043b\u0441\u044f \u0432 <#C0GKHDHC3|chaos>^^^3",
        "ts": "1478111911.000991",
        "reactions": [
            {
                "name": "equal",
                "users": [
                    "U0FGKCY31",
                    "U0HJ93C3B"
                ],
                "count": 2
            }
        ]
    },
    {
        "type": "message",
        "user": "U2T2K1NPR",
        "text": "\u0430 \u044f \u043a\u0430\u043a \u043d\u043e\u0432\u0438\u0447\u043e\u043a \u043d\u0435 \u0432\u0438\u0434\u0435\u043b\u0430, \u043a\u0430\u043a\u0438\u043c \u0431\u044b\u043b \u043e\u043f\u0435\u043d",
        "ts": "1478112588.000992"
    },
    {
        "type": "message",
        "user": "U0G0JFJTA",
        "text": "<@U0G0KMGKH> \u041d\u0435 \u0445\u0432\u0430\u0442\u0430\u0435\u0442 \u043f\u0443\u043d\u043a\u0442\u0430 \"\u043d\u0435 \u0441\u043e\u0433\u043b\u0430\u0441\u0435\u043d \u0441 \u043e\u0431\u043e\u0438\u043c\u0438 \u0443\u0442\u0432\u0435\u0440\u0436\u0434\u0435\u043d\u0438\u044f\u043c\u0438\".",
        "ts": "1478114851.000996"
    },
    {
        "user": "U2XUYUEA1",
        "text": "<@U2XUYUEA1|sonder> has joined the channel",
        "type": "message",
        "subtype": "channel_join",
        "ts": "1478121917.000998"
    },
    {
        "user": "U2Y33TVPX",
        "text": "<@U2Y33TVPX|jan_lowa> has joined the channel",
        "type": "message",
        "subtype": "channel_join",
        "ts": "1478141066.000999"
    }
]