[
    {
        "type": "message",
        "user": "U10S2FP1U",
        "text": "@mihalid \u0435\u0449\u0435 \u0438 \u043f\u0435\u0440\u0435\u0432\u0438\u0440\u0430\u0435\u0442 \u0441\u043e\u0431\u044b\u0442\u0438\u044f, \u043a\u0430\u043a \u0435\u043c\u0443 \u0443\u0434\u043e\u0431\u043d\u043e.",
        "ts": "1478258458.001068",
        "reactions": [
            {
                "name": "-1",
                "users": [
                    "U0FD5HC1F",
                    "U1BJD7KSR",
                    "U0GQ50ESU",
                    "U2KS93BC2",
                    "U0G0E05CK",
                    "U0CTGJMR9"
                ],
                "count": 6
            }
        ]
    },
    {
        "type": "message",
        "user": "U10S2FP1U",
        "text": "<@U0FD5HC1F> <@U1BJD7KSR> \u0441\u0447\u0438\u0442\u0430\u0435\u0442\u0435, \u0447\u0442\u043e \u043d\u0435\u0442? \u041e\u043d \u0430\u0431\u0441\u043e\u043b\u044e\u0442\u043d\u043e \u043f\u0435\u0440\u0435\u0432\u0440\u0430\u043b \u043c\u043e\u0438 \u0441\u043b\u043e\u0432\u0430, \u043a\u043e\u0433\u0434\u0430 \u043f\u0438\u0441\u0430\u043b \u0442\u0443\u0442 \u043e \u0441\u0432\u043e\u0435\u043c \u0432\u043f\u0435\u0447\u0430\u0442\u043b\u0435\u043d\u0438\u0438 \u043e\u0442 \u043f\u0440\u043e\u0438\u0441\u0445\u043e\u0434\u044f\u0449\u0435\u0433\u043e \u0441\u0435\u0439\u0447\u0430\u0441",
        "ts": "1478258530.001070"
    },
    {
        "type": "message",
        "user": "U0FD5HC1F",
        "text": "<#C0L93QKDZ|meta> \u043d\u0435\u043f\u043e\u0434\u0445\u043e\u0434\u044f\u0449\u0438\u0439 \u043a\u0430\u043d\u0430\u043b \u0434\u043b\u044f \u043e\u0431\u0441\u0443\u0436\u0434\u0435\u043d\u0438\u044f \u043b\u0438\u0447\u043d\u043e\u0441\u0442\u0438 \u041c\u0438\u0445\u0430\u0438\u043b\u0430 \u0438 \u0441\u043e\u0431\u0441\u0442\u0432\u0435\u043d\u043d\u044b\u0445 \u043e\u0449\u0443\u0449\u0435\u043d\u0438\u0439 \u043e \u043d\u0451\u043c, \u043f\u0435\u0440\u0435\u043c\u0435\u0441\u0442\u0438\u0442\u0435\u0441\u044c \u0432 <#C0CTD63DJ|open>, <#C0GKHDHC3|chaos> \u0438\u043b\u0438 <#C0GFVA341|admins> \u0432 \u0437\u0430\u0432\u0438\u0441\u0438\u043c\u043e\u0441\u0442\u0438 \u043e\u0442 \u0445\u0430\u0440\u0430\u043a\u0442\u0435\u0440\u0430 \u043f\u0440\u0435\u0434\u043f\u043e\u043b\u0430\u0433\u0430\u0435\u043c\u043e\u0433\u043e \u043e\u0431\u0441\u0443\u0436\u0434\u0435\u043d\u0438\u044f.",
        "ts": "1478258548.001071"
    },
    {
        "type": "message",
        "user": "U10S2FP1U",
        "text": "\u041e\u043d \u0443\u043f\u043e\u043c\u044f\u043d\u0443\u043b \u043c\u0435\u043d\u044f \u0437\u0434\u0435\u0441\u044c, \u044f \u043d\u0435 \u0441\u0447\u0438\u0442\u0430\u044e, \u0447\u0442\u043e \u043e\u0431\u0441\u0443\u0436\u0434\u0435\u043d\u0438\u0435  <@U0GBBAD1P> \u0431\u0443\u0434\u0435\u0442 \u0443\u043c\u0435\u0441\u0442\u043d\u044b\u043c \u0438 \u0438\u043d\u0442\u0435\u0440\u0435\u0441\u043d\u044b\u043c \u0433\u0434\u0435 \u0431\u044b \u0442\u043e \u043d\u0438 \u0431\u044b\u043b\u043e \u0432\u043e\u043e\u0431\u0449\u0435",
        "ts": "1478258608.001072"
    },
    {
        "type": "message",
        "user": "U10S2FP1U",
        "text": "\u043f\u043e\u0447\u0435\u043c\u0443 \u0443\u043f\u043e\u043c\u0438\u043d\u0430\u0442\u044c \u043c\u0435\u043d\u044f \u0437\u0434\u0435\u0441\u044c \u0441\u0447\u0438\u0442\u0430\u0435\u0442\u0441\u044f \u0443\u043c\u0435\u0441\u0442\u043d\u044b\u043c?",
        "ts": "1478258620.001073"
    },
    {
        "type": "message",
        "subtype": "file_comment",
        "text": "<@U0GBBAD1P|mihaild> commented on <@U0GBBAD1P|mihaild>'s file <https:\/\/lesswrongru.slack.com\/files\/mihaild\/F2YP9B1AB\/-.css|Untitled>: (\u043c\u043e\u0439 id - C0L93QKDZ; \u043d\u0435 \u043d\u0430\u0448\u0435\u043b, \u043a\u0430\u043a \u043f\u043e\u043f\u0440\u0430\u0432\u0438\u0442\u044c \u043a\u043e\u043c\u043c\u0435\u043d\u0442\u0430\u0440\u0438\u0439 \u043a \u0441\u043d\u0438\u043f\u043f\u0435\u0442\u0443)",
        "file": {
            "id": "F2YP9B1AB",
            "created": 1478217999,
            "timestamp": 1478217999,
            "name": "-.css",
            "title": "Untitled",
            "mimetype": "text\/plain",
            "filetype": "css",
            "pretty_type": "CSS",
            "user": "U0GBBAD1P",
            "editable": true,
            "size": 61,
            "mode": "snippet",
            "is_external": false,
            "external_type": "",
            "is_public": true,
            "public_url_shared": false,
            "display_as_bot": false,
            "username": "",
            "url_private": "https:\/\/files.slack.com\/files-pri\/T0CTD4Q0K-F2YP9B1AB\/-.css?t=xoxe-12931160019-103607625319-102215183440-059257f7d7",
            "url_private_download": "https:\/\/files.slack.com\/files-pri\/T0CTD4Q0K-F2YP9B1AB\/download\/-.css?t=xoxe-12931160019-103607625319-102215183440-059257f7d7",
            "permalink": "https:\/\/lesswrongru.slack.com\/files\/mihaild\/F2YP9B1AB\/-.css",
            "permalink_public": "https:\/\/slack-files.com\/T0CTD4Q0K-F2YP9B1AB-224c401bc0",
            "edit_link": "https:\/\/lesswrongru.slack.com\/files\/mihaild\/F2YP9B1AB\/-.css\/edit",
            "preview": "ts-message[data-member-id=U27VAQ1AP] {\r\n    display: none;\r\n}",
            "preview_highlight": "<div class=\"CodeMirror cm-s-default CodeMirrorServer\" oncopy=\"if(event.clipboardData){event.clipboardData.setData('text\/plain',window.getSelection().toString().replace(\/\\u200b\/g,''));event.preventDefault();event.stopPropagation();}\">\n<div class=\"CodeMirror-code\">\n<div><pre><span class=\"cm-tag\">ts-message<\/span>[<span class=\"cm-tag\">data-member-id<\/span>=<span class=\"cm-tag\">U27VAQ1AP<\/span>] {<\/pre><\/div>\n<div><pre>    <span class=\"cm-property\">display<\/span>: <span class=\"cm-atom\">none<\/span>;<\/pre><\/div>\n<div><pre>}<\/pre><\/div>\n<\/div>\n<\/div>\n",
            "lines": 3,
            "lines_more": 0,
            "preview_is_truncated": false,
            "channels": [
                "C0L93QKDZ"
            ],
            "groups": [
    
            ],
            "ims": [
    
            ],
            "comments_count": 3,
            "initial_comment": {
                "id": "Fc2YNY4J94",
                "created": 1478217999,
                "timestamp": 1478217999,
                "user": "U0GBBAD1P",
                "is_intro": true,
                "comment": "\u0418\u043d\u0441\u0442\u0440\u0443\u043a\u0446\u0438\u044f \u043f\u043e \u0441\u043a\u0440\u044b\u0442\u0438\u044e \u0441\u043e\u043e\u0431\u0449\u0435\u043d\u0438\u0439 \u043e\u0442 \u0432\u044b\u0431\u0440\u0430\u043d\u043d\u044b\u0445 \u0442\u043e\u0432\u0430\u0440\u0438\u0449\u0435\u0439 (\u0434\u043b\u044f \u0431\u0440\u0430\u0443\u0437\u0435\u0440\u0430).\n1. \u0421\u0442\u0430\u0432\u0438\u0442\u0435 \u043b\u044e\u0431\u043e\u0439 \u043f\u043b\u0430\u0433\u0438\u043d, \u0443\u043c\u0435\u044e\u0449\u0438\u0439 \u0432\u043a\u043b\u044e\u044e\u0447\u0430\u0442\u044c \u043f\u043e\u043b\u044c\u0437\u043e\u0432\u0430\u0442\u0435\u043b\u044c\u0441\u043a\u0438\u0439 css \u043d\u0430 \u043d\u0443\u0436\u043d\u044b\u0445 \u0441\u0442\u0440\u0430\u043d\u0438\u0446\u0430\u0445 (\u043d\u0430\u043f\u0440\u0438\u043c\u0435\u0440, Stylish - \u0435\u0441\u0442\u044c \u043f\u043e\u0434 \u0445\u0440\u043e\u043c \u0438 \u043e\u0433\u043d\u0435\u043b\u0438\u0441\u0430).\n2. \u0421\u043e\u0437\u0434\u0430\u0435\u0442\u0435 \u043d\u0430 \u043a\u0430\u0436\u0434\u043e\u0433\u043e \u0442\u043e\u0432\u0430\u0440\u0438\u0449\u0430 \u043f\u043e \u043f\u0440\u0430\u0432\u0438\u043b\u0443 \u043f\u0440\u0430\u0432\u0438\u043b\u043e (\u0441\u043c. \u0441\u043d\u0438\u043f\u043f\u0435\u0442), \u043f\u0440\u043e\u043f\u0438\u0441\u044b\u0432\u0430\u044f \u043d\u0443\u0436\u043d\u044b\u0439 id (\u043f\u043e\u0441\u043b\u0435 \u0437\u043d\u0430\u043a\u0430 \u0440\u0430\u0432\u0435\u043d\u0441\u0442\u0432\u0430).\n\u0421\u043f\u0438\u0441\u043e\u043a id: U27VAQ1AP - <@U27VAQ1AP>, U10S2FP1U - <@U10S2FP1U>, U2Y33TVPX - <@U2Y33TVPX>\n(id \u0447\u0435\u043b\u043e\u0432\u0435\u043a\u0430 \u043b\u0435\u0433\u043a\u043e \u043f\u043e\u0441\u043c\u043e\u0442\u0440\u0435\u0442\u044c \u0432 \u0438\u043d\u0441\u0442\u0440\u0443\u043c\u0435\u043d\u0442\u0435 \u0434\u043b\u044f \u0431\u0440\u0430\u0443\u0437\u0435\u0440\u0430, \u043f\u043e\u0437\u0432\u043e\u043b\u044f\u044e\u0449\u0435\u043c \u043d\u0430 \u043b\u0435\u0442\u0443 \u0441\u043c\u043e\u0442\u0440\u0435\u0442\u044c html, \u043b\u0438\u0431\u043e \u043c\u043e\u0436\u043d\u043e \u0441\u043f\u0440\u043e\u0441\u0438\u0442\u044c \u0443 \u043c\u0435\u043d\u044f)",
                "channel": ""
            },
            "pinned_to": [
                "C0L93QKDZ"
            ],
            "reactions": [
                {
                    "name": "heavy_plus_sign",
                    "users": [
                        "U2Y33TVPX",
                        "U0G0KMGKH",
                        "U0FD5HC1F"
                    ],
                    "count": 3
                },
                {
                    "name": "heavy_minus_sign",
                    "users": [
                        "U27VAQ1AP"
                    ],
                    "count": 1
                }
            ]
        },
        "comment": {
            "id": "Fc2Y8HP3HQ",
            "created": 1478258678,
            "timestamp": 1478258678,
            "user": "U0GBBAD1P",
            "is_intro": false,
            "comment": "(\u043c\u043e\u0439 id - C0L93QKDZ; \u043d\u0435 \u043d\u0430\u0448\u0435\u043b, \u043a\u0430\u043a \u043f\u043e\u043f\u0440\u0430\u0432\u0438\u0442\u044c \u043a\u043e\u043c\u043c\u0435\u043d\u0442\u0430\u0440\u0438\u0439 \u043a \u0441\u043d\u0438\u043f\u043f\u0435\u0442\u0443)",
            "channel": "",
            "reactions": [
                {
                    "name": "heavy_plus_sign",
                    "users": [
                        "U27VAQ1AP"
                    ],
                    "count": 1
                }
            ]
        },
        "is_intro": false,
        "ts": "1478258678.001074"
    },
    {
        "type": "message",
        "user": "U2KS93BC2",
        "text": "<@U10S2FP1U> \u0432\u044b \u043f\u043e\u043d\u0438\u043c\u0430\u0435\u0442\u0435 \u0440\u0430\u0437\u043d\u0438\u0446\u0443 \u043c\u0435\u0436\u0434\u0443 mention \u0438 \u043e\u0431\u0441\u0443\u0436\u0434\u0435\u043d\u0438\u0435\u043c \u043b\u0438\u0447\u043d\u043e\u0441\u0442\u0438?",
        "ts": "1478258690.001075",
        "reactions": [
            {
                "name": "+1",
                "users": [
                    "U0FD5HC1F",
                    "U0GBBAD1P",
                    "U0G0JFJTA"
                ],
                "count": 3
            }
        ]
    },
    {
        "type": "message",
        "user": "U0GBBAD1P",
        "text": "<@U10S2FP1U> \u043f\u043e\u0442\u043e\u043c\u0443 \u0447\u0442\u043e \u0442\u0443\u0442 \u044f \u0432\u044b\u043b\u043e\u0436\u0438\u043b \u0441\u043f\u0438\u0441\u043e\u043a \u043b\u044e\u0434\u0435\u0439, \u043a\u043e\u0442\u043e\u0440\u044b\u0445 \u043d\u0435 \u0445\u043e\u0447\u0443 \u0447\u0438\u0442\u0430\u0442\u044c \u044f. \u0412\u044b\u043a\u043b\u0430\u0434\u044b\u0432\u0430\u0442\u044c \u0441\u043f\u0438\u0441\u043e\u043a ID \u0432\u0441\u0435\u0445 \u0443\u0447\u0430\u0441\u0442\u043d\u0438\u043a\u043e\u0432 \u043c\u043d\u0435 \u043b\u0435\u043d\u044c.",
        "ts": "1478258740.001076"
    },
    {
        "type": "message",
        "user": "U0GBBAD1P",
        "text": "\u043d\u0438\u043a\u0430\u043a\u0438\u0435 \u0442\u0432\u043e\u0438 \u0441\u043b\u043e\u0432\u0430 \u044f \u0442\u0443\u0442 \u043d\u0435 \u0446\u0438\u0442\u0438\u0440\u043e\u0432\u0430\u043b, \u043f\u043e\u044d\u0442\u043e\u043c\u0443 \u043d\u0438\u043a\u0430\u043a \u043d\u0435 \u043c\u043e\u0433 \u0438\u0445 \u043f\u0435\u0440\u0435\u0432\u0440\u0430\u0442\u044c",
        "ts": "1478258763.001077",
        "reactions": [
            {
                "name": "-1::skin-tone-4",
                "users": [
                    "U10S2FP1U"
                ],
                "count": 1
            },
            {
                "name": "+1::skin-tone-6",
                "users": [
                    "U1BJD7KSR"
                ],
                "count": 1
            }
        ]
    },
    {
        "type": "message",
        "user": "U10S2FP1U",
        "text": "\u0435\u0441\u043b\u0438 \u0431\u044b \u0446\u0438\u0442\u0438\u0440\u043e\u0432\u0430\u043b, \u0442\u043e \u043a\u0430\u043a \u0440\u0430\u0437 \u043d\u0435 \u0441\u043c\u043e\u0433 \u0431\u044b \u043f\u0435\u0440\u0435\u0432\u0440\u0430\u0442\u044c",
        "ts": "1478258935.001078"
    },
    {
        "user": "U10S2FP1U",
        "text": "<@U10S2FP1U|panda> has left the channel",
        "type": "message",
        "subtype": "channel_leave",
        "ts": "1478258944.001079"
    },
    {
        "type": "message",
        "user": "U0GBBAD1P",
        "text": "<@U10S2FP1U> fix: \u043d\u0435 \u0441\u0441\u044b\u043b\u0430\u043b\u0441\u044f \u043d\u0430 \u0442\u0432\u043e\u0438 \u0441\u043b\u043e\u0432\u0430",
        "ts": "1478258958.001080"
    },
    {
        "type": "message",
        "user": "U0FD5HC1F",
        "text": "(\u044d\u0442\u043e \u043c\u043e\u0439 \u043a\u0438\u043a, \u043d\u043e \u043e\u043d\u0430 \u043c\u043e\u0436\u0435\u0442 \u0432\u0435\u0440\u043d\u0443\u0442\u044c\u0441\u044f)",
        "attachments": [
            {
                "fallback": "[November 4th, 2016 2:22 PM] quilfe: <#C0L93QKDZ|meta> \u043d\u0435\u043f\u043e\u0434\u0445\u043e\u0434\u044f\u0449\u0438\u0439 \u043a\u0430\u043d\u0430\u043b \u0434\u043b\u044f \u043e\u0431\u0441\u0443\u0436\u0434\u0435\u043d\u0438\u044f \u043b\u0438\u0447\u043d\u043e\u0441\u0442\u0438 \u041c\u0438\u0445\u0430\u0438\u043b\u0430 \u0438 \u0441\u043e\u0431\u0441\u0442\u0432\u0435\u043d\u043d\u044b\u0445 \u043e\u0449\u0443\u0449\u0435\u043d\u0438\u0439 \u043e \u043d\u0451\u043c, \u043f\u0435\u0440\u0435\u043c\u0435\u0441\u0442\u0438\u0442\u0435\u0441\u044c \u0432 <#C0CTD63DJ|open>, <#C0GKHDHC3|chaos> \u0438\u043b\u0438 <#C0GFVA341|admins> \u0432 \u0437\u0430\u0432\u0438\u0441\u0438\u043c\u043e\u0441\u0442\u0438 \u043e\u0442 \u0445\u0430\u0440\u0430\u043a\u0442\u0435\u0440\u0430 \u043f\u0440\u0435\u0434\u043f\u043e\u043b\u0430\u0433\u0430\u0435\u043c\u043e\u0433\u043e \u043e\u0431\u0441\u0443\u0436\u0434\u0435\u043d\u0438\u044f.",
                "ts": "1478258548.001071",
                "author_subname": "quilfe",
                "channel_id": "C0L93QKDZ",
                "channel_name": "meta",
                "is_msg_unfurl": true,
                "text": "<#C0L93QKDZ|meta> \u043d\u0435\u043f\u043e\u0434\u0445\u043e\u0434\u044f\u0449\u0438\u0439 \u043a\u0430\u043d\u0430\u043b \u0434\u043b\u044f \u043e\u0431\u0441\u0443\u0436\u0434\u0435\u043d\u0438\u044f \u043b\u0438\u0447\u043d\u043e\u0441\u0442\u0438 \u041c\u0438\u0445\u0430\u0438\u043b\u0430 \u0438 \u0441\u043e\u0431\u0441\u0442\u0432\u0435\u043d\u043d\u044b\u0445 \u043e\u0449\u0443\u0449\u0435\u043d\u0438\u0439 \u043e \u043d\u0451\u043c, \u043f\u0435\u0440\u0435\u043c\u0435\u0441\u0442\u0438\u0442\u0435\u0441\u044c \u0432 <#C0CTD63DJ|open>, <#C0GKHDHC3|chaos> \u0438\u043b\u0438 <#C0GFVA341|admins> \u0432 \u0437\u0430\u0432\u0438\u0441\u0438\u043c\u043e\u0441\u0442\u0438 \u043e\u0442 \u0445\u0430\u0440\u0430\u043a\u0442\u0435\u0440\u0430 \u043f\u0440\u0435\u0434\u043f\u043e\u043b\u0430\u0433\u0430\u0435\u043c\u043e\u0433\u043e \u043e\u0431\u0441\u0443\u0436\u0434\u0435\u043d\u0438\u044f.",
                "author_name": "Vitaly Bormotov",
                "author_link": "https:\/\/lesswrongru.slack.com\/team\/quilfe",
                "author_icon": "https:\/\/secure.gravatar.com\/avatar\/488fb0614d5b167060b91cd15f19bb3d.jpg?s=48&d=https%3A%2F%2Fa.slack-edge.com%2F66f9%2Fimg%2Favatars%2Fava_0018-48.png",
                "mrkdwn_in": [
                    "text"
                ],
                "color": "D0D0D0",
                "from_url": "https:\/\/lesswrongru.slack.com\/archives\/meta\/p1478258548001071",
                "is_share": true,
                "footer": "Posted in #meta"
            }
        ],
        "edited": {
            "user": "U0FD5HC1F",
            "ts": "1478258974.000000"
        },
        "ts": "1478258959.001081"
    },
    {
        "type": "message",
        "user": "U0GBBAD1P",
        "text": "<@U0FD5HC1F> \u0442\u043e\u0433\u0434\u0430 \u044f \u043d\u0435 \u043f\u043e\u043d\u0438\u043c\u0430\u044e, \u0447\u0442\u043e \u043f\u0440\u043e\u0438\u0441\u0445\u043e\u0434\u0438\u0442 \u0432 <#C0L93QKDZ|meta>",
        "ts": "1478258986.001083"
    },
    {
        "type": "message",
        "user": "U0FD5HC1F",
        "text": "\u043e\u0431\u0441\u0443\u0436\u0434\u0435\u043d\u0438\u0435 \u043e\u0431\u0449\u0435\u0439 \u043f\u043e\u043b\u0438\u0442\u0438\u043a\u0438, \u0434\u043b\u044f \u043a\u043e\u043d\u043a\u0440\u0435\u0442\u043d\u044b\u0445 \u043a\u0435\u0439\u0441\u043e\u0432, \u043a\u043e\u0442\u043e\u0440\u044b\u0435 \u043d\u0443\u0436\u043d\u043e \u0440\u0435\u0448\u0438\u0442\u044c, \u0435\u0441\u0442\u044c <#C0GFVA341|admins>, \u0430 \u0435\u0441\u043b\u0438 \u043f\u0440\u043e\u0441\u0442\u043e \u043f\u043e\u0432\u044b\u044f\u0441\u043d\u044f\u0442\u044c, \u043a\u0442\u043e \u043a\u043e\u0433\u043e \u043a\u043e\u0437\u043b\u043e\u043c \u043d\u0430\u0437\u0432\u0430\u043b \u0431\u0435\u0437 \u0434\u043e\u043f\u043e\u043b\u043d\u0438\u0442\u0435\u043b\u044c\u043d\u043e\u0439 \u0446\u0435\u043b\u0438, - <#C0GKHDHC3|chaos> \u0438 <#C0CTD63DJ|open>",
        "edited": {
            "user": "U0FD5HC1F",
            "ts": "1478259057.000000"
        },
        "ts": "1478259045.001084",
        "reactions": [
            {
                "name": "delta",
                "users": [
                    "U0GBBAD1P"
                ],
                "count": 1
            }
        ]
    },
    {
        "type": "message",
        "user": "U0GBBAD1P",
        "text": "\u0430 \u043c\u043e\u0436\u043d\u043e \u0433\u0434\u0435-\u0442\u043e, \u043a\u0440\u043e\u043c\u0435 <http:\/\/lesswrong.ru\/slack>, \u0443\u0432\u0438\u0434\u0435\u0442\u044c \u043e\u043f\u0438\u0441\u0430\u043d\u0438\u0435 \u0441\u0435\u043c\u0430\u043d\u0442\u0438\u043a\u0438 \u044d\u043c\u043e\u0434\u0436\u0438? \u0430 \u0442\u043e \u044f \u0447\u0438\u0441\u0442\u043e \u0441\u043b\u0443\u0447\u0430\u0439\u043d\u043e \u0443\u0437\u043d\u0430\u043b \u043e \u0442\u043e\u043c, \u0447\u0442\u043e \u0437\u0430\u0444\u0438\u043a\u0441\u0438\u0440\u043e\u0432\u0430\u043d\u0430 \u0440\u0430\u0437\u043d\u0438\u0446\u0430 \u043c\u0435\u0436\u0434\u0443 :+1: \u0438 :heavy_plus_sign: , \u043d\u0430\u043f\u0440\u0438\u043c\u0435\u0440",
        "ts": "1478260661.001087"
    },
    {
        "type": "message",
        "user": "U0G0F43UH",
        "text": "\u0442\u0435\u043c \u0432\u0440\u0435\u043c\u0435\u043d\u0435\u043c \u0441\u043e\u0437\u0434\u0430\u043b\u0430 \u043a\u0430\u043d\u0430\u043b <#C2Z0RV36J|literally> \u0433\u0434\u0435 \u043d\u0435\u043b\u044c\u0437\u044f \u0438\u043c\u0435\u0442\u044c \u0432 \u0432\u0438\u0434\u0443 \u043d\u0435 \u0442\u043e \u0447\u0442\u043e \u0433\u043e\u0432\u043e\u0440\u0438\u0448\u044c. \u0422\u0430\u043c \u0432\u0441\u0435 \u0431\u0443\u0434\u0435\u0442 \u043f\u043e\u043d\u0438\u043c\u0430\u0442\u044c\u0441\u044f \u0431\u0443\u043a\u0432\u0430\u043b\u044c\u043d\u043e.",
        "ts": "1478262440.001088",
        "reactions": [
            {
                "name": "fallacy_slippery_slope",
                "users": [
                    "U0GBBAD1P"
                ],
                "count": 1
            }
        ]
    },
    {
        "user": "U2Y9QSBA6",
        "text": "<@U2Y9QSBA6|kevinandspacey> has joined the channel",
        "type": "message",
        "subtype": "channel_join",
        "ts": "1478264267.001089"
    },
    {
        "type": "message",
        "user": "U0G0KMGKH",
        "text": "#metameta \u0447\u0435\u043c \u0441\u0435\u0439\u0447\u0430\u0441 \u043e\u0442\u043b\u0438\u0447\u0430\u0435\u0442\u0441\u044f <#C0L93QKDZ|meta> \u043e\u0442 <#C0GFVA341|admins>, \u0438 \u043f\u043e\u0447\u0435\u043c\u0443 \u043e\u0431\u0441\u0443\u0436\u0434\u0435\u043d\u0438\u044f \u043c\u0435\u0442\u044b \u044d\u0442\u043e\u0433\u043e \u0441\u043b\u0430\u043a\u0430 \u0432 \u043f\u043e\u0441\u043b\u0435\u0434\u043d\u0435\u0435 \u0432\u0440\u0435\u043c\u044f \u0438\u0434\u0443\u0442 \u0432 4 \u0440\u0430\u0437\u043d\u044b\u0445 \u043a\u0430\u043d\u0430\u043b\u0430\u0445?",
        "ts": "1478264740.001090"
    },
    {
        "type": "message",
        "user": "U0L4B5338",
        "text": "<#C0GFVA341|admins> \u043e \u043f\u043e\u043b\u0438\u0442\u0438\u043a\u0435 \u043c\u043e\u0434\u0435\u0440\u0430\u0446\u0438\u0438 (\u0434\u0435\u0439\u0441\u0442\u0432\u0443\u044e\u0449\u0435\u0439)",
        "ts": "1478264804.001091"
    },
    {
        "type": "message",
        "user": "U0GBBAD1P",
        "text": "\u0434\u0430\u0432\u0430\u0439\u0442\u0435 \u0434\u043e\u0433\u043e\u0432\u043e\u0440\u0438\u043c\u0441\u044f, \u0447\u0442\u043e \u0442\u043e\u0432\u0430\u0440\u0438\u0449\u0438 \u0431\u0435\u0437 \u043c\u043e\u0434\u0435\u0440\u0430\u0442\u043e\u0440\u0441\u043a\u0438\u0445 \u043f\u0440\u0430\u0432 :mod_removed: \u0438\u0441\u043f\u043e\u043b\u044c\u0437\u043e\u0432\u0430\u0442\u044c \u043d\u0435 \u0431\u0443\u0434\u0443\u0442 (\u043a\u0430\u043a \u044d\u043c\u043e\u0434\u0436\u0438 \u043a \u0441\u043e\u043e\u0431\u0449\u0435\u043d\u0438\u044f\u043c \u043f\u043e \u043a\u0440\u0430\u0439\u043d\u0435\u0439 \u043c\u0435\u0440\u0435)",
        "ts": "1478267527.001092",
        "reactions": [
            {
                "name": "ok_hand",
                "users": [
                    "U0H1U59BL",
                    "U1BJD7KSR",
                    "U2Q17MG00",
                    "U2KS93BC2"
                ],
                "count": 4
            }
        ]
    },
    {
        "type": "message",
        "user": "U0G00FWH2",
        "text": "\u0434\u043e\u0431\u0430\u0432\u0438\u043b \u0438\u043a\u043e\u043d\u043a\u0443 :noize: - noize , \u0447\u0442\u043e\u0431\u044b \u0441\u0438\u0433\u043d\u0430\u043b\u0438\u0437\u0438\u0440\u043e\u0432\u0430\u0442\u044c \u0447\u0442\u043e \u043d\u0435 \u043d\u0430\u0434\u043e \u0443\u0445\u0443\u0434\u0448\u0430\u0442\u044c \u0441\u0438\u0433\u043d\u0430\u043b\/\u0448\u0443\u043c",
        "edited": {
            "user": "U0G00FWH2",
            "ts": "1478268225.000000"
        },
        "ts": "1478268217.001093"
    },
    {
        "type": "message",
        "user": "U0H1U59BL",
        "text": "\u042f \u0431\u044b \u0443\u0440\u043e\u0432\u043d\u0438 \u0443 \u044d\u0442\u043e\u0439 \u0438\u043a\u043e\u043d\u043a\u0438 \u043f\u043e\u0434\u043a\u0440\u0443\u0442\u0438\u043b, \u0430 \u0442\u043e \u0432\u044b\u0433\u043b\u044f\u0434\u0438\u0442 \u043a\u0430\u043a \u0441\u0435\u0440\u044b\u0439 \u043a\u0432\u0430\u0434\u0440\u0430\u0442 \u043f\u0440\u043e\u0441\u0442\u043e\u0439.",
        "ts": "1478268274.001095",
        "reactions": [
            {
                "name": "heavy_plus_sign",
                "users": [
                    "U2SRD70D9",
                    "U0G00FWH2"
                ],
                "count": 2
            }
        ]
    },
    {
        "type": "message",
        "user": "U0H1U59BL",
        "text": "\u041d\u0430\u0434\u043e \u0437\u0451\u0440\u043d\u0430 \u0447\u0451\u0442\u0447\u0435.",
        "ts": "1478268287.001096"
    },
    {
        "type": "message",
        "user": "U2KS93BC2",
        "text": "\u0425\u043c, \u0443 \u043c\u0435\u043d\u044f \u0441 \u0442\u0435\u043b\u0435\u0444\u043e\u043d\u0430 \u0445\u043e\u0440\u043e\u0448\u043e \u0432\u0438\u0434\u043d\u043e \u0437\u0435\u0440\u043d\u043e ",
        "ts": "1478268396.001097"
    },
    {
        "type": "message",
        "user": "U0G00FWH2",
        "text": "feel free to change it :slightly_smiling_face:",
        "ts": "1478268457.001098"
    },
    {
        "type": "message",
        "user": "U0H1U59BL",
        "text": "\u0410 \u043a\u0430\u043a \u044d\u0442\u043e \u0432\u0441\u0451 \u0434\u0435\u043b\u0430\u0435\u0442\u0441\u044f?",
        "ts": "1478268473.001099"
    },
    {
        "type": "message",
        "user": "U0H1U59BL",
        "text": "\u0412 \u0441\u043c\u044b\u0441\u043b\u0435 \u0437\u0430\u0433\u0440\u0443\u0437\u043a\u0430 \u0441\u044e\u0434\u0430",
        "ts": "1478268479.001100"
    },
    {
        "type": "message",
        "user": "U0H1U59BL",
        "text": "\u0410, \u0432\u0438\u0436\u0443.",
        "ts": "1478268495.001101"
    },
    {
        "type": "message",
        "user": "U0H1U59BL",
        "text": "\u041f\u043e\u0441\u043b\u0435 \u043f\u043e\u043f\u044b\u0442\u043e\u043a \u043f\u043e\u043d\u044f\u043b, \u0447\u0442\u043e \u043f\u043e\u043b\u0443\u0447\u0430\u0435\u0442\u0441\u044f \u043d\u0435 \u0441\u0438\u043b\u044c\u043d\u043e \u043b\u0443\u0447\u0448\u0435.",
        "ts": "1478268870.001102"
    },
    {
        "type": "message",
        "user": "U0G0KMGKH",
        "text": "\u0414\u0443\u043c\u0430\u044e, \u0432\u0430\u043c \u0432\u0441\u0435\u043c \u0441\u0442\u043e\u0438\u0442 \u043f\u043e\u0440\u0435\u0436\u0435 \u0433\u043e\u0432\u043e\u0440\u0438\u0442\u044c \u043e \u041b\u044f\u0445\u0435 \u0438 mention'\u0438\u0442\u044c \u041b\u044f\u0445\u0430, \u043f\u043e\u0442\u043e\u043c\u0443 \u0447\u0442\u043e \u044d\u0442\u043e \u0432\u043e\u0437\u043c\u043e\u0436\u043d\u043e \u0434\u0435\u043b\u0430\u0435\u0442 \u0442\u0430\u043a, \u0447\u0442\u043e \u0435\u043c\u0443 \u0445\u043e\u0447\u0435\u0442\u0441\u044f \u043f\u0440\u0438\u0439\u0442\u0438 \u0438 \u0447\u0442\u043e-\u0442\u043e \u043d\u0430\u043f\u0438\u0441\u0430\u0442\u044c. \u041d\u0430 \u043c\u0435\u043d\u044f \u0431\u044b \u044d\u0442\u043e \u0442\u0430\u043a \u0440\u0430\u0431\u043e\u0442\u0430\u043b\u043e.",
        "ts": "1478276087.001103",
        "reactions": [
            {
                "name": "heavy_plus_sign",
                "users": [
                    "U0GBBAD1P",
                    "U1ZPGFN3Y",
                    "U2KS93BC2"
                ],
                "count": 3
            },
            {
                "name": "delta",
                "users": [
                    "U0GBBAD1P"
                ],
                "count": 1
            },
            {
                "name": "thinking_face",
                "users": [
                    "U0FGKCY31"
                ],
                "count": 1
            }
        ]
    },
    {
        "type": "message",
        "user": "U2T2K1NPR",
        "text": "\u041d\u0435 \u0431\u0443\u0434\u0438 \u041b\u044f\u0445\u0430, \u043f\u043e\u043a\u0430 \u043e\u043d\u043e \u0441\u043f\u0438\u0442.",
        "ts": "1478276568.001104"
    },
    {
        "type": "message",
        "user": "U0G6DS4F8",
        "text": "\u041c\u043e\u0436\u043d\u043e \u043b\u0438 \u0441\u0434\u0435\u043b\u0430\u0442\u044c \u043a\u0430\u043a\u043e\u0439-\u0442\u043e \u0441\u043f\u043e\u0441\u043e\u0431 \u043f\u043e\u043b\u0443\u0447\u0430\u0442\u044c \u0438\u043d\u0444\u043e\u0440\u043c\u0430\u0446\u0438\u044e \u043e \u0441\u043c\u0430\u0439\u043b\u0430\u0445, \u0447\u0430\u0442\u0435, etc \u043a\u0440\u043e\u043c\u0435 <http:\/\/lesswrong.ru\/slack> ?\n\n\u041d\u0430\u043f\u0440\u0438\u043c\u0435\u0440 \u043a\u043e\u043c\u0430\u043d\u0434\u043e\u0439 \/help",
        "edited": {
            "user": "U0G6DS4F8",
            "ts": "1478281910.000000"
        },
        "ts": "1478281885.001107"
    },
    {
        "type": "message",
        "user": "U0F6P8JAG",
        "text": ":hammer_and_wrench: \u0417\u0430\u0430\u0440\u0445\u0438\u0432\u0438\u0440\u043e\u0432\u0430\u043b <#C0G5FNASG|polls>. \u041f\u043e \u0438\u0442\u043e\u0433\u0430\u043c \u0442\u0435\u0441\u0442\u043e\u0432\u043e\u0433\u043e \u043e\u043f\u0440\u043e\u0441\u0430 \u0432 <#C0CTD63DJ|open> \u043e\u0442\u0432\u0435\u0442\u0438\u043b\u043e \u0431\u043e\u043b\u044c\u0448\u0435 \u043b\u044e\u0434\u0435\u0439, \u0442\u0430\u043a \u0447\u0442\u043e \u0432 <#C0G5FNASG|polls> \u043d\u0435\u0442 \u0441\u043c\u044b\u0441\u043b\u0430.",
        "ts": "1478299766.001110"
    },
    {
        "type": "message",
        "user": "U0F6P8JAG",
        "text": "<@U0G6DS4F8>: \u0442\u0435\u043e\u0440\u0435\u0442\u0438\u0447\u0435\u0441\u043a\u0438 \u043c\u043e\u0436\u043d\u043e \u0431\u044b\u043b\u043e \u0431\u044b \u0447\u0435\u0440\u0435\u0437 slackbot commands \u044d\u0442\u043e \u0441\u0434\u0435\u043b\u0430\u0442\u044c, \u0435\u0441\u043b\u0438 \u043f\u0440\u0435\u0434\u043b\u043e\u0436\u0438\u0448\u044c \u043a\u043b\u044e\u0447\u0435\u0432\u044b\u0435 \u0441\u043b\u043e\u0432\u0430, \u043f\u043e \u043a\u043e\u0442\u043e\u0440\u044b\u043c \u043e\u043d \u0431\u0443\u0434\u0435\u0442 \u043e\u0442\u043a\u043b\u0438\u043a\u0430\u0442\u044c\u0441\u044f, \u0447\u0442\u043e\u0431\u044b \u043d\u0435 \u0431\u044b\u043b\u043e \u043b\u043e\u0436\u043d\u043e\u043f\u043e\u043b\u043e\u0436\u0438\u0442\u0435\u043b\u044c\u043d\u044b\u0445 \u0441\u0440\u0430\u0431\u0430\u0442\u044b\u0432\u0430\u043d\u0438\u0439.",
        "ts": "1478299815.001111"
    },
    {
        "type": "message",
        "user": "U0G6DS4F8",
        "text": "<@U0F6P8JAG>: \u043a\u0440\u0443\u0442\u043e \u0441\u0434\u0435\u043b\u0430\u0442\u044c \u0438\u043c\u0435\u043d\u043d\u043e \u0447\u0435\u0440\u0435\u0437 \/help \u0438\u043b\u0438 \/about \u043f\u043e \u0430\u043d\u0430\u043b\u043e\u0433\u0438\u0438 \u0441 \u0442\u0435\u043a\u0443\u0449\u0438\u043c\u0438 \u043a\u043e\u043c\u0430\u043d\u0434\u0430\u043c\u0438 \u0447\u0435\u0440\u0435\u0437 \u0441\u043b\u044d\u0448, \u0442\u043e\u0433\u0434\u0430 \u043f\u043e\u0434\u0441\u043a\u0430\u0437\u043a\u0443 \u0431\u0443\u0434\u0435\u0442 \u0432\u0438\u0434\u0435\u0442\u044c \u0442\u043e\u043b\u044c\u043a\u043e \u0442\u043e\u0442, \u043a\u0442\u043e \u0437\u0430\u043f\u0440\u043e\u0441\u0438\u043b \u0435\u0451\n\u0415\u0441\u043b\u0438 \u0447\u0435\u0440\u0435\u0437 \u0431\u043e\u0442\u0430, \u0442\u043e \u043a\u0430\u043a\u043e\u0439-\u043d\u0438\u0431\u0443\u0434\u044c \"lwrule\". \u041b\u0435\u0433\u043a\u043e \u043d\u0430\u043f\u0438\u0441\u0430\u0442\u044c \u0438 \u0437\u0430\u043f\u043e\u043c\u043d\u0438\u0442\u044c, \u0432\u0440\u044f\u0434 \u043b\u0438 \u043a\u0442\u043e \u0438\u043c\u0435\u043d\u043d\u043e \u0442\u0430\u043a \u043d\u0430\u043f\u0438\u0448\u0435\u0442.",
        "edited": {
            "user": "U0G6DS4F8",
            "ts": "1478300940.000000"
        },
        "ts": "1478300881.001112"
    },
    {
        "type": "message",
        "user": "U0F6P8JAG",
        "text": "<@U0G6DS4F8>: \u0442\u043e\u0433\u0434\u0430 \u043d\u0430\u043f\u043e\u043c\u0438\u043d\u0430\u044e \u043e\u0442\u043a\u0440\u044b\u0442\u043e\u0435 \u043f\u0440\u0435\u0434\u043b\u043e\u0436\u0435\u043d\u0438\u0435 \u0434\u043b\u044f \u0432\u043e\u043b\u043e\u043d\u0442\u0451\u0440\u043e\u0432: \u043a\u0430\u043a \u0442\u043e\u043b\u044c\u043a\u043e \u043a\u0442\u043e-\u043d\u0438\u0431\u0443\u0434\u044c \u043e\u0441\u0438\u043b\u0438\u0442 \u043f\u043e\u0434\u043d\u044f\u0442\u044c hubot\u2019\u0430, \u043e\u043d \u0443 \u043d\u0430\u0441 \u043f\u043e\u044f\u0432\u0438\u0442\u0441\u044f, \u0438 \u044f \u043f\u043e\u043c\u043e\u0433\u0443 \u0441 \u0445\u043e\u0441\u0442\u0438\u043d\u0433\u043e\u043c. \u0423 \u043c\u0435\u043d\u044f \u043f\u043e\u043a\u0430 \u0434\u043e \u044d\u0442\u043e\u0433\u043e \u0440\u0443\u043a\u0438 \u043d\u0435 \u0434\u043e\u0445\u043e\u0434\u044f\u0442.",
        "ts": "1478301024.001114"
    },
    {
        "type": "message",
        "user": "U0G6DS4F8",
        "text": "\u0410 \u0437\u0430\u0447\u0435\u043c \u0431\u043e\u0442\u0430? \u041a\u0430\u043a \u043f\u043e\u043d\u0438\u043c\u0430\u044e \u043c\u043e\u0436\u043d\u043e \u0441\u0434\u0435\u043b\u0430\u0442\u044c \u044d\u0442\u043e \u0442\u0430\u043a <https:\/\/api.slack.com\/slash-commands>",
        "ts": "1478302167.001115"
    },
    {
        "type": "message",
        "user": "U0G6DS4F8",
        "text": "\u0418\u043b\u0438 \u0443 \u0442\u0430\u043a\u043e\u0433\u043e \u0441\u043f\u043e\u0441\u043e\u0431\u0430 \u0435\u0441\u0442\u044c \u043a\u0430\u043a\u043e\u0439-\u0442\u043e \u043e\u0447\u0435\u0432\u0438\u0434\u043d\u044b\u0439 \u043c\u0438\u043d\u0443\u0441 \u0432 \u0441\u0440\u0430\u0432\u043d\u0435\u043d\u0438\u0435 \u0441 \u0431\u043e\u0442\u043e\u043c?",
        "ts": "1478302241.001116"
    },
    {
        "type": "message",
        "user": "U1BJD7KSR",
        "text": "\u0410 \u043e\u0442\u0432\u0435\u0447\u0430\u0442\u044c \u043d\u0430 \u0437\u0430\u043f\u0440\u043e\u0441\u044b \u0431\u0443\u0434\u0435\u0442 \u043a\u0442\u043e?",
        "ts": "1478302275.001117"
    },
    {
        "type": "message",
        "user": "U1BJD7KSR",
        "text": "\u041f\u0440\u0430\u0432\u0438\u043b\u044c\u043d\u043e - \u0431\u043e\u0442.",
        "ts": "1478302280.001118"
    },
    {
        "type": "message",
        "user": "U2Q17MG00",
        "text": "&gt; When commands are executed, we send a request to your SSL-enabled server. Commands are executed from Slack's own servers, so your server needs to be accessible to Slack. Don't worry, we provide a means to verify the request is coming from Slack.\n\n\u0432\u0440\u043e\u0434\u0435 \u0431\u044b \u0435\u0441\u043b\u0438 \u043f\u0440\u043e\u0441\u0442\u043e \u0442\u0435\u043a\u0441\u0442 \u043f\u043e\u0441\u044b\u043b\u0430\u0442\u044c \u0432 \u043e\u0442\u0432\u0435\u0442, \u044d\u0442\u043e \u043c\u043e\u0436\u043d\u043e \u0441\u0434\u0435\u043b\u0430\u0442\u044c \u043a\u0430\u043a\u0438\u043c-\u043d\u0438\u0431\u0443\u0434\u044c Zapier",
        "ts": "1478302503.001119"
    },
    {
        "type": "message",
        "user": "U1BJD7KSR",
        "text": "<@U2Q17MG00> \u0434\u043b\u044f Haskell \u0435\u0441\u0442\u044c \u043b\u0438\u0431\u0430",
        "ts": "1478302546.001120"
    },
    {
        "type": "message",
        "user": "U0GBBAD1P",
        "text": "<@U1BJD7KSR> \u043c\u043e\u0436\u0435\u0442 \u0435\u0449\u0435 \u0438 \u0432\u0435\u0431-\u0441\u0435\u0440\u0432\u0435\u0440 \u043d\u0430 \u043d\u0435\u043c \u0441\u0432\u043e\u0439 \u043d\u0430\u043f\u0438\u0441\u0430\u0442\u044c?)",
        "ts": "1478302590.001121"
    },
    {
        "type": "message",
        "user": "U1BJD7KSR",
        "text": "<@U0GBBAD1P> \u0435\u0441\u0442\u044c \u0443\u0436\u0435",
        "ts": "1478302601.001122",
        "reactions": [
            {
                "name": "trollface",
                "users": [
                    "U0GBBAD1P"
                ],
                "count": 1
            }
        ]
    },
    {
        "type": "message",
        "user": "U0GBBAD1P",
        "text": "\u043d\u0443 \u0443 \u043d\u0435\u0433\u043e \u0436\u0435 \u0435\u0441\u0442\u044c \u0444\u0430\u0442\u0430\u043b\u044c\u043d\u044b\u0439 \u043d\u0435\u0434\u043e\u0441\u0442\u0430\u0442\u043e\u043a",
        "ts": "1478302629.001123"
    },
    {
        "type": "message",
        "user": "U1BJD7KSR",
        "text": "\u041d\u0435\u0442)",
        "ts": "1478302641.001124"
    },
    {
        "type": "message",
        "user": "U1BJD7KSR",
        "text": "\u042f \u043b\u044e\u0431\u0438\u0442\u0435\u043b\u044c \u043f\u043e\u043b\u0443\u0444\u0430\u0431\u0440\u0438\u043a\u0430\u0442\u043d\u044b\u0445 \u0432\u0435\u043b\u043e\u0441\u0438\u043f\u0435\u0434\u043e\u0432",
        "ts": "1478302656.001125"
    },
    {
        "type": "message",
        "user": "U0G6DS4F8",
        "text": "\u0425\u043c, \u043d\u0430\u0447\u0438\u0442 \u044f \u043d\u0435\u0432\u043a\u0443\u0440\u0438\u043b. \u042f \u043f\u043e\u043d\u044f\u043b, \u0447\u0442\u043e \u043e\u0442\u043f\u0440\u0430\u0432\u043b\u044f\u0435\u0442\u0441\u044f \u0437\u0430\u043f\u0440\u043e\u0441 \u043d\u0430 \u0441\u0430\u0439\u0442, \u0441\u0430\u0439\u0442 \u0432 \u043e\u0442\u0432\u0435\u0442 \u043a\u0438\u0434\u0430\u0435\u0442 \u0434\u0430\u043d\u043d\u044b\u0435, slack \u0438\u0445 \u0441\u0430\u043c \u043f\u0430\u0440\u0441\u0438\u0442",
        "ts": "1478302709.001126"
    },
    {
        "type": "message",
        "user": "U0GBBAD1P",
        "text": "\u0442\u0430\u043a \u0438 \u0435\u0441\u0442\u044c\n\u0438 \u0442\u0430\u043c \u0432\u0440\u043e\u0434\u0435 \u0431\u044b \u044d\u0442\u0438 \u0434\u0430\u043d\u043d\u044b\u0435 \u0434\u043b\u044f \u043d\u0430\u0448\u0438\u0445 \u0446\u0435\u043b\u0435\u0439 \u043e\u0434\u043d\u0438 \u0438 \u0442\u0435 \u0436\u0435 \u0432\u0441\u0435\u0433\u0434\u0430\n\u0442.\u0435. \u0434\u0430\u043d\u043d\u044b\u0435 \u0438\u0437 \u0437\u0430\u043f\u0440\u043e\u0441\u0430 \u043c\u043e\u0436\u043d\u043e \u043f\u0440\u043e\u0438\u0433\u043d\u043e\u0440\u0438\u0440\u043e\u0432\u0430\u0442\u044c",
        "ts": "1478302747.001127"
    },
    {
        "type": "message",
        "subtype": "file_share",
        "text": "<@U2Q17MG00|neongreen> uploaded a file: <https:\/\/lesswrongru.slack.com\/files\/neongreen\/F2YPXDMLL\/pasted_image_at_2016_11_05_02_38_am.png|Pasted image at 2016 11 05 02 38 AM> and commented: Zapier \u0443\u043c\u0435\u0435\u0442 \u0432\u043e\u0442 \u0447\u0442\u043e (\u043d\u0430 \u0441\u043e\u043e\u0431\u0449\u0435\u043d\u0438\u044f \u0443\u043c\u0435\u0435\u0442 \u043e\u0442\u0432\u0435\u0447\u0430\u0442\u044c, \u043d\u0430 \u043a\u043e\u043c\u0430\u043d\u0434\u044b \u0432\u0440\u043e\u0434\u0435 \u0431\u044b \u043d\u0435\u0442)",
        "file": {
            "id": "F2YPXDMLL",
            "created": 1478302759,
            "timestamp": 1478302759,
            "name": "Pasted image at 2016_11_05 02_38 AM.png",
            "title": "Pasted image at 2016 11 05 02 38 AM",
            "mimetype": "image\/png",
            "filetype": "png",
            "pretty_type": "PNG",
            "user": "U2Q17MG00",
            "editable": false,
            "size": 83234,
            "mode": "hosted",
            "is_external": false,
            "external_type": "",
            "is_public": true,
            "public_url_shared": false,
            "display_as_bot": false,
            "username": "",
            "url_private": "https:\/\/files.slack.com\/files-pri\/T0CTD4Q0K-F2YPXDMLL\/pasted_image_at_2016_11_05_02_38_am.png?t=xoxe-12931160019-103607625319-102215183440-059257f7d7",
            "url_private_download": "https:\/\/files.slack.com\/files-pri\/T0CTD4Q0K-F2YPXDMLL\/download\/pasted_image_at_2016_11_05_02_38_am.png?t=xoxe-12931160019-103607625319-102215183440-059257f7d7",
            "thumb_64": "https:\/\/files.slack.com\/files-tmb\/T0CTD4Q0K-F2YPXDMLL-d99a3cff3b\/pasted_image_at_2016_11_05_02_38_am_64.png?t=xoxe-12931160019-103607625319-102215183440-059257f7d7",
            "thumb_80": "https:\/\/files.slack.com\/files-tmb\/T0CTD4Q0K-F2YPXDMLL-d99a3cff3b\/pasted_image_at_2016_11_05_02_38_am_80.png?t=xoxe-12931160019-103607625319-102215183440-059257f7d7",
            "thumb_360": "https:\/\/files.slack.com\/files-tmb\/T0CTD4Q0K-F2YPXDMLL-d99a3cff3b\/pasted_image_at_2016_11_05_02_38_am_360.png?t=xoxe-12931160019-103607625319-102215183440-059257f7d7",
            "thumb_360_w": 360,
            "thumb_360_h": 184,
            "thumb_480": "https:\/\/files.slack.com\/files-tmb\/T0CTD4Q0K-F2YPXDMLL-d99a3cff3b\/pasted_image_at_2016_11_05_02_38_am_480.png?t=xoxe-12931160019-103607625319-102215183440-059257f7d7",
            "thumb_480_w": 480,
            "thumb_480_h": 246,
            "thumb_160": "https:\/\/files.slack.com\/files-tmb\/T0CTD4Q0K-F2YPXDMLL-d99a3cff3b\/pasted_image_at_2016_11_05_02_38_am_160.png?t=xoxe-12931160019-103607625319-102215183440-059257f7d7",
            "thumb_720": "https:\/\/files.slack.com\/files-tmb\/T0CTD4Q0K-F2YPXDMLL-d99a3cff3b\/pasted_image_at_2016_11_05_02_38_am_720.png?t=xoxe-12931160019-103607625319-102215183440-059257f7d7",
            "thumb_720_w": 720,
            "thumb_720_h": 369,
            "thumb_960": "https:\/\/files.slack.com\/files-tmb\/T0CTD4Q0K-F2YPXDMLL-d99a3cff3b\/pasted_image_at_2016_11_05_02_38_am_960.png?t=xoxe-12931160019-103607625319-102215183440-059257f7d7",
            "thumb_960_w": 960,
            "thumb_960_h": 492,
            "thumb_1024": "https:\/\/files.slack.com\/files-tmb\/T0CTD4Q0K-F2YPXDMLL-d99a3cff3b\/pasted_image_at_2016_11_05_02_38_am_1024.png?t=xoxe-12931160019-103607625319-102215183440-059257f7d7",
            "thumb_1024_w": 1024,
            "thumb_1024_h": 525,
            "image_exif_rotation": 1,
            "original_w": 1362,
            "original_h": 698,
            "permalink": "https:\/\/lesswrongru.slack.com\/files\/neongreen\/F2YPXDMLL\/pasted_image_at_2016_11_05_02_38_am.png",
            "permalink_public": "https:\/\/slack-files.com\/T0CTD4Q0K-F2YPXDMLL-a3ded8a67e",
            "channels": [
                "C0L93QKDZ"
            ],
            "groups": [
    
            ],
            "ims": [
    
            ],
            "comments_count": 1,
            "initial_comment": {
                "id": "Fc2Y1UHY49",
                "created": 1478302759,
                "timestamp": 1478302759,
                "user": "U2Q17MG00",
                "is_intro": true,
                "comment": "Zapier \u0443\u043c\u0435\u0435\u0442 \u0432\u043e\u0442 \u0447\u0442\u043e (\u043d\u0430 \u0441\u043e\u043e\u0431\u0449\u0435\u043d\u0438\u044f \u0443\u043c\u0435\u0435\u0442 \u043e\u0442\u0432\u0435\u0447\u0430\u0442\u044c, \u043d\u0430 \u043a\u043e\u043c\u0430\u043d\u0434\u044b \u0432\u0440\u043e\u0434\u0435 \u0431\u044b \u043d\u0435\u0442)",
                "channel": ""
            }
        },
        "user": "U2Q17MG00",
        "upload": true,
        "display_as_bot": false,
        "username": "<@U2Q17MG00|neongreen>",
        "bot_id": null,
        "ts": "1478302763.001128"
    },
    {
        "type": "message",
        "user": "U0G6DS4F8",
        "text": "\u0442\u043e\u0433\u0434\u0430 \u0437\u0430\u0447\u0435\u043c \u0431\u043e\u0442?",
        "ts": "1478302788.001129"
    },
    {
        "type": "message",
        "user": "U0F6P8JAG",
        "text": "\u041d\u0435\u0443\u0436\u0435\u043b\u0438 \u043d\u0430\u0441\u0442\u0440\u043e\u0439\u043a\u0430 zapier\u2019\u0430 \u0431\u0443\u0434\u0435\u0442 \u043f\u0440\u043e\u0449\u0435, \u0447\u0435\u043c \u0443\u0441\u0442\u0430\u043d\u043e\u0432\u043a\u0430 hubot\u2019\u0430?",
        "ts": "1478302835.001130"
    },
    {
        "type": "message",
        "user": "U2Q17MG00",
        "text": "\u0434\u043b\u044f hubot'\u0430 \u043d\u0430\u0434\u043e \u0432 \u043a\u043e\u043d\u0441\u043e\u043b\u044c \u043b\u0435\u0437\u0442\u044c \u0438 \u043a\u043e\u043c\u0430\u043d\u0434\u0443 \u0432\u044b\u043f\u043e\u043b\u043d\u044f\u0442\u044c\n\n\u043f\u043e\u043b\u0430\u0433\u0430\u044e, \u0447\u0442\u043e \u0432\u0441\u0435\u043c \u043b\u0435\u043d\u044c",
        "ts": "1478302872.001131"
    },
    {
        "type": "message",
        "user": "U0F6P8JAG",
        "text": "\u041b\u0430\u0434\u043d\u043e, \u0432 \u0440\u0430\u043c\u043a\u0430\u0445 \u0441\u0442\u0440\u0443\u043a\u0442\u0443\u0440\u0438\u0440\u043e\u0432\u0430\u043d\u043d\u043e\u0439 \u043f\u0440\u043e\u043a\u0440\u0430\u0441\u0442\u0438\u043d\u0430\u0446\u0438\u0438 \u043f\u043e\u0439\u0434\u0443 \u0438 \u0441\u0430\u043c hubot\u2019\u0430 \u0441\u0435\u0439\u0447\u0430\u0441 \u043f\u043e\u0441\u0442\u0430\u0432\u043b\u044e.",
        "ts": "1478302900.001132"
    },
    {
        "type": "message",
        "user": "U0GBBAD1P",
        "text": "(\u0431\u043b\u0438\u043d, \u043a\u0430\u043a \u0436\u0435 \u044f \u0440\u0430\u0434 \u0447\u0442\u043e \u0443\u0448\u0435\u043b \u043e\u0442 \u0432\u0435\u0431-\u0440\u0430\u0437\u0440\u0430\u0431\u043e\u0442\u043a\u0438 \u0441 \u044d\u0442\u0438\u043c\u0438 \u0431\u0435\u0441\u043a\u043e\u043d\u0435\u0447\u043d\u044b\u043c\u0438 \u043d\u0435\u043f\u043e\u043d\u044f\u0442\u043d\u044b\u043c\u0438 API, \u043c\u0438\u043b\u043b\u0438\u0430\u0440\u0434\u043e\u043c \u0444\u0440\u0435\u0439\u043c\u0432\u043e\u0440\u043a\u043e\u0432 \u0438 \u043f\u0440\u043e\u0447\u0435\u0439 \u0435\u0440\u0435\u0441\u044c\u044e)",
        "ts": "1478302938.001133",
        "reactions": [
            {
                "name": "approx",
                "users": [
                    "U1BJD7KSR"
                ],
                "count": 1
            }
        ]
    },
    {
        "type": "message",
        "user": "U1BJD7KSR",
        "text": "<@U0GBBAD1P> \u043e\u043a\u0430\u0437\u0430\u043b\u043e\u0441\u044c \u0447\u0442\u043e \u0438 \u0431\u043e\u0442 \u0433\u043e\u0442\u043e\u0432\u044b\u0439 \u043d\u0430 Haskell \u0435\u0441\u0442\u044c, \u043d\u043e \u043e\u043d \u043d\u0430 Yesod, \u044f \u0441\u0447\u0438\u0442\u0430\u044e \u044d\u0442\u043e overkill",
        "ts": "1478303034.001134"
    },
    {
        "type": "message",
        "user": "U0F6P8JAG",
        "text": "\u041a\u0430\u043a hubot\u2019\u0430 \u043d\u0430\u0437\u043e\u0432\u0451\u043c? Clippy? =)",
        "ts": "1478303065.001135"
    },
    {
        "type": "message",
        "user": "U0GBBAD1P",
        "text": "\u0432 \u0441\u043c\u044b\u0441\u043b\u0435 \u043d\u0438\u043a?\nfai \u043a\u043e\u043d\u0435\u0447\u043d\u043e",
        "ts": "1478303113.001136"
    },
    {
        "type": "message",
        "user": "U0F6P8JAG",
        "text": "Clippius Maximus!\n(reference: <https:\/\/www.facebook.com\/clippius.maximus\/>)",
        "ts": "1478303213.001137"
    },
    {
        "type": "message",
        "user": "U0F6P8JAG",
        "text": "\u0423\u043f\u0441, \u043e\u043a\u0430\u0437\u044b\u0432\u0430\u0435\u0442\u0441\u044f, hubot \u043d\u0435 \u0443\u043c\u0435\u0435\u0442 \u043f\u043e\u043d\u0438\u043c\u0430\u0442\u044c slash commands - <https:\/\/github.com\/slackapi\/hubot-slack\/issues\/223>",
        "attachments": [
            {
                "service_name": "GitHub",
                "title": "Hubot commands as \/slash commands in slack \u00b7 Issue #223 \u00b7 slackapi\/hubot-slack \u00b7 GitHub",
                "title_link": "https:\/\/github.com\/slackapi\/hubot-slack\/issues\/223",
                "text": "Can we add selective hubot commands as \/slash commands so we can use autocomplete?",
                "fallback": "GitHub: Hubot commands as \/slash commands in slack \u00b7 Issue #223 \u00b7 slackapi\/hubot-slack",
                "thumb_url": "https:\/\/avatars3.githubusercontent.com\/u\/1269954?v=3&s=400",
                "from_url": "https:\/\/github.com\/slackapi\/hubot-slack\/issues\/223",
                "thumb_width": 400,
                "thumb_height": 400,
                "service_icon": "https:\/\/a.slack-edge.com\/e8ef6\/img\/unfurl_icons\/github.png",
                "id": 1
            }
        ],
        "ts": "1478303704.001138"
    },
    {
        "type": "message",
        "user": "U0F6P8JAG",
        "text": "\u041d\u0443 \u0442\u043e \u0435\u0441\u0442\u044c \u0442\u0435\u0445\u043d\u0438\u0447\u0435\u0441\u043a\u0438 \u043c\u043e\u0436\u0435\u0442, \u043d\u043e \u044d\u0442\u043e \u043f\u0440\u0438\u043c\u0435\u0440\u043d\u043e \u0441\u0442\u043e\u043b\u044c\u043a\u043e \u0436\u0435 \u0440\u0430\u0437\u0440\u0430\u0431\u043e\u0442\u043a\u0438, \u043a\u0430\u043a \u043d\u0430\u043f\u0438\u0441\u0430\u0442\u044c \u0440\u0443\u0447\u043a\u0443 \u0441\u0430\u043c\u043e\u0441\u0442\u043e\u044f\u0442\u0435\u043b\u044c\u043d\u043e.",
        "edited": {
            "user": "U0F6P8JAG",
            "ts": "1478303789.000000"
        },
        "ts": "1478303783.001140"
    },
    {
        "user": "U2YKSFWBV",
        "inviter": "U0F6P8JAG",
        "text": "<@U2YKSFWBV|clippy> has joined the channel",
        "type": "message",
        "subtype": "channel_join",
        "ts": "1478304602.001142"
    },
    {
        "type": "message",
        "user": "U0F6P8JAG",
        "text": "\u041d\u0443 \u0438 \u043b\u0430\u0434\u043d\u043e, \u043c\u043e\u0436\u043d\u043e \u043e\u0431\u0440\u0430\u0449\u0430\u0442\u044c\u0441\u044f \u043d\u0430\u043f\u0440\u044f\u043c\u0443\u044e, \u0430 \u043c\u043e\u0436\u043d\u043e \u0432 \u043a\u0430\u043d\u0430\u043b.",
        "ts": "1478304611.001143"
    },
    {
        "type": "message",
        "user": "U0F6P8JAG",
        "text": "clippy, \u044d\u043c\u043e\u0434\u0437\u0438?",
        "ts": "1478304614.001144"
    },
    {
        "type": "message",
        "user": "U2YKSFWBV",
        "text": "<@U0F6P8JAG>:  :+1: \u043e\u0437\u043d\u0430\u0447\u0430\u0435\u0442 \u00ab\u0445\u043e\u0447\u0443 \u0432\u0438\u0434\u0435\u0442\u044c \u0431\u043e\u043b\u044c\u0448\u0435 \u0442\u0430\u043a\u0438\u0445 \u0441\u043e\u043e\u0431\u0449\u0435\u043d\u0438\u0439\u00bb, \u00ab\u0441\u043f\u0430\u0441\u0438\u0431\u043e\u00bb, \u043e\u0431\u0449\u0435\u0435 \u0432\u044b\u0440\u0430\u0436\u0435\u043d\u0438\u0435 \u043e\u0434\u043e\u0431\u0440\u0435\u043d\u0438\u044f \u0441\u043e\u043e\u0431\u0449\u0435\u043d\u0438\u044f.\n :-1: \u2014 \u043d\u0430\u043e\u0431\u043e\u0440\u043e\u0442.\n :plus: \u043e\u0437\u043d\u0430\u0447\u0430\u0435\u0442 \u00ab\u044f \u0440\u0430\u0437\u0434\u0435\u043b\u044f\u044e \u0432\u044b\u0440\u0430\u0436\u0435\u043d\u043d\u0443\u044e \u043f\u043e\u0437\u0438\u0446\u0438\u044e\u00bb.\n :minus: \u0432\u044b\u0440\u0430\u0436\u0430\u0435\u0442 \u043d\u0435\u0441\u043e\u0433\u043b\u0430\u0441\u0438\u0435.\n :same: \u043e\u0437\u043d\u0430\u0447\u0430\u0435\u0442 \u00ab\u0443 \u043c\u0435\u043d\u044f \u0442\u0430\u043a \u0436\u0435\u00bb, \u043d\u043e \u0431\u0435\u0437 \u043e\u0446\u0435\u043d\u043e\u0447\u043d\u044b\u0445 \u043a\u043e\u043d\u043d\u043e\u0442\u0430\u0446\u0438\u0439.\n :delta: \u043e\u0437\u043d\u0430\u0447\u0430\u0435\u0442 \u00ab\u043f\u043e\u0441\u043b\u0435 \u043f\u0440\u043e\u0447\u0442\u0435\u043d\u0438\u044f \u044d\u0442\u043e\u0433\u043e \u0441\u043e\u043e\u0431\u0449\u0435\u043d\u0438\u044f \u044f \u0438\u0437\u043c\u0435\u043d\u0438\u043b(\u0430) \u0441\u0432\u043e\u0451 \u043c\u043d\u0435\u043d\u0438\u0435 \u0438\u043b\u0438 \u0443\u0437\u043d\u0430\u043b(\u0430) \u0447\u0442\u043e-\u0442\u043e \u043d\u043e\u0432\u043e\u0435\u00bb.\n :unpack: \u043e\u0437\u043d\u0430\u0447\u0430\u0435\u0442 \u00ab\u0440\u0430\u0441\u043f\u0430\u043a\u0443\u0439\u00bb, \u0442\u043e \u0435\u0441\u0442\u044c \u0440\u0430\u0437\u0432\u0435\u0440\u043d\u0438 \u0441\u0432\u043e\u044e \u043c\u044b\u0441\u043b\u044c \u0431\u043e\u043b\u0435\u0435 \u043f\u043e\u0434\u0440\u043e\u0431\u043d\u043e.",
        "bot_id": "B2YKSFVGT",
        "ts": "1478304616.001145"
    },
    {
        "type": "message",
        "user": "U0F6P8JAG",
        "text": "\u0427\u0442\u043e\u0431\u044b \u043f\u043e\u043b\u0443\u0447\u0438\u0442\u044c \u0432 \u043b\u0438\u0447\u043a\u0443, \u043c\u043e\u0436\u043d\u043e \u0442\u0430\u043a: \/msg clippy emoji",
        "ts": "1478304640.001146",
        "reactions": [
            {
                "name": "+1",
                "users": [
                    "U0G6DS4F8"
                ],
                "count": 1
            }
        ]
    },
    {
        "type": "message",
        "user": "U0F6P8JAG",
        "text": "(\u0437\u0430\u043f\u0440\u043e\u0441 \u0442\u043e\u0436\u0435 \u0443\u0439\u0434\u0451\u0442 \u0432 \u043b\u0438\u0447\u043a\u0443, \u043f\u0440\u0438 \u044d\u0442\u043e\u043c \u043d\u0430\u0431\u0438\u0440\u0430\u0442\u044c \u0435\u0433\u043e \u043c\u043e\u0436\u043d\u043e \u043e\u0442\u043a\u0443\u0434\u0430 \u0443\u0433\u043e\u0434\u043d\u043e. \u044d\u0442\u043e \u043e\u0431\u0449\u0430\u044f \u0444\u0438\u0447\u0430 \u043f\u043e \u043d\u0430\u0441\u043b\u0435\u0434\u0441\u0442\u0432\u0443 \u043e\u0442 IRC, \u0435\u0441\u043b\u0438 \u043a\u0442\u043e \u043d\u0435 \u0437\u043d\u0430\u0435\u0442.)",
        "ts": "1478304671.001147"
    },
    {
        "type": "message",
        "user": "U0H1U59BL",
        "text": "Clippy, \u044d\u043c\u043e\u0434\u0437\u0438?",
        "ts": "1478304692.001148"
    },
    {
        "type": "message",
        "user": "U0F6P8JAG",
        "text": "\u0417\u0440\u044f \u043f\u0435\u0440\u0432\u0430\u044f \u0431\u043e\u043b\u044c\u0448\u0430\u044f?",
        "ts": "1478304703.001149"
    },
    {
        "type": "message",
        "user": "U0H1U59BL",
        "text": "\u0412\u043e\u0442 \u0438 \u0437\u0430\u0433\u043b\u0430\u0432\u043d\u0430\u044f \u043f\u0440\u0438\u0435\u0445\u0430\u043b\u0430.",
        "ts": "1478304706.001150"
    },
    {
        "type": "message",
        "user": "U0F6P8JAG",
        "text": "clippy, \u044d\u043c\u043e\u0434\u0437\u0438?",
        "ts": "1478304712.001151"
    },
    {
        "type": "message",
        "user": "U2YKSFWBV",
        "text": "<@U0F6P8JAG>:  :+1: \u043e\u0437\u043d\u0430\u0447\u0430\u0435\u0442 \u00ab\u0445\u043e\u0447\u0443 \u0432\u0438\u0434\u0435\u0442\u044c \u0431\u043e\u043b\u044c\u0448\u0435 \u0442\u0430\u043a\u0438\u0445 \u0441\u043e\u043e\u0431\u0449\u0435\u043d\u0438\u0439\u00bb, \u00ab\u0441\u043f\u0430\u0441\u0438\u0431\u043e\u00bb, \u043e\u0431\u0449\u0435\u0435 \u0432\u044b\u0440\u0430\u0436\u0435\u043d\u0438\u0435 \u043e\u0434\u043e\u0431\u0440\u0435\u043d\u0438\u044f \u0441\u043e\u043e\u0431\u0449\u0435\u043d\u0438\u044f.\n :-1: \u2014 \u043d\u0430\u043e\u0431\u043e\u0440\u043e\u0442.\n :plus: \u043e\u0437\u043d\u0430\u0447\u0430\u0435\u0442 \u00ab\u044f \u0440\u0430\u0437\u0434\u0435\u043b\u044f\u044e \u0432\u044b\u0440\u0430\u0436\u0435\u043d\u043d\u0443\u044e \u043f\u043e\u0437\u0438\u0446\u0438\u044e\u00bb.\n :minus: \u0432\u044b\u0440\u0430\u0436\u0430\u0435\u0442 \u043d\u0435\u0441\u043e\u0433\u043b\u0430\u0441\u0438\u0435.\n :same: \u043e\u0437\u043d\u0430\u0447\u0430\u0435\u0442 \u00ab\u0443 \u043c\u0435\u043d\u044f \u0442\u0430\u043a \u0436\u0435\u00bb, \u043d\u043e \u0431\u0435\u0437 \u043e\u0446\u0435\u043d\u043e\u0447\u043d\u044b\u0445 \u043a\u043e\u043d\u043d\u043e\u0442\u0430\u0446\u0438\u0439.\n :delta: \u043e\u0437\u043d\u0430\u0447\u0430\u0435\u0442 \u00ab\u043f\u043e\u0441\u043b\u0435 \u043f\u0440\u043e\u0447\u0442\u0435\u043d\u0438\u044f \u044d\u0442\u043e\u0433\u043e \u0441\u043e\u043e\u0431\u0449\u0435\u043d\u0438\u044f \u044f \u0438\u0437\u043c\u0435\u043d\u0438\u043b(\u0430) \u0441\u0432\u043e\u0451 \u043c\u043d\u0435\u043d\u0438\u0435 \u0438\u043b\u0438 \u0443\u0437\u043d\u0430\u043b(\u0430) \u0447\u0442\u043e-\u0442\u043e \u043d\u043e\u0432\u043e\u0435\u00bb.\n :unpack: \u043e\u0437\u043d\u0430\u0447\u0430\u0435\u0442 \u00ab\u0440\u0430\u0441\u043f\u0430\u043a\u0443\u0439\u00bb, \u0442\u043e \u0435\u0441\u0442\u044c \u0440\u0430\u0437\u0432\u0435\u0440\u043d\u0438 \u0441\u0432\u043e\u044e \u043c\u044b\u0441\u043b\u044c \u0431\u043e\u043b\u0435\u0435 \u043f\u043e\u0434\u0440\u043e\u0431\u043d\u043e.",
        "bot_id": "B2YKSFVGT",
        "ts": "1478304713.001152"
    },
    {
        "type": "message",
        "user": "U0H1U59BL",
        "text": "\u041d\u0435 \u043d\u0430\u0441\u0442\u0440\u0430\u0438\u0432\u0430\u0435\u0442\u0441\u044f, \u0447\u0442\u043e\u0431\u044b \u043d\u0435 \u0440\u0430\u0437\u043b\u0438\u0447\u0430\u043b?",
        "ts": "1478304727.001153"
    },
    {
        "type": "message",
        "user": "U0F6P8JAG",
        "text": "<https:\/\/hubot.github.com\/docs\/>\n&gt; Your hubot will now respond as myhubot. This is case-insensitive, and can be prefixed with @ or suffixed with :. These are equivalent:\n&gt; MYHUBOT help\n&gt; myhubot help\n&gt; @myhubot help\n&gt; myhubot: help\n\u0413\u043c.",
        "ts": "1478304760.001154"
    },
    {
        "type": "message",
        "user": "U0F6P8JAG",
        "text": "Clippy, emoji?",
        "ts": "1478304812.001155"
    },
    {
        "type": "message",
        "user": "U0F6P8JAG",
        "text": "Clippy emoji",
        "ts": "1478304817.001156"
    },
    {
        "type": "message",
        "user": "U0H1U59BL",
        "text": "CLIPPY, \u042d\u041c\u041e\u0414\u0417\u0418?",
        "ts": "1478304817.001157"
    },
    {
        "type": "message",
        "user": "U0H1U59BL",
        "text": "CLIPPY, \u044d\u043c\u043e\u0434\u0437\u0438?",
        "ts": "1478304826.001158"
    },
    {
        "type": "message",
        "user": "U0H1U59BL",
        "text": "\u041c\u043e\u0436\u043d\u043e \u0435\u0449\u0451 \u0434\u043e\u0431\u0430\u0432\u0438\u0442\u044c :approx: \"\u0443 \u043c\u0435\u043d\u044f \u043f\u0440\u0438\u043c\u0435\u0440\u043d\u043e \u0442\u0430\u043a \u0436\u0435\".",
        "ts": "1478304971.001159",
        "reactions": [
            {
                "name": "not_equal",
                "users": [
                    "U0H1U59BL"
                ],
                "count": 1
            }
        ]
    },
    {
        "type": "message",
        "user": "U0H1U59BL",
        "text": "^ \u0418 \"\u043d\u0435 \u0442\u0430\u043a \u0436\u0435\".",
        "ts": "1478305008.001160"
    },
    {
        "type": "message",
        "user": "U0F6P8JAG",
        "text": "Clippy, \u043f\u043e\u043a\u0430\u0436\u0438 EmOjI",
        "ts": "1478305680.001161"
    },
    {
        "type": "message",
        "user": "U0F6P8JAG",
        "text": "clippy, EMOji?",
        "ts": "1478305686.001162"
    },
    {
        "type": "message",
        "user": "U2YKSFWBV",
        "text": "<@U0F6P8JAG>:  :+1: \u043e\u0437\u043d\u0430\u0447\u0430\u0435\u0442 \u00ab\u0445\u043e\u0447\u0443 \u0432\u0438\u0434\u0435\u0442\u044c \u0431\u043e\u043b\u044c\u0448\u0435 \u0442\u0430\u043a\u0438\u0445 \u0441\u043e\u043e\u0431\u0449\u0435\u043d\u0438\u0439\u00bb, \u00ab\u0441\u043f\u0430\u0441\u0438\u0431\u043e\u00bb, \u043e\u0431\u0449\u0435\u0435 \u0432\u044b\u0440\u0430\u0436\u0435\u043d\u0438\u0435 \u043e\u0434\u043e\u0431\u0440\u0435\u043d\u0438\u044f \u0441\u043e\u043e\u0431\u0449\u0435\u043d\u0438\u044f.\n :-1: \u2014 \u043d\u0430\u043e\u0431\u043e\u0440\u043e\u0442.\n :plus: \u043e\u0437\u043d\u0430\u0447\u0430\u0435\u0442 \u00ab\u044f \u0440\u0430\u0437\u0434\u0435\u043b\u044f\u044e \u0432\u044b\u0440\u0430\u0436\u0435\u043d\u043d\u0443\u044e \u043f\u043e\u0437\u0438\u0446\u0438\u044e\u00bb.\n :minus: \u0432\u044b\u0440\u0430\u0436\u0430\u0435\u0442 \u043d\u0435\u0441\u043e\u0433\u043b\u0430\u0441\u0438\u0435.\n :same: \u043e\u0437\u043d\u0430\u0447\u0430\u0435\u0442 \u00ab\u0443 \u043c\u0435\u043d\u044f \u0442\u0430\u043a \u0436\u0435\u00bb, \u043d\u043e \u0431\u0435\u0437 \u043e\u0446\u0435\u043d\u043e\u0447\u043d\u044b\u0445 \u043a\u043e\u043d\u043d\u043e\u0442\u0430\u0446\u0438\u0439.\n :approx: \u043e\u0437\u043d\u0430\u0447\u0430\u0435\u0442 \u00ab\u0443 \u043c\u0435\u043d\u044f \u043f\u0440\u0438\u043c\u0435\u0440\u043d\u043e \u0442\u0430\u043a \u0436\u0435\u00bb.\n :not_equal: \u043e\u0437\u043d\u0430\u0447\u0430\u0435\u0442 \u00ab\u0443 \u043c\u0435\u043d\u044f \u043d\u0435 \u0442\u0430\u043a\u00bb.\n :delta: \u043e\u0437\u043d\u0430\u0447\u0430\u0435\u0442 \u00ab\u043f\u043e\u0441\u043b\u0435 \u043f\u0440\u043e\u0447\u0442\u0435\u043d\u0438\u044f \u044d\u0442\u043e\u0433\u043e \u0441\u043e\u043e\u0431\u0449\u0435\u043d\u0438\u044f \u044f \u0438\u0437\u043c\u0435\u043d\u0438\u043b(\u0430) \u0441\u0432\u043e\u0451 \u043c\u043d\u0435\u043d\u0438\u0435 \u0438\u043b\u0438 \u0443\u0437\u043d\u0430\u043b(\u0430) \u0447\u0442\u043e-\u0442\u043e \u043d\u043e\u0432\u043e\u0435\u00bb.\n :unpack: \u043e\u0437\u043d\u0430\u0447\u0430\u0435\u0442 \u00ab\u0440\u0430\u0441\u043f\u0430\u043a\u0443\u0439\u00bb, \u0442\u043e \u0435\u0441\u0442\u044c \u0440\u0430\u0437\u0432\u0435\u0440\u043d\u0438 \u0441\u0432\u043e\u044e \u043c\u044b\u0441\u043b\u044c \u0431\u043e\u043b\u0435\u0435 \u043f\u043e\u0434\u0440\u043e\u0431\u043d\u043e.",
        "bot_id": "B2YKSFVGT",
        "ts": "1478305688.001163"
    },
    {
        "type": "message",
        "user": "U0H1U59BL",
        "text": "\u041d\u043e\u0432\u0443\u044e \u0441\u0442\u0440\u043e\u043a\u0443 \u043f\u043e\u0441\u043b\u0435 \u0438\u043c\u0435\u043d\u0438 \u043d\u0435?",
        "ts": "1478305717.001165"
    },
    {
        "type": "message",
        "user": "U0F6P8JAG",
        "text": "\u0434\u043e\u0431\u0430\u0432\u0438\u043b, \u0434\u0430",
        "ts": "1478305741.001166"
    },
    {
        "type": "message",
        "user": "U0H1U59BL",
        "text": ":ok_hand: - \u044d\u0442\u043e \u043d\u0435 \u0438\u0441\u043f\u043e\u043b\u044c\u0437\u0443\u0435\u0442\u0441\u044f \u043a\u0430\u043a \"\u043e\u043a\u0435\u0439\"\/\"\u043f\u043e\u043d\u044f\u043b\"?",
        "ts": "1478305806.001167"
    },
    {
        "type": "message",
        "user": "U0H1U59BL",
        "text": "\u041f\u043e-\u043c\u043e\u0435\u043c\u0443 \u043f\u043e\u043b\u0435\u0437\u043d\u043e \u0431\u044b\u043b\u043e \u0431\u044b. \u041d\u0435\u043a\u043e\u0442\u043e\u0440\u044b\u0435 \u0438\u0441\u043f\u043e\u043b\u044c\u0437\u0443\u044e\u0442 :white_check_mark: \u0434\u043b\u044f \u043f\u043e\u0434\u043e\u0431\u043d\u043e\u0433\u043e, \u043d\u043e \u043b\u0443\u0447\u0448\u0435 \u0440\u0443\u043a\u0443, \u043d\u0430 \u043c\u043e\u0439 \u0432\u0437\u0433\u043b\u044f\u0434.",
        "ts": "1478305837.001169",
        "reactions": [
            {
                "name": "equal",
                "users": [
                    "U0FGKCY31"
                ],
                "count": 1
            }
        ]
    },
    {
        "type": "message",
        "user": "U0H1U59BL",
        "text": "\u0410 \u0434\u043b\u044f \u043e\u0434\u043e\u0431\u0440\u0435\u043d\u0438\u0439 \u0442\u0430\u043a\u043e\u0433\u043e \u0432\u0438\u0434\u0430 \u043a\u043b\u0430\u0441\u0441.",
        "ts": "1478305846.001170"
    },
    {
        "type": "message",
        "user": "U0F6P8JAG",
        "text": "\u042d\u0442\u043e \u0442\u044b \u0441\u0435\u0439\u0447\u0430\u0441 \u0437\u0430\u043e\u0434\u043d\u043e \u043f\u044b\u0442\u0430\u0435\u0448\u044c\u0441\u044f \u0441\u0444\u043e\u0440\u0441\u0438\u0442\u044c \u0441\u0432\u043e\u0438 \u043d\u043e\u0440\u043c\u044b, \u043f\u043e\u043a\u0430 \u043e\u043d\u0438 \u0444\u0438\u043a\u0441\u0438\u0440\u0443\u044e\u0442\u0441\u044f \u0432 \u043a\u043e\u0434\u0435? :)",
        "ts": "1478305930.001172"
    },
    {
        "type": "message",
        "user": "U0F6P8JAG",
        "text": "\u0412 \u0441\u043c\u044b\u0441\u043b\u0435, \u044f \u0441\u0435\u0439\u0447\u0430\u0441 \u0431\u043e\u0442\u0430 \u043d\u0430\u0441\u0442\u0440\u0430\u0438\u0432\u0430\u044e, \u0445\u043e\u0447\u0443 \u043f\u043e\u043a\u0430 \u043d\u0435 \u0434\u0443\u043c\u0430\u0442\u044c \u043f\u0440\u043e \u0441\u0435\u043c\u0430\u043d\u0442\u0438\u043a\u0443 \u0438 \u0432\u043e\u043e\u0431\u0449\u0435.\n\u0417\u0430\u043b\u044c\u044e \u043a\u043e\u0434 \u043d\u0430 github \u0438 \u043f\u043e\u0442\u043e\u043c \u043c\u043e\u0436\u043d\u043e \u043f\u0440\u0438\u043d\u0438\u043c\u0430\u0442\u044c PR\u2019\u044b.\n\u0425\u043e\u0442\u044f \u043f\u043e\u043a\u0430 \u043c\u0430\u0441\u0442\u0435\u0440-\u0432\u0435\u0440\u0441\u0438\u0435\u0439 \u043e\u043f\u0438\u0441\u0430\u043d\u0438\u044f \u044d\u043c\u043e\u0434\u0437\u0438 \u044f\u0432\u043b\u044f\u0435\u0442\u0441\u044f \u044d\u0442\u0430: <http:\/\/lesswrong.ru\/slack>",
        "ts": "1478305967.001173"
    },
    {
        "type": "message",
        "user": "U0H1U59BL",
        "text": "\u0424\u043e\u0440\u0448\u0443 \u044f \u0431\u043e\u043b\u0435\u0435 \u0444\u043e\u0440\u0441\u043d\u043e, \u0442\u0443\u0442 \u043f\u0440\u043e\u0441\u0442\u043e \u0445\u043e\u0447\u0443 \u0443\u0437\u043d\u0430\u0442\u044c, \u0447\u0442\u043e \u043f\u0440\u043e \u044d\u0442\u043e\u0442 \u0437\u043d\u0430\u043a \u0433\u043e\u0432\u043e\u0440\u0438\u043b\u0438 \u0440\u0430\u043d\u0435\u0435.",
        "ts": "1478305978.001174"
    },
    {
        "type": "message",
        "user": "U0H1U59BL",
        "text": "\u0422\u0430\u043a \u043a\u0430\u043a \u0432\u0438\u0434\u0438\u043c\u043e \u0431\u044b\u043b\u043e \u043e\u0431\u0441\u0443\u0436\u0434\u0435\u043d\u0438\u0435, \u0430 \u044f \u0435\u0433\u043e \u043d\u0435 \u0432\u0438\u0434\u0435\u043b.",
        "ts": "1478305987.001175"
    },
    {
        "type": "message",
        "user": "U0F6P8JAG",
        "text": "<https:\/\/lesswrongru.slack.com\/archives\/meta\/p1477824078000748> - \u0442\u0443\u0442 \u0431\u044b\u043b\u043e \u043e\u0431\u0441\u0443\u0436\u0434\u0435\u043d\u0438\u0435, \u043a\u043e\u043d\u0441\u0435\u043d\u0441\u0443\u0441\u0430 \u043f\u043e\u0445\u043e\u0436\u0435 \u043d\u0435 \u0441\u043b\u043e\u0436\u0438\u043b\u043e\u0441\u044c.",
        "attachments": [
            {
                "from_url": "https:\/\/lesswrongru.slack.com\/archives\/meta\/p1477824078000748",
                "fallback": "[October 30th, 2016 3:41 AM] quilfe: \u041f\u0440\u0435\u0434\u043b\u0430\u0433\u0430\u044e \u0442\u0430\u043a\u0436\u0435 \u0437\u0430\u043a\u0440\u0435\u043f\u0438\u0442\u044c \u0437\u0430 :white_check_mark: \u043e\u0431\u043e\u0437\u043d\u0430\u0447\u0435\u043d\u0438\u0435 \"\u0434\u0430, \u0443\u0432\u0438\u0434\u0435\u043b_\u0430 \u044d\u0442\u043e \u0441\u043e\u043e\u0431\u0449\u0435\u043d\u0438\u0435, \u043e\u0442\u0432\u0435\u0442\u0438\u0442\u044c \u043f\u043e\u043a\u0430 \u043d\u0435\u0447\u0435\u0433\u043e\" (\u043d\u0430\u043f\u0440\u0438\u043c\u0435\u0440, \u043a \u0441\u043e\u043e\u0431\u0449\u0435\u043d\u0438\u044e \u0432 \u043e\u0442\u0432\u0435\u0442 \u043d\u0430 \u0441\u0432\u043e\u0439 \u0437\u0430\u043f\u0440\u043e\u0441 \u0438\u043b\u0438 \u0438\u043d\u0434\u0438\u0432\u0438\u0434\u0443\u0430\u043b\u044c\u043d\u043e \u043e\u0431\u0440\u0430\u0449\u0435\u043d\u043d\u043e\u0435)",
                "ts": "1477824078.000748",
                "author_subname": "quilfe",
                "channel_id": "C0L93QKDZ",
                "channel_name": "meta",
                "is_msg_unfurl": true,
                "text": "\u041f\u0440\u0435\u0434\u043b\u0430\u0433\u0430\u044e \u0442\u0430\u043a\u0436\u0435 \u0437\u0430\u043a\u0440\u0435\u043f\u0438\u0442\u044c \u0437\u0430 :white_check_mark: \u043e\u0431\u043e\u0437\u043d\u0430\u0447\u0435\u043d\u0438\u0435 \"\u0434\u0430, \u0443\u0432\u0438\u0434\u0435\u043b_\u0430 \u044d\u0442\u043e \u0441\u043e\u043e\u0431\u0449\u0435\u043d\u0438\u0435, \u043e\u0442\u0432\u0435\u0442\u0438\u0442\u044c \u043f\u043e\u043a\u0430 \u043d\u0435\u0447\u0435\u0433\u043e\" (\u043d\u0430\u043f\u0440\u0438\u043c\u0435\u0440, \u043a \u0441\u043e\u043e\u0431\u0449\u0435\u043d\u0438\u044e \u0432 \u043e\u0442\u0432\u0435\u0442 \u043d\u0430 \u0441\u0432\u043e\u0439 \u0437\u0430\u043f\u0440\u043e\u0441 \u0438\u043b\u0438 \u0438\u043d\u0434\u0438\u0432\u0438\u0434\u0443\u0430\u043b\u044c\u043d\u043e \u043e\u0431\u0440\u0430\u0449\u0435\u043d\u043d\u043e\u0435)",
                "author_name": "Vitaly Bormotov",
                "author_link": "https:\/\/lesswrongru.slack.com\/team\/quilfe",
                "author_icon": "https:\/\/secure.gravatar.com\/avatar\/488fb0614d5b167060b91cd15f19bb3d.jpg?s=48&d=https%3A%2F%2Fa.slack-edge.com%2F66f9%2Fimg%2Favatars%2Fava_0018-48.png",
                "mrkdwn_in": [
                    "text"
                ],
                "id": 1,
                "footer": "Posted in #meta"
            }
        ],
        "ts": "1478306161.001176",
        "reactions": [
            {
                "name": "white_check_mark",
                "users": [
                    "U0H1U59BL"
                ],
                "count": 1
            }
        ]
    },
    {
        "type": "message",
        "user": "U0GBBAD1P",
        "text": "\/test_custom_command ",
        "ts": "1478306178.001178"
    },
    {
        "text": "Just a test message\n\u041f\u0440\u043e\u0441\u0442\u043e \u0442\u0435\u0441\u0442\u043e\u0432\u043e\u0435 \u0441\u043e\u043e\u0431\u0449\u0435\u043d\u0438\u0435\n:robot_face:",
        "bot_id": "B2Y27AUQZ",
        "type": "message",
        "subtype": "bot_message",
        "ts": "1478306178.001179"
    },
    {
        "type": "message",
        "user": "U0GBBAD1P",
        "text": "\u0445\u043c\n\u0430 \u043f\u043e\u0447\u0435\u043c\u0443 \u044d\u0442\u043e \u043c\u043e\u044f \u043a\u043e\u043c\u0430\u043d\u0434\u0430 \u0432 \u043a\u0430\u043d\u0430\u043b\u0435 \u043f\u043e\u043a\u0430\u0437\u0430\u043b\u0430\u0441\u044c?..",
        "ts": "1478306201.001180"
    },
    {
        "type": "message",
        "user": "U0F6P8JAG",
        "text": "\u0425\u043c.",
        "ts": "1478306221.001181"
    },
    {
        "type": "message",
        "user": "U0F6P8JAG",
        "text": "\u0410 slash commands \u043d\u0435 \u0441\u044a\u0435\u0434\u0430\u044e\u0442 \u0434\u043e\u043f\u043e\u043b\u043d\u0438\u0442\u0435\u043b\u044c\u043d\u044b\u0435 \u0438\u043d\u0442\u0435\u0433\u0440\u0430\u0446\u0438\u0438?",
        "ts": "1478306240.001182"
    },
    {
        "type": "message",
        "user": "U0GBBAD1P",
        "text": "\/test_custom_command ",
        "ts": "1478306245.001183"
    },
    {
        "text": "Just a test message\n\u041f\u0440\u043e\u0441\u0442\u043e \u0442\u0435\u0441\u0442\u043e\u0432\u043e\u0435 \u0441\u043e\u043e\u0431\u0449\u0435\u043d\u0438\u0435\n:robot_face:",
        "bot_id": "B2Y27AUQZ",
        "type": "message",
        "subtype": "bot_message",
        "ts": "1478306245.001184"
    },
    {
        "type": "message",
        "user": "U0GBBAD1P",
        "text": "\u043f\u0440\u0438\u0447\u0435\u043c \u043e\u043d\u0430 \u043f\u043e\u043a\u0430\u0437\u044b\u0432\u0430\u0435\u0442\u0441\u044f \u043d\u0435 \u0441\u0440\u0430\u0437\u0443 \u043f\u043e \u043d\u0430\u0431\u043e\u0440\u0443, \u0430 \u0432\u043c\u0435\u0441\u0442\u0435 \u0441 \u043e\u0442\u0432\u0435\u0442\u043e\u043c",
        "ts": "1478306268.001185"
    },
    {
        "type": "message",
        "user": "U0F6P8JAG",
        "text": "\/test_custom_command ",
        "ts": "1478306281.001186"
    },
    {
        "text": "Just a test message\n\u041f\u0440\u043e\u0441\u0442\u043e \u0442\u0435\u0441\u0442\u043e\u0432\u043e\u0435 \u0441\u043e\u043e\u0431\u0449\u0435\u043d\u0438\u0435\n:robot_face:",
        "bot_id": "B2Y27AUQZ",
        "type": "message",
        "subtype": "bot_message",
        "ts": "1478306281.001187"
    },
    {
        "type": "message",
        "user": "U0GBBAD1P",
        "text": "\u0432 \u0441\u043c\u044b\u0441\u043b\u0435 \u0441\u043b\u0430\u043a \u0432\u0438\u0434\u0438\u043c\u043e \u0436\u0434\u0435\u0442 \u043e\u0442\u0432\u0435\u0442\u0430 \u043e\u0442 \u043c\u043e\u0435\u0433\u043e \u0441\u0435\u0440\u0432\u0435\u0440\u0430 \u043f\u0440\u0435\u0436\u0434\u0435 \u0447\u0435\u043c \u043f\u043e\u043a\u0430\u0437\u0430\u0442\u044c",
        "ts": "1478306283.001188"
    },
    {
        "type": "message",
        "user": "U0F6P8JAG",
        "text": "\u0418 \u043f\u0440\u0430\u0432\u0434\u0430.",
        "ts": "1478306284.001189"
    },
    {
        "type": "message",
        "user": "U0F6P8JAG",
        "text": "\u0412\u0438\u0434\u0438\u0448\u044c \u043a\u0430\u043a\u0438\u0435-\u043d\u0438\u0431\u0443\u0434\u044c \u043f\u043b\u044e\u0441\u044b \u044d\u0442\u043e\u0433\u043e \u043f\u043e\u0434\u0445\u043e\u0434\u0430 \u0442\u043e\u0433\u0434\u0430 \u043f\u043e \u0441\u0440\u0430\u0432\u043d\u0435\u043d\u0438\u044e \u0441 hubot\u2019\u043e\u043c?",
        "ts": "1478306309.001190"
    },
    {
        "type": "message",
        "user": "U0F6P8JAG",
        "text": "\u0417\u0430\u0431\u0430\u0432\u043d\u043e, \u043f\u043e\u0448\u0451\u043b \u0437\u0430\u0432\u043e\u0434\u0438\u0442\u044c \u043f\u043e\u0434 \u043a\u043e\u0434 \u0440\u0435\u043f\u043e\u0437\u0438\u0442\u043e\u0440\u0438\u0439, \u0430 \u0442\u0430\u043c \u0443\u0436\u0435: <https:\/\/github.com\/lesswrong-ru\/lwbot>\n&gt; Hubot for lesswrong-ru slack team \u2014 Edit\n\u041d\u0430\u0434\u043e \u0442\u043e\u043b\u044c\u043a\u043e \u0434\u0435\u0444\u0438\u0441 \u0443\u0431\u0440\u0430\u0442\u044c :)",
        "attachments": [
            {
                "service_name": "GitHub",
                "title": "lesswrong-ru\/lwbot",
                "title_link": "https:\/\/github.com\/lesswrong-ru\/lwbot",
                "text": "lwbot - Hubot for lesswrong-ru slack team",
                "fallback": "GitHub: lesswrong-ru\/lwbot",
                "thumb_url": "https:\/\/avatars2.githubusercontent.com\/u\/7881186?v=3&s=400",
                "from_url": "https:\/\/github.com\/lesswrong-ru\/lwbot",
                "thumb_width": 420,
                "thumb_height": 420,
                "service_icon": "https:\/\/github.com\/apple-touch-icon.png",
                "id": 1
            }
        ],
        "ts": "1478306334.001191"
    },
    {
        "type": "message",
        "user": "U0GBBAD1P",
        "text": "\u0434\u0430, \u0442\u0430\u043a \u0438 \u0437\u0430\u0434\u0443\u043c\u0430\u043d\u043e\n&gt;When the response_type is in_channel, both the response message and the initial message typed by the user will be shared in the channel. It will look like this:",
        "ts": "1478306352.001193"
    },
    {
        "type": "message",
        "user": "U0GBBAD1P",
        "text": "\u043d\u0443\nhubot - \u044d\u0442\u043e \u0447\u0442\u043e-\u0442\u043e \u0441\u043b\u043e\u0436\u043d\u043e\u0435 \u0438 \u043d\u0435\u043f\u043e\u043d\u044f\u0442\u043d\u043e\u0435)",
        "ts": "1478306399.001194"
    },
    {
        "type": "message",
        "user": "U0GBBAD1P",
        "text": "\u0438 \u043d\u0430 \u043a\u043e\u043c\u0430\u043d\u0434\u044b \u043d\u0435 \u0440\u0435\u0430\u0433\u0438\u0440\u0443\u0435\u0442, \u043d\u0430\u0434\u043e \u043e\u0431\u0440\u0430\u0449\u0430\u0442\u044c\u0441\u044f",
        "ts": "1478306447.001195"
    },
    {
        "type": "message",
        "user": "U0F6P8JAG",
        "text": "\u043d\u0435 \u043e\u0431\u044f\u0437\u0430\u0442\u0435\u043b\u044c\u043d\u043e \u043e\u0431\u0440\u0430\u0449\u0430\u0442\u044c\u0441\u044f, \u043e\u043d \u0443\u043c\u0435\u0435\u0442 \u0441\u043b\u0443\u0448\u0430\u0442\u044c \u043a\u0430\u043d\u0430\u043b",
        "ts": "1478306475.001196"
    },
    {
        "type": "message",
        "user": "U0F6P8JAG",
        "text": "\u044f \u043f\u0440\u043e\u0441\u0442\u043e \u043d\u0435 \u0445\u043e\u0442\u0435\u043b, \u0447\u0442\u043e\u0431\u044b \u043f\u0440\u0438 \u043a\u0430\u0436\u0434\u043e\u043c \u0443\u043f\u043e\u043c\u0438\u043d\u0430\u043d\u0438\u0438 \u0441\u043b\u043e\u0432\u0430 \u201c\u044d\u043c\u043e\u0434\u0437\u0438\u201d \u043e\u043d \u043f\u0438\u0441\u0430\u043b \u043f\u0440\u043e\u0441\u0442\u044b\u043d\u044e",
        "ts": "1478306491.001197"
    },
    {
        "type": "message",
        "user": "U0F6P8JAG",
        "text": "<https:\/\/github.com\/lesswrong-ru\/clippy\/blob\/master\/scripts\/example.coffee#L11>\n\u041a\u043e\u0434 \u043f\u0440\u043e \u044d\u043c\u043e\u0434\u0437\u0438. Pull Request\u2019\u044b \u043f\u0440\u0438\u043d\u0438\u043c\u0430\u044e\u0442\u0441\u044f.",
        "attachments": [
            {
                "service_name": "GitHub",
                "title": "lesswrong-ru\/clippy",
                "title_link": "https:\/\/github.com\/lesswrong-ru\/clippy\/blob\/master\/scripts\/example.coffee#L11",
                "text": "clippy - Hubot for lesswrongru slack team",
                "fallback": "GitHub: lesswrong-ru\/clippy",
                "thumb_url": "https:\/\/avatars2.githubusercontent.com\/u\/7881186?v=3&s=400",
                "from_url": "https:\/\/github.com\/lesswrong-ru\/clippy\/blob\/master\/scripts\/example.coffee#L11",
                "thumb_width": 420,
                "thumb_height": 420,
                "service_icon": "https:\/\/github.com\/apple-touch-icon.png",
                "id": 1
            }
        ],
        "ts": "1478306534.001199"
    },
    {
        "type": "message",
        "user": "U0GBBAD1P",
        "text": "\u0442\u0430\u043a, \u0431\u043e\u0442 \u0434\u043b\u044f \u043e\u043f\u0440\u043e\u0441\u043e\u0432 \u0442\u043e\u0436\u0435 \u0441\u043d\u0430\u0447\u0430\u043b\u0430 \u043f\u043e\u043a\u0430\u0437\u044b\u0432\u0430\u0435\u0442 \u043f\u0440\u0438\u0432\u0430\u0442\u043d\u044b\u0439 \u043e\u0442\u0432\u0435\u0442, \u0430 \u043f\u043e\u0442\u043e\u043c \u043f\u0438\u0448\u0435\u0442 \u0441\u0430\u043c \u0441 \u043d\u0443\u043b\u044f",
        "ts": "1478306561.001201"
    },
    {
        "type": "message",
        "user": "U0GBBAD1P",
        "text": "\u0430 hubot \u0443\u043c\u0435\u0435\u0442 \u043f\u043e\u043a\u0430\u0437\u044b\u0432\u0430\u0442\u044c ephemeral \u043e\u0442\u0432\u0435\u0442\u044b?",
        "ts": "1478306727.001202"
    },
    {
        "type": "message",
        "user": "U0GBBAD1P",
        "text": "clippy emoji EMOJI \u0431\u043b\u0430\u0431\u043b\u0430\u0431\u043b\u0430",
        "ts": "1478306818.001203"
    },
    {
        "type": "message",
        "user": "U2YKSFWBV",
        "text": "<@U0GBBAD1P>: \n :+1: \u043e\u0437\u043d\u0430\u0447\u0430\u0435\u0442 \u00ab\u0445\u043e\u0447\u0443 \u0432\u0438\u0434\u0435\u0442\u044c \u0431\u043e\u043b\u044c\u0448\u0435 \u0442\u0430\u043a\u0438\u0445 \u0441\u043e\u043e\u0431\u0449\u0435\u043d\u0438\u0439\u00bb, \u00ab\u0441\u043f\u0430\u0441\u0438\u0431\u043e\u00bb, \u043e\u0431\u0449\u0435\u0435 \u0432\u044b\u0440\u0430\u0436\u0435\u043d\u0438\u0435 \u043e\u0434\u043e\u0431\u0440\u0435\u043d\u0438\u044f \u0441\u043e\u043e\u0431\u0449\u0435\u043d\u0438\u044f.\n :-1: \u2014 \u043d\u0430\u043e\u0431\u043e\u0440\u043e\u0442.\n :plus: \u043e\u0437\u043d\u0430\u0447\u0430\u0435\u0442 \u00ab\u044f \u0440\u0430\u0437\u0434\u0435\u043b\u044f\u044e \u0432\u044b\u0440\u0430\u0436\u0435\u043d\u043d\u0443\u044e \u043f\u043e\u0437\u0438\u0446\u0438\u044e\u00bb.\n :minus: \u0432\u044b\u0440\u0430\u0436\u0430\u0435\u0442 \u043d\u0435\u0441\u043e\u0433\u043b\u0430\u0441\u0438\u0435.\n :same: \u043e\u0437\u043d\u0430\u0447\u0430\u0435\u0442 \u00ab\u0443 \u043c\u0435\u043d\u044f \u0442\u0430\u043a \u0436\u0435\u00bb, \u043d\u043e \u0431\u0435\u0437 \u043e\u0446\u0435\u043d\u043e\u0447\u043d\u044b\u0445 \u043a\u043e\u043d\u043d\u043e\u0442\u0430\u0446\u0438\u0439.\n :approx: \u043e\u0437\u043d\u0430\u0447\u0430\u0435\u0442 \u00ab\u0443 \u043c\u0435\u043d\u044f \u043f\u0440\u0438\u043c\u0435\u0440\u043d\u043e \u0442\u0430\u043a \u0436\u0435\u00bb.\n :not_equal: \u043e\u0437\u043d\u0430\u0447\u0430\u0435\u0442 \u00ab\u0443 \u043c\u0435\u043d\u044f \u043d\u0435 \u0442\u0430\u043a\u00bb.\n :delta: \u043e\u0437\u043d\u0430\u0447\u0430\u0435\u0442 \u00ab\u043f\u043e\u0441\u043b\u0435 \u043f\u0440\u043e\u0447\u0442\u0435\u043d\u0438\u044f \u044d\u0442\u043e\u0433\u043e \u0441\u043e\u043e\u0431\u0449\u0435\u043d\u0438\u044f \u044f \u0438\u0437\u043c\u0435\u043d\u0438\u043b(\u0430) \u0441\u0432\u043e\u0451 \u043c\u043d\u0435\u043d\u0438\u0435 \u0438\u043b\u0438 \u0443\u0437\u043d\u0430\u043b(\u0430) \u0447\u0442\u043e-\u0442\u043e \u043d\u043e\u0432\u043e\u0435\u00bb.\n :unpack: \u043e\u0437\u043d\u0430\u0447\u0430\u0435\u0442 \u00ab\u0440\u0430\u0441\u043f\u0430\u043a\u0443\u0439\u00bb, \u0442\u043e \u0435\u0441\u0442\u044c \u0440\u0430\u0437\u0432\u0435\u0440\u043d\u0438 \u0441\u0432\u043e\u044e \u043c\u044b\u0441\u043b\u044c \u0431\u043e\u043b\u0435\u0435 \u043f\u043e\u0434\u0440\u043e\u0431\u043d\u043e.",
        "bot_id": "B2YKSFVGT",
        "ts": "1478306821.001204"
    },
    {
        "type": "message",
        "user": "U0F6P8JAG",
        "text": "\u0421\u043c. <https:\/\/github.com\/slackapi\/hubot-slack\/issues\/223>, \u043d\u0435 \u0447\u0435\u0440\u0435\u0437 \u043e\u0431\u044b\u0447\u043d\u043e\u0435 api, \u043d\u043e expressjs \u0432 \u043d\u0435\u0433\u043e \u0432\u0441\u0442\u0440\u043e\u0435\u043d, \u043f\u043e\u044d\u0442\u043e\u043c\u0443 \u043c\u043e\u0436\u043d\u043e \u043d\u0430\u043a\u043e\u0434\u0438\u0442\u044c \u0441\u0430\u043c\u043e\u0441\u0442\u043e\u044f\u0442\u0435\u043b\u044c\u043d\u043e.",
        "ts": "1478306829.001205"
    },
    {
        "type": "message",
        "user": "U0F6P8JAG",
        "text": "(\u0432\u044b\u0433\u043b\u044f\u0434\u0438\u0442 \u0432\u0440\u043e\u0434\u0435 \u043d\u0435\u0441\u043b\u043e\u0436\u043d\u043e, \u0445\u043e\u0442\u044f \u044f \u043d\u0435 \u0440\u0430\u0437\u0431\u0438\u0440\u0430\u043b\u0441\u044f, \u043a\u0430\u043a\u043e\u0435 \u0442\u0430\u043c \u0443 slash commands \u0430\u043f\u0438)",
        "ts": "1478306871.001206"
    },
    {
        "type": "message",
        "user": "U0GBBAD1P",
        "text": "\u043f\u043e\u043f\u0440\u043e\u0431\u0443\u0439 \/test_custom_command2",
        "ts": "1478306968.001208"
    },
    {
        "type": "message",
        "user": "U0GBBAD1P",
        "text": "\u0432\u043d\u0443\u0442\u0440\u0438 - nginx, \u043a\u043e\u0442\u043e\u0440\u044b\u0439 \u043e\u0442\u0434\u0430\u0435\u0442 <https:\/\/slackbot.dektyarev.name\/test.json> \u0438\u043b\u0438 <https:\/\/slackbot.dektyarev.name\/private_test.json>",
        "ts": "1478306997.001209"
    },
    {
        "type": "message",
        "user": "U0F6P8JAG",
        "text": "\u0430\u0433\u0430",
        "ts": "1478307039.001211"
    },
    {
        "type": "message",
        "user": "U0F6P8JAG",
        "text": "\u0440\u0430\u0431\u043e\u0442\u0430\u0435\u0442",
        "ts": "1478307040.001212"
    },
    {
        "type": "message",
        "user": "U0F6P8JAG",
        "text": "\u043d\u043e \u044f \u0432\u0441\u0451 \u0436\u0435 \u0437\u0430 \u0442\u043e, \u0447\u0442\u043e\u0431\u044b \u043d\u0430\u043a\u043e\u0434\u0438\u0442\u044c \u044d\u0442\u043e \u043d\u0430 hubot\u2019\u0435, \u0445\u043e\u0442\u044f \u0431\u044b \u0447\u0442\u043e\u0431\u044b \u0438\u043c\u0435\u0442\u044c \u043e\u0434\u0438\u043d \u043e\u0431\u0449\u0438\u0439 \u0440\u0435\u043f\u043e\u0437\u0438\u0442\u043e\u0440\u0438\u0439 \u0434\u043b\u044f \u0432\u0441\u0435\u0445 \u0441\u043b\u0430\u043a-\u043f\u0440\u0438\u043c\u043e\u0447\u0435\u043a",
        "ts": "1478307082.001213"
    },
    {
        "type": "message",
        "user": "U0GBBAD1P",
        "text": "\u0441\u043c\u043e\u0442\u0440\u044f \u0447\u0442\u043e \u043c\u044b \u0445\u043e\u0442\u0438\u043c",
        "ts": "1478307107.001214"
    },
    {
        "type": "message",
        "user": "U0GBBAD1P",
        "text": "\u0432 \u0438\u0434\u0435\u0430\u043b\u0435 \u043a\u043e\u043d\u0435\u0447\u043d\u043e \u043d\u0443\u0436\u043d\u043e \u043d\u043e\u0432\u0438\u0447\u043a\u0443 \u043f\u0438\u0441\u0430\u0442\u044c \u043a\u0430\u043a\u0438\u0435-\u0442\u043e \u0441\u0441\u044b\u043b\u043a\u0438 \u043f\u0440\u0438 \u043f\u0435\u0440\u0432\u043e\u043c \u0437\u0430\u0445\u043e\u0434\u0435, \u0438 \u0442\u0443\u0442 \u0431\u043e\u0442 \u043d\u0443\u0436\u0435\u043d",
        "ts": "1478307137.001215"
    },
    {
        "type": "message",
        "user": "U0L9E04J0",
        "text": "@berekuk used `\/poll`! Each person can only vote for :one: item.  Results will be visible to everyone.",
        "bot_id": "B0L9M8116",
        "attachments": [
            {
                "callback_id": "jya7Z74RsvWJCyeGH",
                "fallback": "\u041a\u0430\u043a \u043d\u0430\u0437\u0432\u0430\u0442\u044c \u0431\u043e\u0442\u0430?",
                "title": "\u041a\u0430\u043a \u043d\u0430\u0437\u0432\u0430\u0442\u044c \u0431\u043e\u0442\u0430?",
                "id": 1,
                "title_link": "https:\/\/app.polly.ai\/slackvote\/jya7Z74RsvWJCyeGH",
                "color": "35a8e0",
                "actions": [
                    {
                        "id": "1",
                        "name": "one",
                        "text": "1",
                        "type": "button",
                        "value": "0",
                        "style": ""
                    },
                    {
                        "id": "2",
                        "name": "two",
                        "text": "2",
                        "type": "button",
                        "value": "1",
                        "style": ""
                    },
                    {
                        "id": "3",
                        "name": "three",
                        "text": "3",
                        "type": "button",
                        "value": "2",
                        "style": ""
                    }
                ]
            },
            {
                "callback_id": "jya7Z74RsvWJCyeGH",
                "fallback": "\u041a\u0430\u043a \u043d\u0430\u0437\u0432\u0430\u0442\u044c \u0431\u043e\u0442\u0430?",
                "footer": "<http:\/\/app.polly.ai|app.polly.ai>\u2003<https:\/\/app.polly.ai\/slackvote\/jya7Z74RsvWJCyeGH|View responses>",
                "id": 2,
                "footer_icon": "https:\/\/www.polly.ai\/favicon.ico",
                "fields": [
                    {
                        "title": "*1*: clippy",
                        "value": "`\u2062` 0%",
                        "short": false
                    },
                    {
                        "title": "*2*: fai",
                        "value": "`\u2062` 0%",
                        "short": false
                    },
                    {
                        "title": "*3*: \u043e\u0431\u0430 \u0432\u0430\u0440\u0438\u0430\u043d\u0442\u0430 \u043d\u0435 \u043d\u0440\u0430\u0432\u044f\u0442\u0441\u044f, \u043f\u0440\u0435\u0434\u043b\u043e\u0436\u0443 \u0441\u0432\u043e\u0439",
                        "value": "`\u2587\u2587\u2587\u2587\u2587\u2587\u2587\u2587\u2587\u2587\u2587\u2587\u2587\u2587\u2587\u2587\u2587\u2587\u2587\u2587\u2587\u2587\u2587\u2587\u2587` 100% (4)",
                        "short": false
                    },
                    {
                        "title": "Total votes",
                        "value": "4",
                        "short": true
                    }
                ],
                "mrkdwn_in": [
                    "fields"
                ]
            }
        ],
        "edited": {
            "user": "U0L9E04J0",
            "ts": "1478381686.000000"
        },
        "ts": "1478307342.001219"
    },
    {
        "type": "message",
        "user": "U0F6P8JAG",
        "text": "(\u043f\u043e\u0447\u0435\u043c\u0443 subcurrent \u0438\u043d\u043e\u0433\u0434\u0430 \u043f\u043e\u0434\u0441\u0442\u0430\u0432\u043b\u044f\u0435\u0442 \u0432\u043c\u0435\u0441\u0442\u043e \u0446\u0438\u0444\u0440 \u043d\u0430\u0437\u0432\u0430\u043d\u0438\u0435 \u043e\u043f\u0446\u0438\u0439, \u0430 \u0438\u043d\u043e\u0433\u0434\u0430 \u043d\u0435\u0442?)",
        "ts": "1478307361.001220"
    },
    {
        "type": "message",
        "user": "U0GBBAD1P",
        "text": "\u0430 \u043a\u043e\u0433\u0434\u0430 \u043f\u043e\u0434\u0441\u0442\u0430\u0432\u043b\u044f\u0435\u0442?",
        "ts": "1478307394.001221"
    },
    {
        "type": "message",
        "user": "U0GBBAD1P",
        "text": "\u043d\u0430 \u0441\u0430\u043c\u043e\u043c \u0434\u0435\u043b\u0435, \u0432 \u0440\u0430\u043c\u043a\u0430\u0445 \u043d\u043e\u0441\u0442\u0430\u043b\u044c\u0433\u0438\u0438, \u043f\u0440\u0430\u0432\u0438\u043b\u044c\u043d\u043e \u043d\u0430\u0437\u0432\u0430\u0442\u044c chanserv",
        "ts": "1478307443.001223",
        "reactions": [
            {
                "name": "heavy_plus_sign",
                "users": [
                    "U2Q17MG00"
                ],
                "count": 1
            }
        ]
    },
    {
        "type": "message",
        "user": "U0F6P8JAG",
        "text": "\u043d\u0435 \u043f\u043e\u043c\u043d\u044e, \u043d\u043e \u044f \u0432\u0438\u0434\u0435\u043b \u0442\u0430\u043a\u043e\u0435",
        "ts": "1478307471.001224"
    },
    {
        "type": "message",
        "user": "U0GBBAD1P",
        "text": "\u0437\u0430\u043e\u0434\u043d\u043e \u0435\u0441\u043b\u0438 \u0435\u0441\u0442\u044c \u043f\u043e\u0434\u0434\u0435\u0440\u0436\u043a\u0430 \u043a\u0438\u0440\u0438\u043b\u043b\u0438\u0446\u044b - \u043e\u0431\u0437\u044b\u0432\u0430\u0442\u044c \u043a\u043e\u043d\u0441\u0435\u0440\u0432\u043e\u0439",
        "ts": "1478307505.001226"
    },
    {
        "type": "message",
        "user": "U0GBBAD1P",
        "text": "\u0434\u0430, \u043f\u043e\u0441\u0442\u0438\u0442\u044c \u0432 \u043a\u0430\u043d\u0430\u043b \u0441\u043f\u0440\u0430\u0432\u043a\u0443 \u043e\u0431 \u044d\u043c\u043e\u0434\u0436\u0438 \u0442\u043e\u0447\u043d\u043e \u043d\u0435 \u043e\u0447\u0435\u043d\u044c \u0445\u043e\u0440\u043e\u0448\u0430\u044f \u0438\u0434\u0435\u044f\n\u0432\u0440\u043e\u0434\u0435 \u0443\u043c\u0435\u0435\u0442 \u043e\u0442\u0432\u0435\u0447\u0430\u0442\u044c \u0432 \u043b\u0438\u0447\u043a\u0443, \u0435\u0441\u043b\u0438 \u0435\u043c\u0443 \u043f\u0438\u0441\u0430\u0442\u044c \u0432 \u043b\u0438\u0447\u043a\u0443\n\u043d\u0430\u0432\u0435\u0440\u043d\u043e\u0435 \u0442\u0430\u043a \u0438 \u0441\u0442\u043e\u0438\u0442 \u0434\u0435\u043b\u0430\u0442\u044c (\u0447\u0442\u043e\u0431\u044b \u0438 \u0437\u0430\u043f\u0440\u043e\u0441\u044b \u043b\u0438\u0448\u043d\u0438\u0439 \u0440\u0430\u0437 \u043d\u0435 \u043c\u0438\u0433\u0430\u043b\u0438)\n\u0432\u0440\u043e\u0434\u0435 \u0435\u043c\u0443 \u0434\u043e\u0441\u0442\u0430\u0442\u043e\u0447\u043d\u043e \u043f\u0440\u043e\u0441\u0442\u043e \u0441\u043a\u0430\u0437\u0430\u0442\u044c \"\u043d\u0435 \u0447\u0438\u0442\u0430\u0442\u044c \u043a\u0430\u043d\u0430\u043b\"?",
        "ts": "1478307821.001227"
    },
    {
        "type": "message",
        "user": "U0F6P8JAG",
        "text": "\u0434\u043e\u043b\u0436\u0435\u043d \u0443\u043c\u0435\u0442\u044c \u043f\u0438\u0441\u0430\u0442\u044c \u0432 \u043b\u0438\u0447\u043a\u0443\n\u043d\u043e \u044f \u0447\u0442\u043e-\u0442\u043e \u0441\u043c\u043e\u0442\u0440\u044e \u043d\u0430 <https:\/\/github.com\/slackapi\/hubot-slack\/pull\/168> \u0438 \u043d\u0435 \u043f\u043e\u043d\u0438\u043c\u0430\u044e, \u0447\u0442\u043e \u0431\u0443\u0434\u0435\u0442, \u0435\u0441\u043b\u0438 \u0447\u0435\u043b\u043e\u0432\u0435\u043a\u0430 \u0437\u043e\u0432\u0443\u0442 \u0442\u0430\u043a \u0436\u0435, \u043a\u0430\u043a \u043a\u0430\u043d\u0430\u043b\n\u0438\u043b\u0438 \u044d\u0442\u043e \u043d\u0435\u0432\u043e\u0437\u043c\u043e\u0436\u043d\u043e?",
        "attachments": [
            {
                "service_name": "GitHub",
                "title": "Allow sending DMs to arbitrary users by jtatum \u00b7 Pull Request #168 \u00b7 slackapi\/hubot-slack \u00b7 GitHub",
                "title_link": "https:\/\/github.com\/slackapi\/hubot-slack\/pull\/168",
                "text": "This change uses the new callbacks available in node-slack-client. If robot.send is called like: robot.send {room: 'someuser'}, 'message' If someuser is a user and there is no existing DM, it will ...",
                "fallback": "GitHub: Allow sending DMs to arbitrary users by jtatum \u00b7 Pull Request #168 \u00b7 slackapi\/hubot-slack",
                "thumb_url": "https:\/\/avatars3.githubusercontent.com\/u\/340001?v=3&s=400",
                "from_url": "https:\/\/github.com\/slackapi\/hubot-slack\/pull\/168",
                "thumb_width": 400,
                "thumb_height": 400,
                "service_icon": "https:\/\/a.slack-edge.com\/e8ef6\/img\/unfurl_icons\/github.png",
                "id": 1
            }
        ],
        "ts": "1478308269.001228"
    },
    {
        "type": "message",
        "user": "U0F6P8JAG",
        "text": "\u0441\u043a\u043e\u0440\u0435\u0435 \u043d\u0435\u0432\u043e\u0437\u043c\u043e\u0436\u043d\u043e\n\u0441\u0435\u0439\u0447\u0430\u0441 \u043f\u043e\u0442\u0435\u0441\u0442\u0438\u0440\u0443\u044e",
        "ts": "1478308294.001230"
    },
    {
        "type": "message",
        "user": "U0GBBAD1P",
        "text": "\u0434\u0430, \u043d\u0435 \u0434\u0430\u0435\u0442 \u0441\u043e\u0437\u0434\u0430\u0442\u044c",
        "ts": "1478308317.001231"
    },
    {
        "type": "message",
        "user": "U0F6P8JAG",
        "text": "hubot, \u043e\u0442\u0432\u0435\u0442\u044c \u043c\u043d\u0435 \u0432 \u043b\u0438\u0447\u043a\u0443",
        "ts": "1478308546.001232"
    },
    {
        "type": "message",
        "user": "U0F6P8JAG",
        "text": "\u0442\u044c\u0444\u0443",
        "ts": "1478308554.001233"
    },
    {
        "type": "message",
        "user": "U0F6P8JAG",
        "text": "clippy, \u043e\u0442\u0432\u0435\u0442\u044c \u043c\u043d\u0435 \u0432 \u043b\u0438\u0447\u043a\u0443",
        "ts": "1478308558.001234"
    },
    {
        "type": "message",
        "user": "U2YKSFWBV",
        "text": "\u043f\u0440\u0438\u0432\u0435\u0442!",
        "bot_id": "B2YKSFVGT",
        "ts": "1478308558.001235",
        "reactions": [
            {
                "name": "-1",
                "users": [
                    "U0F6P8JAG"
                ],
                "count": 1
            }
        ]
    },
    {
        "type": "message",
        "user": "U0F6P8JAG",
        "text": "\u0435\u0449\u0451 \u0438 \u0438\u0441\u043a\u043b\u044e\u0447\u0435\u043d\u0438\u0435\u043c \u0432 \u043b\u043e\u0433 \u043f\u043b\u044e\u043d\u0443\u043b \u043d\u0430 :-1: :(",
        "ts": "1478308598.001236"
    },
    {
        "type": "message",
        "user": "U0F6P8JAG",
        "text": "clippy \u043e\u0442\u0432\u0435\u0442\u044c \u043c\u043d\u0435 \u0432 \u043b\u0438\u0447\u043a\u0443",
        "ts": "1478308886.001237"
    },
    {
        "type": "message",
        "user": "U2YKSFWBV",
        "text": "\u043f\u0440\u0438\u0432\u0435\u0442!",
        "bot_id": "B2YKSFVGT",
        "ts": "1478308886.001238"
    },
    {
        "type": "message",
        "user": "U0F6P8JAG",
        "text": "(\u043f\u0435\u0440\u0435\u043c\u0435\u0441\u0442\u0438\u043b\u0441\u044f \u0432 <#C0G2WTD2Q|test>, \u0447\u0442\u043e\u0431\u044b \u043d\u0435 \u0437\u0430\u0441\u043e\u0440\u044f\u0442\u044c \u043a\u0430\u043d\u0430\u043b)",
        "ts": "1478309132.001239"
    },
    {
        "type": "message",
        "user": "U0F6P8JAG",
        "text": "\u0432\u0441\u0451, \u0440\u0430\u0431\u043e\u0442\u0430\u0435\u0442.",
        "ts": "1478311328.001240"
    },
    {
        "type": "message",
        "user": "U0F6P8JAG",
        "text": "clippy, \u0440\u0430\u0441\u0441\u043a\u0430\u0436\u0438 \u043f\u0440\u043e \u044d\u043c\u043e\u0434\u0437\u0438",
        "ts": "1478311341.001241"
    },
    {
        "type": "message",
        "user": "U2YKSFWBV",
        "text": "<@U0F6P8JAG>: \u043e\u0442\u0432\u0435\u0442\u0438\u043b \u0432 \u043b\u0438\u0447\u043a\u0443",
        "bot_id": "B2YKSFVGT",
        "ts": "1478311341.001242"
    },
    {
        "type": "message",
        "user": "U0F6P8JAG",
        "text": "\u0422\u043e\u043b\u044c\u043a\u043e \u0442\u0435\u043f\u0435\u0440\u044c \u043f\u043e\u043d\u044f\u043b, \u0447\u0442\u043e \u044d\u0442\u043e \u043f\u043b\u043e\u0445\u043e\u0435 \u0440\u0435\u0448\u0435\u043d\u0438\u0435, \u043e\u0434\u0438\u043d \u043d\u043e\u0432\u0438\u0447\u043e\u043a, \u043a\u043e\u0442\u043e\u0440\u044b\u0439 \u0442\u0430\u043a \u0434\u0435\u043b\u0430\u0435\u0442, \u0431\u0443\u0434\u0435\u0442 \u0432\u044b\u0437\u044b\u0432\u0430\u0442\u044c \u0446\u0435\u043f\u043d\u0443\u044e \u0440\u0435\u0430\u043a\u0446\u0438\u044e \u0434\u0440\u0443\u0433\u0438\u0445, \u043f\u043e\u0442\u043e\u043c\u0443 \u0447\u0442\u043e \u0438\u043c \u0442\u043e\u0436\u0435 \u0438\u043d\u0442\u0435\u0440\u0435\u0441\u043d\u043e.",
        "ts": "1478311411.001243"
    },
    {
        "type": "message",
        "user": "U0F6P8JAG",
        "text": "\u041f\u0440\u043e \u043f\u0440\u0438\u0432\u0435\u0442\u0441\u0442\u0432\u0438\u044f \u043d\u043e\u0432\u0438\u0447\u043a\u0430\u043c: \u0430\u0432\u0442\u043e\u043c\u0430\u0442\u0438\u0447\u0435\u0441\u043a\u043e\u0435 \u0441\u043e\u043e\u0431\u0449\u0435\u043d\u0438\u0435 \u0432 \u043b\u0438\u0447\u043a\u0443 \u043f\u0440\u0438 \u0432\u0445\u043e\u0434\u0435 \u0432 \u043a\u0430\u043d\u0430\u043b \u0442\u0440\u0438\u0432\u0438\u0430\u043b\u044c\u043d\u043e \u0440\u0435\u0430\u043b\u0438\u0437\u0443\u0435\u0442\u0441\u044f, \u043d\u043e \u044f \u0443\u0436\u0435 \u0441\u043b\u0438\u0448\u043a\u043e\u043c \u0443\u0441\u0442\u0430\u043b, \u0447\u0442\u043e\u0431\u044b \u0441\u043e\u0447\u0438\u043d\u044f\u0442\u044c \u0442\u0435\u043a\u0441\u0442.",
        "edited": {
            "user": "U0F6P8JAG",
            "ts": "1478314435.000000"
        },
        "ts": "1478313590.001244"
    },
    {
        "user": "U2YNXBY6N",
        "text": "<@U2YNXBY6N|andreik> has joined the channel",
        "type": "message",
        "subtype": "channel_join",
        "ts": "1478319902.001246"
    }
]