[
    {
        "user": "U2HTMD472",
        "text": "<@U2HTMD472|thebadsz> has joined the channel",
        "type": "message",
        "subtype": "channel_join",
        "ts": "1475223859.000073"
    },
    {
        "user": "U2HUFJD4L",
        "text": "<@U2HUFJD4L|frey> has joined the channel",
        "type": "message",
        "subtype": "channel_join",
        "ts": "1475231738.000074"
    },
    {
        "user": "U2J59CZSS",
        "text": "<@U2J59CZSS|vamair> has joined the channel",
        "type": "message",
        "subtype": "channel_join",
        "ts": "1475266677.000075"
    }
]