[
    {
        "type": "message",
        "user": "U0F6P8JAG",
        "text": "\u0412\u043e\u0442 \u043e\u0442 \u0441\u043e\u043c\u043d\u0435\u043d\u0438\u0439, \u043e\u0437\u043d\u0430\u0447\u0430\u0435\u0442 \u043b\u0438 \u043f\u043b\u044e\u0441 \u044d\u0442\u043e, \u044f \u0438 \u0441\u043f\u0440\u043e\u0441\u0438\u043b \u0432 \u043a\u0430\u043d\u0430\u043b. \u041d\u043e \u0432\u0438\u0434\u0438\u043c\u043e \u0443\u0436\u0435 \u043f\u043e\u0437\u0434\u043d\u043e.",
        "ts": "1476273022.000185"
    },
    {
        "type": "message",
        "user": "U0FS0PUM8",
        "text": "\u0410 \u0435\u0441\u0442\u044c \u044d\u043c\u043e\u0434\u0437\u0438 \u0433\u043e\u0442\u043e\u0432 \u043f\u043e\u0441\u043f\u043e\u0440\u0438\u0442\u044c\/\u0441\u0434\u0435\u043b\u0430\u0442\u044c \u0441\u0442\u0430\u0432\u043a\u0443?",
        "edited": {
            "user": "U0FS0PUM8",
            "ts": "1476273112.000000"
        },
        "ts": "1476273095.000186",
        "reactions": [
            {
                "name": "rotating_coin",
                "users": [
                    "U0FD5HC1F",
                    "U0CTGJMR9",
                    "U0HJ93C3B"
                ],
                "count": 3
            },
            {
                "name": "grey_question",
                "users": [
                    "U0FD5HC1F"
                ],
                "count": 1
            },
            {
                "name": "arrow_left",
                "users": [
                    "U0F6P8JAG"
                ],
                "count": 1
            },
            {
                "name": "+1",
                "users": [
                    "U0F6P8JAG",
                    "U0HJ93C3B"
                ],
                "count": 2
            }
        ]
    },
    {
        "type": "message",
        "user": "U0F6P8JAG",
        "text": "\u041d\u0435\u0442.",
        "ts": "1476273222.000188"
    },
    {
        "type": "message",
        "user": "U0F6P8JAG",
        "text": "(\u0412\u0438\u0434\u0438\u043c\u043e, \u0442\u0435\u043f\u0435\u0440\u044c \u0435\u0441\u0442\u044c.)",
        "ts": "1476279841.000189"
    },
    {
        "type": "message",
        "user": "U0CTGJMR9",
        "text": "\u0410 \u044d\u043c\u043e\u0434\u0437\u0438 \u043c\u043e\u0436\u043d\u043e \u0441\u0430\u043c\u0438\u043c \u0434\u043e\u0431\u0430\u0432\u043b\u044f\u0442\u044c? \u0418\u043b\u0438 \u0430\u0432\u0442\u043e\u0440\u044b \u0441\u043b\u0430\u043a\u0430 \u0441\u0430\u043c\u0438 \u0444\u0430\u043d\u0430\u0442\u044b \u042e\u0434\u043a\u043e\u0432\u0441\u043a\u043e\u0433\u043e?",
        "ts": "1476280253.000190",
        "reactions": [
            {
                "name": "yudkowsky",
                "users": [
                    "U0CTGJMR9"
                ],
                "count": 1
            },
            {
                "name": "tbayes",
                "users": [
                    "U0FD5HC1F"
                ],
                "count": 1
            },
            {
                "name": "bayes",
                "users": [
                    "U0GBBAD1P"
                ],
                "count": 1
            }
        ]
    },
    {
        "type": "message",
        "user": "U2KS93BC2",
        "text": "\u043c\u043e\u0436\u043d\u043e \u0441\u0430\u043c\u0438\u043c)",
        "ts": "1476280266.000191"
    },
    {
        "type": "message",
        "user": "U0FD5HC1F",
        "text": "<https:\/\/lesswrongru.slack.com\/customize\/emoji> \u0442\u0443\u0442 \u043c\u043e\u0436\u043d\u043e \u043f\u043e\u0441\u043c\u043e\u0442\u0440\u0435\u0442\u044c \u0438 \u0437\u0430\u0433\u0440\u0443\u0437\u0438\u0442\u044c",
        "ts": "1476280352.000192"
    },
    {
        "type": "message",
        "user": "U0FD5HC1F",
        "text": ":rotating_coin: \u043c\u043e\u043d\u0435\u0442\u043a\u0430, \u043a\u0441\u0442\u0430\u0442\u0438, \u043a\u0430\u0441\u0442\u043e\u043c\u043d\u0430\u044f \u0438 \u0437\u0430\u0433\u0440\u0443\u0436\u0435\u043d\u0430 \u0424\u0438\u043b\u0438\u043f\u043f\u043e\u043c",
        "ts": "1476280365.000193"
    },
    {
        "type": "message",
        "user": "U0FD5HC1F",
        "text": "<@U0G0KMGKH> \u0447\u0442\u043e \u043e\u043d\u0430 \u0437\u043d\u0430\u0447\u0438\u043b\u0430? :slightly_smiling_face:",
        "ts": "1476280375.000194"
    },
    {
        "type": "message",
        "user": "U0FD5HC1F",
        "text": "\u0415\u0449\u0435 \u043d\u0435 \u0445\u0432\u0430\u0442\u0430\u0435\u0442 \u044d\u043c\u043e\u0434\u0437\u0438 \u0441 \u0443\u0434\u0438\u0432\u043b\u0435\u043d\u0438\u0435\u043c, \u044f \u043d\u0430\u0448\u0435\u043b \u0442\u043e\u043b\u044c\u043a\u043e :open_mouth:.",
        "ts": "1476282215.000195",
        "reactions": [
            {
                "name": "thinking_face",
                "users": [
                    "U0GBBAD1P",
                    "U1UHRSLAF"
                ],
                "count": 2
            },
            {
                "name": "flushed",
                "users": [
                    "U2KS93BC2"
                ],
                "count": 1
            },
            {
                "name": "hushed",
                "users": [
                    "U2KS93BC2",
                    "U1UHRSLAF"
                ],
                "count": 2
            },
            {
                "name": "worried",
                "users": [
                    "U2KS93BC2"
                ],
                "count": 1
            },
            {
                "name": "frowning",
                "users": [
                    "U2KS93BC2",
                    "U1UHRSLAF"
                ],
                "count": 2
            },
            {
                "name": "anguished",
                "users": [
                    "U2KS93BC2"
                ],
                "count": 1
            }
        ]
    },
    {
        "type": "message",
        "user": "U2KS93BC2",
        "text": "\u041c\u043d\u0435 \u0447\u0430\u0441\u0442\u043e \u0432 \u0436\u0438\u0437\u043d\u0438 \u043d\u0435 \u0445\u0432\u0430\u0442\u0430\u0435\u0442 \u0441\u043c\u0430\u0439\u043b\u0438\u043a\u0430 \u201c\u043e\u0439\u0432\u0441\u0435\u201d. \u041d\u043e \u043d\u0430\u0434\u0435\u044e\u0441\u044c \u0432 \u044d\u0442\u043e\u043c \u0441\u043b\u044d\u043a\u0435 \u043e\u043d \u043c\u043d\u0435 \u043d\u0435 \u043f\u043e\u043d\u0430\u0434\u043e\u0431\u0438\u0442\u0441\u044f)",
        "ts": "1476282664.000196"
    },
    {
        "type": "message",
        "user": "U0G0KMGKH",
        "text": "<@U0FD5HC1F> \u043f\u0440\u043e\u0441\u0442\u043e \u043c\u043e\u043d\u0435\u0442\u043a\u0430 \u0438\u0437 \u043c\u0430\u0440\u0438\u043e. \u041d\u0438\u0447\u0435\u0433\u043e \u043f\u0440\u043e \u0437\u0430\u0434\u0443\u043c\u043a\u0435 \u043d\u0435 \u0437\u043d\u0430\u0447\u0438\u0442",
        "ts": "1476288469.000197"
    },
    {
        "type": "message",
        "user": "U0FGKCY31",
        "text": ":+1: \u0432\u043e\u0442 \u044d\u0442\u043e\u0442 \u043b\u0438\u0447\u043d\u043e \u0434\u043b\u044f \u043c\u0435\u043d\u044f \u2014 \u043e\u0434\u043e\u0431\u0440\u0435\u043d\u0438\u0435, \u0434\u0435\u0441\u043a\u0430\u0442\u044c \u043c\u043e\u043b\u043e\u0434\u0435\u0446, \u0438\u043b\u0438 \u043c\u043e\u0436\u0435\u0442 \u0438\u043d\u043e\u0433\u0434\u0430 \u0437\u0430\u043c\u0435\u043d\u0438\u0442\u044c \u043f\u043b\u044e\u0441, \u0435\u0441\u043b\u0438 \u0434\u0435\u043b\u044c\u0442\u0430, \u043d\u043e \u043d\u0435 \u0441\u043b\u0438\u0448\u043a\u043e\u043c \u0441\u0435\u0440\u044c\u0451\u0437\u043d\u0430\u044f(\u0430, \u043d\u0430\u043f\u0440\u0438\u043c\u0435\u0440, \u044e\u043c\u043e\u0440\u043d\u0430\u044f(\u043d\u043e \u043d\u0435 \u0442\u043e\u043b\u044c\u043a\u043e)).\n\u0430 :heavy_plus_sign:  \u043a\u0430\u043a \u0441\u043e\u0433\u043b\u0430\u0441\u0438\u0435.\n\u041d\u043e \u0440\u0430\u0432\u0435\u043d\u0441\u0442\u0432\u043e \u0442\u0435\u043f\u0435\u0440\u044c \u0442\u043e\u0436\u0435 \u043d\u0430\u0447\u043d\u0443 \u0438\u0441\u043f\u043e\u043b\u044c\u0437\u043e\u0432\u0430\u0442\u044c(\u0438\u043b\u0438 \u043f\u043e\u043f\u0440\u043e\u0431\u0443\u044e \u0445\u043e\u0442\u044c).",
        "ts": "1476290540.000198",
        "reactions": [
            {
                "name": "same",
                "users": [
                    "U0F6P8JAG"
                ],
                "count": 1
            }
        ]
    },
    {
        "type": "message",
        "user": "U1XQG3N2G",
        "text": "\u043e\u0439 \u0432\u0441\u0451 :face_with_rolling_eyes:",
        "ts": "1476292464.000199"
    },
    {
        "type": "message",
        "user": "U0FD5HC1F",
        "text": "\u043f\u0435\u0440\u0432\u0430\u044f \u0440\u0435\u0430\u043a\u0446\u0438\u044f \u043d\u0430 :same: \u044d\u0442\u043e \"\u043c\u043d\u0435 \u0432\u0441\u0451 \u0440\u0430\u0432\u043d\u043e\" :slightly_smiling_face:",
        "ts": "1476292610.000200",
        "reactions": [
            {
                "name": "heavy_plus_sign",
                "users": [
                    "U0HJ93C3B"
                ],
                "count": 1
            }
        ]
    },
    {
        "type": "message",
        "user": "U1XQG3N2G",
        "text": ":egg::id::secret:",
        "ts": "1476292735.000201"
    },
    {
        "type": "message",
        "user": "U1XQG3N2G",
        "text": ":no_mouth::skin-tone-5::raised_hand_with_fingers_splayed::skin-tone-5::fallacy_slippery_slope:",
        "edited": {
            "user": "U1XQG3N2G",
            "ts": "1476292864.000000"
        },
        "ts": "1476292774.000202"
    },
    {
        "type": "message",
        "user": "U0N5M8GDT",
        "text": "<@U1XQG3N2G> \u0441\u043d\u0430\u0447\u0430\u043b\u0430 \u043f\u043e\u0434\u0443\u043c\u0430\u043b, \u0447\u0442\u043e \u044d\u043c\u043e\u0434\u0437\u0438 \u0441 \u0438\u0435\u0440\u043e\u0433\u043b\u0438\u0444\u043e\u043c \u2014 \u043d\u0430\u043c\u0451\u043a \u043d\u0430 \u043a\u0438\u0442\u0430\u0439\u0441\u043a\u0443\u044e \u043a\u043e\u043c\u043d\u0430\u0442\u0443, \u0445\u043c.",
        "ts": "1476300727.000205"
    },
    {
        "user": "U2NHRAD7V",
        "text": "<@U2NHRAD7V|passick> has joined the channel",
        "type": "message",
        "subtype": "channel_join",
        "ts": "1476305600.000206"
    }
]