[
    {
        "type": "message",
        "user": "U0FGKCY31",
        "text": "\u0424 \u043c\u043e\u0436\u043d\u043e \u0440\u0430\u0441\u0446\u0435\u043d\u0438\u0442\u044c \u043a\u0430\u043a: \u0435\u0441\u043b\u0438 \u0441\u043b\u0443\u0447\u0430\u0439\u043d\u043e \u0432 \u043e\u0434\u043d\u043e\u043c \u0433\u043e\u0440\u043e\u0434\u0435, \u043c\u043e\u0436\u043d\u043e \u0437\u0430\u0439\u0442\u0438 \u0432 \u0433\u043e\u0441\u0442\u0438. \u0418\u043b\u0438 \u0432\u0440\u043e\u0434\u0435 \u0442\u043e\u0433\u043e.",
        "ts": "1477079383.000322"
    },
    {
        "type": "message",
        "user": "U0FD5HC1F",
        "text": "\u0432 <#C0CTD63DJ|open> \u0432\u043e\u0437\u043d\u0438\u043a\u043b\u0430 \u0442\u0435\u043c\u0430 \u0441 \"\u0424\u041e\u0420\u041a\" \u0432 \u0441\u043b\u0430\u043a\u0435, \u0438 \u044f \u043f\u043e\u0434\u0443\u043c\u0430\u043b",
        "ts": "1477079922.000323"
    },
    {
        "type": "message",
        "user": "U0FD5HC1F",
        "text": "\u0432 unicode \u0435\u0441\u0442\u044c \u043b\u0430\u0442\u0438\u043d\u0441\u043a\u0438\u0435 \u0431\u0443\u043a\u0432\u044b \u0432 \u043a\u0440\u0443\u0433\u0435",
        "ts": "1477079931.000324"
    },
    {
        "type": "message",
        "user": "U0FD5HC1F",
        "text": "\u24bb",
        "ts": "1477079936.000325"
    },
    {
        "type": "message",
        "user": "U0FD5HC1F",
        "text": "\u24c4",
        "ts": "1477079952.000326"
    },
    {
        "type": "message",
        "user": "U0GBBAD1P",
        "text": "<@U0FD5HC1F> \u0432 \u043c\u043e\u0435\u043c \u0448\u0440\u0438\u0444\u0442\u0435 \u044d\u0442\u0438\u0445 \u0441\u0438\u043c\u0432\u043e\u043b\u043e\u0432 \u043d\u0435\u0442)",
        "ts": "1477079967.000327"
    },
    {
        "type": "message",
        "user": "U0FD5HC1F",
        "text": "\u24c5 (\u043d\u0435 \u0432\u0438\u0434\u043d\u043e, \u0447\u0442\u043e \u043b\u0430\u0442\u0438\u043d\u0441\u043a\u0430\u044f, \u043c\u043e\u0436\u0435\u0442 \u0431\u044b\u0442\u044c \u0440\u0443\u0441\u0441\u043a\u0430\u044f \u042d\u0440)",
        "ts": "1477079969.000328"
    },
    {
        "type": "message",
        "user": "U0FD5HC1F",
        "text": ":disappointed:",
        "ts": "1477079973.000329"
    },
    {
        "type": "message",
        "user": "U0FD5HC1F",
        "text": "\u0432 \u043e\u0431\u0449\u0435\u043c, \u043c\u043e\u0436\u043d\u043e \u0432 \u043f\u0440\u043e\u0444\u0438\u043b\u0435 \u043f\u0438\u0441\u0430\u0442\u044c \u044d\u0442\u043e\u0442 \u043d\u0430\u0431\u043e\u0440 (\u043f\u043e\u043b\u0435 \"\u0447\u0442\u043e \u0432\u044b \u0434\u0435\u043b\u0430\u0435\u0442\u0435 \u0432 \u044d\u0442\u043e\u043c \u0441\u043b\u0430\u043a\u0435\").",
        "ts": "1477079992.000330"
    },
    {
        "type": "message",
        "user": "U0FD5HC1F",
        "text": "\u043c\u0430\u043b\u0435\u043d\u044c\u043a\u0430\u044f \u0431\u0443\u043a\u0432\u0430 - \u044d\u0442\u043e \"\u0441\u0438\u043d\u044f\u044f\", \u0431\u043e\u043b\u044c\u0448\u0430\u044f \"\u0437\u0435\u043b\u0435\u043d\u0430\u044f\"",
        "ts": "1477080007.000331"
    },
    {
        "type": "message",
        "user": "U0FD5HC1F",
        "text": "\u043e\u0442\u0441\u0443\u0442\u0441\u0442\u0432\u0438\u0435 \u0431\u0443\u043a\u0432\u044b - \u043a\u0440\u0430\u0441\u043d\u0430\u044f",
        "ts": "1477080012.000332"
    },
    {
        "type": "message",
        "user": "U0FD5HC1F",
        "text": "\u0445\u043e\u0442\u044f \u0431\u044b\u0432\u0430\u0435\u0442 \u0435\u0449\u0435 \u043a\u0440\u0430\u0441\u043d\u0430\u044f \u0432 \u043a\u0440\u0443\u0433\u0435, \u0442\u0438\u043f\u0430, \u0412\u041e\u041e\u0411\u0429\u0415 \u041d\u0415 \u0425\u041e\u0427\u0423 \u041d\u0418 \u0421 \u041a\u0415\u041c \u0420\u0410\u0417\u0413\u041e\u0412\u0410\u0420\u0418\u0412\u0410\u0422\u042c",
        "ts": "1477080035.000333"
    },
    {
        "type": "message",
        "user": "U0FD5HC1F",
        "text": "\u24c0",
        "ts": "1477080100.000334"
    },
    {
        "type": "message",
        "user": "U0FD5HC1F",
        "text": "\u0422\u043e\u0433\u0434\u0430 \u043c\u043e\u0436\u043d\u043e \u0438\u0441\u043f\u043e\u043b\u044c\u0437\u043e\u0432\u0430\u0442\u044c ! \u043f\u0435\u0440\u0435\u0434 \u0431\u0443\u043a\u0432\u043e\u0439",
        "attachments": [
            {
                "fallback": "[October 21st, 2016 10:59 PM] mihaild: <@U0FD5HC1F> \u0432 \u043c\u043e\u0435\u043c \u0448\u0440\u0438\u0444\u0442\u0435 \u044d\u0442\u0438\u0445 \u0441\u0438\u043c\u0432\u043e\u043b\u043e\u0432 \u043d\u0435\u0442)",
                "ts": "1477079967.000327",
                "author_subname": "mihaild",
                "channel_id": "C0L93QKDZ",
                "channel_name": "meta",
                "is_msg_unfurl": true,
                "text": "<@U0FD5HC1F> \u0432 \u043c\u043e\u0435\u043c \u0448\u0440\u0438\u0444\u0442\u0435 \u044d\u0442\u0438\u0445 \u0441\u0438\u043c\u0432\u043e\u043b\u043e\u0432 \u043d\u0435\u0442)",
                "author_name": "Mikhail Dektyarev",
                "author_link": "https:\/\/lesswrongru.slack.com\/team\/mihaild",
                "author_icon": "https:\/\/avatars.slack-edge.com\/2016-05-27\/46406322980_f26d60469dcf10bf732c_48.jpg",
                "mrkdwn_in": [
                    "text"
                ],
                "color": "D0D0D0",
                "from_url": "https:\/\/lesswrongru.slack.com\/archives\/meta\/p1477079967000327",
                "is_share": true,
                "footer": "Posted in #meta"
            }
        ],
        "ts": "1477080177.000335"
    },
    {
        "type": "message",
        "subtype": "file_share",
        "text": "<@U0FD5HC1F|quilfe> shared a file: <https:\/\/lesswrongru.slack.com\/files\/deep_blue_hexagon\/F2SMZUXPT\/pasted_image_at_2016_10_22_12_50_am.png|Pasted image at 2016-10-22, 12:50 AM> and commented: [\u043c\u043e\u0451]",
        "file": {
            "id": "F2SMZUXPT",
            "created": 1477079473,
            "timestamp": 1477079473,
            "name": "Pasted image at 2016_10_22 12_50 AM.png",
            "title": "Pasted image at 2016-10-22, 12:50 AM",
            "mimetype": "image\/png",
            "filetype": "png",
            "pretty_type": "PNG",
            "user": "U0FGKCY31",
            "editable": false,
            "size": 37468,
            "mode": "hosted",
            "is_external": false,
            "external_type": "",
            "is_public": true,
            "public_url_shared": false,
            "display_as_bot": false,
            "username": "",
            "url_private": "https:\/\/files.slack.com\/files-pri\/T0CTD4Q0K-F2SMZUXPT\/pasted_image_at_2016_10_22_12_50_am.png?t=xoxe-12931160019-103607625319-102215183440-059257f7d7",
            "url_private_download": "https:\/\/files.slack.com\/files-pri\/T0CTD4Q0K-F2SMZUXPT\/download\/pasted_image_at_2016_10_22_12_50_am.png?t=xoxe-12931160019-103607625319-102215183440-059257f7d7",
            "thumb_64": "https:\/\/files.slack.com\/files-tmb\/T0CTD4Q0K-F2SMZUXPT-80566dabb5\/pasted_image_at_2016_10_22_12_50_am_64.png?t=xoxe-12931160019-103607625319-102215183440-059257f7d7",
            "thumb_80": "https:\/\/files.slack.com\/files-tmb\/T0CTD4Q0K-F2SMZUXPT-80566dabb5\/pasted_image_at_2016_10_22_12_50_am_80.png?t=xoxe-12931160019-103607625319-102215183440-059257f7d7",
            "thumb_360": "https:\/\/files.slack.com\/files-tmb\/T0CTD4Q0K-F2SMZUXPT-80566dabb5\/pasted_image_at_2016_10_22_12_50_am_360.png?t=xoxe-12931160019-103607625319-102215183440-059257f7d7",
            "thumb_360_w": 360,
            "thumb_360_h": 174,
            "thumb_480": "https:\/\/files.slack.com\/files-tmb\/T0CTD4Q0K-F2SMZUXPT-80566dabb5\/pasted_image_at_2016_10_22_12_50_am_480.png?t=xoxe-12931160019-103607625319-102215183440-059257f7d7",
            "thumb_480_w": 480,
            "thumb_480_h": 232,
            "thumb_160": "https:\/\/files.slack.com\/files-tmb\/T0CTD4Q0K-F2SMZUXPT-80566dabb5\/pasted_image_at_2016_10_22_12_50_am_160.png?t=xoxe-12931160019-103607625319-102215183440-059257f7d7",
            "thumb_720": "https:\/\/files.slack.com\/files-tmb\/T0CTD4Q0K-F2SMZUXPT-80566dabb5\/pasted_image_at_2016_10_22_12_50_am_720.png?t=xoxe-12931160019-103607625319-102215183440-059257f7d7",
            "thumb_720_w": 720,
            "thumb_720_h": 348,
            "image_exif_rotation": 1,
            "original_w": 753,
            "original_h": 364,
            "permalink": "https:\/\/lesswrongru.slack.com\/files\/deep_blue_hexagon\/F2SMZUXPT\/pasted_image_at_2016_10_22_12_50_am.png",
            "permalink_public": "https:\/\/slack-files.com\/T0CTD4Q0K-F2SMZUXPT-fac5b1e38a",
            "channels": [
                "C0CTD63DJ",
                "C0L93QKDZ"
            ],
            "groups": [
    
            ],
            "ims": [
    
            ],
            "comments_count": 2,
            "initial_comment": {
                "id": "Fc2SMJ5BBN",
                "created": 1477079473,
                "timestamp": 1477079473,
                "user": "U0FGKCY31",
                "is_intro": true,
                "comment": "[\u043c\u043e\u0451]",
                "channel": ""
            }
        },
        "user": "U0FD5HC1F",
        "upload": false,
        "display_as_bot": false,
        "username": "<@U0FD5HC1F|quilfe>",
        "bot_id": null,
        "ts": "1477080202.000336"
    },
    {
        "type": "message",
        "subtype": "file_comment",
        "text": "<@U0FD5HC1F|quilfe> commented on <@U0FGKCY31|deep_blue_hexagon>'s file <https:\/\/lesswrongru.slack.com\/files\/deep_blue_hexagon\/F2SMZUXPT\/pasted_image_at_2016_10_22_12_50_am.png|Pasted image at 2016-10-22, 12:50 AM>: \u041d\u0430\u043f\u0440\u0438\u043c\u0435\u0440, \u044d\u0442\u043e \u0431\u0443\u0434\u0435\u0442 !\u0444\u043e!\u0420\u043a",
        "file": {
            "id": "F2SMZUXPT",
            "created": 1477079473,
            "timestamp": 1477079473,
            "name": "Pasted image at 2016_10_22 12_50 AM.png",
            "title": "Pasted image at 2016-10-22, 12:50 AM",
            "mimetype": "image\/png",
            "filetype": "png",
            "pretty_type": "PNG",
            "user": "U0FGKCY31",
            "editable": false,
            "size": 37468,
            "mode": "hosted",
            "is_external": false,
            "external_type": "",
            "is_public": true,
            "public_url_shared": false,
            "display_as_bot": false,
            "username": "",
            "url_private": "https:\/\/files.slack.com\/files-pri\/T0CTD4Q0K-F2SMZUXPT\/pasted_image_at_2016_10_22_12_50_am.png?t=xoxe-12931160019-103607625319-102215183440-059257f7d7",
            "url_private_download": "https:\/\/files.slack.com\/files-pri\/T0CTD4Q0K-F2SMZUXPT\/download\/pasted_image_at_2016_10_22_12_50_am.png?t=xoxe-12931160019-103607625319-102215183440-059257f7d7",
            "thumb_64": "https:\/\/files.slack.com\/files-tmb\/T0CTD4Q0K-F2SMZUXPT-80566dabb5\/pasted_image_at_2016_10_22_12_50_am_64.png?t=xoxe-12931160019-103607625319-102215183440-059257f7d7",
            "thumb_80": "https:\/\/files.slack.com\/files-tmb\/T0CTD4Q0K-F2SMZUXPT-80566dabb5\/pasted_image_at_2016_10_22_12_50_am_80.png?t=xoxe-12931160019-103607625319-102215183440-059257f7d7",
            "thumb_360": "https:\/\/files.slack.com\/files-tmb\/T0CTD4Q0K-F2SMZUXPT-80566dabb5\/pasted_image_at_2016_10_22_12_50_am_360.png?t=xoxe-12931160019-103607625319-102215183440-059257f7d7",
            "thumb_360_w": 360,
            "thumb_360_h": 174,
            "thumb_480": "https:\/\/files.slack.com\/files-tmb\/T0CTD4Q0K-F2SMZUXPT-80566dabb5\/pasted_image_at_2016_10_22_12_50_am_480.png?t=xoxe-12931160019-103607625319-102215183440-059257f7d7",
            "thumb_480_w": 480,
            "thumb_480_h": 232,
            "thumb_160": "https:\/\/files.slack.com\/files-tmb\/T0CTD4Q0K-F2SMZUXPT-80566dabb5\/pasted_image_at_2016_10_22_12_50_am_160.png?t=xoxe-12931160019-103607625319-102215183440-059257f7d7",
            "thumb_720": "https:\/\/files.slack.com\/files-tmb\/T0CTD4Q0K-F2SMZUXPT-80566dabb5\/pasted_image_at_2016_10_22_12_50_am_720.png?t=xoxe-12931160019-103607625319-102215183440-059257f7d7",
            "thumb_720_w": 720,
            "thumb_720_h": 348,
            "image_exif_rotation": 1,
            "original_w": 753,
            "original_h": 364,
            "permalink": "https:\/\/lesswrongru.slack.com\/files\/deep_blue_hexagon\/F2SMZUXPT\/pasted_image_at_2016_10_22_12_50_am.png",
            "permalink_public": "https:\/\/slack-files.com\/T0CTD4Q0K-F2SMZUXPT-fac5b1e38a",
            "channels": [
                "C0CTD63DJ",
                "C0L93QKDZ"
            ],
            "groups": [
    
            ],
            "ims": [
    
            ],
            "comments_count": 2,
            "initial_comment": {
                "id": "Fc2SMJ5BBN",
                "created": 1477079473,
                "timestamp": 1477079473,
                "user": "U0FGKCY31",
                "is_intro": true,
                "comment": "[\u043c\u043e\u0451]",
                "channel": ""
            }
        },
        "comment": {
            "id": "Fc2SN0S005",
            "created": 1477080203,
            "timestamp": 1477080203,
            "user": "U0FD5HC1F",
            "is_intro": false,
            "comment": "\u041d\u0430\u043f\u0440\u0438\u043c\u0435\u0440, \u044d\u0442\u043e \u0431\u0443\u0434\u0435\u0442 !\u0444\u043e!\u0420\u043a",
            "channel": ""
        },
        "is_intro": false,
        "ts": "1477080202.000337"
    },
    {
        "type": "message",
        "user": "U0FD5HC1F",
        "text": "\u0425\u043e\u0442\u044f \u0441\u043b\u043e\u0436\u043d\u043e \u043a\u0430\u043a-\u0442\u043e.",
        "ts": "1477080221.000338",
        "reactions": [
            {
                "name": "heavy_plus_sign",
                "users": [
                    "U0FGKCY31"
                ],
                "count": 1
            }
        ]
    },
    {
        "type": "message",
        "user": "U0GQ50ESU",
        "text": "\u0410 \u0447\u0442\u043e \u044d\u0442\u043e \u043d\u0430 \u043f\u0440\u0430\u043a\u0442\u0438\u043a\u0435 \u0431\u0443\u0434\u0435\u0442 \u043e\u0437\u043d\u0430\u0447\u0430\u0442\u044c? \u0427\u0442\u043e \u0435\u0441\u043b\u0438 \u0437\u0430\u0445\u043e\u0447\u0443 \u0432 \u043f\u0440\u043e\u0446\u0435\u0441\u0441\u0435 \u043e\u0431\u0449\u0435\u0433\u043e \u0440\u0430\u0437\u0433\u043e\u0432\u043e\u0440\u0430 \u043a \u043a\u043e\u043c\u0443-\u0442\u043e \u043e\u0431\u0440\u0430\u0442\u0438\u0442\u044c\u0441\u044f, \u0442\u043e \u043c\u043d\u0435 \u043d\u0430\u0434\u043e \u0431\u0443\u0434\u0435\u0442 \u043f\u043e\u0439\u0442\u0438 \u0432 \u0435\u0433\u043e \u043f\u0440\u043e\u0444\u0438\u043b\u044c \u0438 \u043f\u043e\u0441\u043c\u043e\u0442\u0440\u0435\u0442\u044c \u043a\u0430\u043a\u0438\u0435 \u0442\u0430\u043c \u0431\u0443\u043a\u0432\u044b? \u0421\u043d\u0430\u0447\u0430\u043b\u0430 \u0441\u043f\u0440\u043e\u0441\u0438\u0442\u044c \u0443 \u0447\u0435\u043b\u043e\u0432\u0435\u043a\u0430, \u043c\u043e\u0436\u043d\u043e \u043b\u0438 \u043a \u043d\u0435\u043c\u0443 \u043e\u0431\u0440\u0430\u0442\u0438\u0442\u044c\u0441\u044f, \u0430 \u0442\u043e\u043b\u044c\u043a\u043e \u043f\u043e\u0442\u043e\u043c \u043e\u0431\u0440\u0430\u0449\u0430\u0442\u044c\u0441\u044f?",
        "ts": "1477080300.000339"
    },
    {
        "type": "message",
        "user": "U0GQ50ESU",
        "text": "\u042d\u0442\u043e = \u0432\u0432\u0435\u0434\u0435\u043d\u0438\u0435 \u0444\u043e\u0440\u043a \u0432 \u0447\u0430\u0442 \u0432 \u0446\u0435\u043b\u043e\u043c",
        "ts": "1477080336.000340"
    },
    {
        "type": "message",
        "user": "U0G0KMGKH",
        "text": "\u042f \u043f\u043e\u0447\u0442\u0438 \u043d\u0430\u0432\u0435\u0440\u043d\u044f\u043a\u0430 \u043d\u0435 \u0431\u0443\u0434\u0443 \u043f\u043e\u043b\u044c\u0437\u043e\u0432\u0430\u0442\u044c\u0441\u044f \u0424\u041e\u0420\u041a-\u0441\u0438\u0441\u0442\u0435\u043c\u043e\u0439 \u0432 \u0441\u043b\u0430\u043a\u0435, \u0438 \u0435\u0441\u043b\u0438 \u0443 \u043a\u043e\u0433\u043e-\u0442\u043e \u0432 \u0441\u043b\u0430\u043a\u0435 \u0431\u0443\u0434\u0443\u0442 \u044d\u0442\u0438 \u0431\u0443\u043a\u0432\u044b, \u0442\u043e \u044f \u0431\u0443\u0434\u0443 \u043d\u0435\u043c\u043d\u043e\u0436\u0435\u0447\u043a\u043e \u043d\u0435 \u0440\u0430\u0434 \u044d\u0442\u043e\u043c\u0443, \u043f\u043e\u0442\u043e\u043c\u0443 \u0447\u0442\u043e \u043c\u043d\u0435 \u0431\u0443\u0434\u0435\u0442 \u043d\u0435\u043f\u043e\u043d\u044f\u0442\u043d\u043e, \u0447\u0442\u043e \u0442\u0430\u043c \u043c\u043e\u0436\u043d\u043e, \u0447\u0435\u0433\u043e \u043d\u0435\u043b\u044c\u0437\u044f, \u0438 \u043f\u043e\u0447\u0435\u043c\u0443 \u043d\u0435\u043b\u044c\u0437\u044f. \u041c\u043d\u0435 \u0443\u0434\u043e\u0431\u043d\u0435\u0435, \u043a\u043e\u0433\u0434\u0430 \u0438\u0445 \u043d\u0435\u0442.",
        "ts": "1477082204.000341",
        "reactions": [
            {
                "name": "heavy_plus_sign",
                "users": [
                    "U0GQ50ESU",
                    "U0GBBAD1P",
                    "U2L4WGQFK"
                ],
                "count": 3
            }
        ]
    },
    {
        "type": "message",
        "user": "U0G0JFJTA",
        "text": "<@U0G0KMGKH> \u041f\u043e-\u043c\u043e\u0435\u043c\u0443, \u043e\u0442\u0441\u0443\u0442\u0441\u0442\u0432\u0438\u0435 \u0438\u043d\u0444\u043e\u0440\u043c\u0430\u0446\u0438\u0438 \u043f\u0440\u0430\u043a\u0442\u0438\u0447\u0435\u0441\u043a\u0438 \u043d\u0438\u043a\u043e\u0433\u0434\u0430 \u043d\u0435 \u043c\u043e\u0436\u0435\u0442 \u0431\u044b\u0442\u044c \u0445\u0443\u0436\u0435 \u043d\u0430\u043b\u0438\u0447\u0438\u044f \u0438\u043d\u0444\u043e\u0440\u043c\u0430\u0446\u0438\u0438 :slightly_smiling_face:",
        "ts": "1477083476.000342"
    },
    {
        "type": "message",
        "user": "U0G0JFJTA",
        "text": "\u0418 \u0435\u0441\u043b\u0438 \u0434\u043b\u044f \u043a\u043e\u0433\u043e-\u0442\u043e \u043e\u0442\u0441\u0443\u0442\u0441\u0442\u0432\u0438\u0435 \u0438\u043d\u0444\u043e\u0440\u043c\u0430\u0446\u0438\u0438 \u043b\u0443\u0447\u0448\u0435, \u0442\u043e \u0443 \u043c\u0435\u043d\u044f \u043f\u043e\u044f\u0432\u043b\u044f\u0435\u0442\u0441\u044f \u0430\u043f\u0440\u0438\u043e\u0440\u043d\u0430\u044f \u0443\u0432\u0435\u0440\u0435\u043d\u043d\u043e\u0441\u0442\u044c, \u0447\u0442\u043e \u043e\u043d \u0447\u0442\u043e-\u0442\u043e \u0434\u0435\u043b\u0430\u0435\u0442 \u043d\u0435 \u0442\u0430\u043a. (\u0418 \u0434\u043b\u044f \u0441\u0435\u0431\u044f \u044f \u044d\u0442\u043e \u0442\u043e\u0436\u0435 \u0441\u0447\u0438\u0442\u0430\u044e \u0432\u0430\u0436\u043d\u044b\u043c \u043c\u0430\u0440\u043a\u0435\u0440\u043e\u043c.)",
        "ts": "1477083539.000343"
    },
    {
        "type": "message",
        "user": "U1BJD7KSR",
        "text": "<@U0G0JFJTA> \u043c\u043e\u0436\u0435\u0442",
        "ts": "1477083604.000344"
    },
    {
        "type": "message",
        "user": "U0G0KMGKH",
        "text": "<@U0G0JFJTA> \u0432 \u043a\u043e\u0447\u0435\u0440\u0433\u0435 \u0435\u0441\u043b\u0438 \u0443 \u0447\u0435\u043b\u043e\u0432\u0435\u043a\u0430 \u0435\u0441\u0442\u044c \u043d\u0435-\u0437\u0435\u043b\u0435\u043d\u044b\u0435 \u0424, \u041e \u0438\u043b\u0438 \u0420, \u0442\u043e \u044f \u0438\u043d\u043e\u0433\u0434\u0430 \u043d\u0430\u0447\u0438\u043d\u0430\u044e \u0432\u043e\u043b\u043d\u043e\u0432\u0430\u0442\u044c\u0441\u044f, \u0447\u0442\u043e \u0441 \u043d\u0438\u043c \u0447\u0442\u043e-\u0442\u043e \u043d\u0435\u043b\u044c\u0437\u044f \u0434\u0435\u043b\u0430\u0442\u044c. \u0410 \u0435\u0441\u043b\u0438 \u043d\u0435\u0442, \u043b\u0438\u0431\u043e \u0435\u0441\u043b\u0438 \u044d\u0442\u0438 3 \u0431\u0443\u043a\u0432\u044b \u0437\u0435\u043b\u0435\u043d\u044b\u0435, \u0442\u043e \u043d\u0435 \u043d\u0430\u0447\u0438\u043d\u0430\u044e. \u0418 \u043f\u0440\u043e \u043c\u043e\u0438 \u0424\u041e\u0420\u041a - \u044f \u0431\u044b \u0438\u0437 \u043d\u0438\u0445 \u0442\u043e\u043b\u044c\u043a\u043e \u0431\u0443\u043a\u0432\u0443 \u041a \u043e\u0441\u0442\u0430\u0432\u0438\u043b.",
        "ts": "1477083610.000345"
    },
    {
        "type": "message",
        "user": "U0G0JFJTA",
        "text": "\u0410 \u0435\u0441\u043b\u0438 \u0443 \u0447\u0435\u043b\u043e\u0432\u0435\u043a\u0430 \u043d\u0435\u0442 \u0431\u0443\u043a\u0432 \u0432\u043e\u043e\u0431\u0449\u0435, \u0442\u044b \u043d\u0435 \u0432\u043e\u043b\u043d\u0443\u0435\u0448\u044c\u0441\u044f?",
        "ts": "1477083640.000346"
    },
    {
        "type": "message",
        "user": "U0G0KMGKH",
        "text": "\u043d\u0435 \u0432\u043e\u043b\u043d\u0443\u044e\u0441\u044c",
        "ts": "1477083643.000347"
    },
    {
        "type": "message",
        "user": "U0G0JFJTA",
        "text": "\u0418 \u0442\u0435\u0431\u044f \u043d\u0435 \u0441\u043c\u0443\u0449\u0430\u0435\u0442 \u0442\u0430\u043a\u0430\u044f \u0440\u0430\u0437\u043d\u0438\u0446\u0430 \u0440\u0435\u0430\u043a\u0446\u0438\u0439?",
        "ts": "1477083657.000348"
    },
    {
        "type": "message",
        "user": "U0G0KMGKH",
        "text": "\u0422\u044b \u0438\u043c\u0435\u0435\u0448\u044c \u0432 \u0432\u0438\u0434\u0443 \u043d\u0430\u0448\u0438 \u0441 \u0442\u043e\u0431\u043e\u0439 \u0442\u0430\u043a\u0438\u0435 \u0440\u0430\u0437\u043d\u044b\u0435 \u0432\u0437\u0433\u043b\u044f\u0434\u044b?",
        "ts": "1477083682.000349"
    },
    {
        "type": "message",
        "user": "U0G0JFJTA",
        "text": "\u041d\u0435\u0442. \u0422\u0435\u0445\u043d\u0438\u0447\u0435\u0441\u043a\u0438 \u0447\u0435\u043b\u043e\u0432\u0435\u043a \u0431\u0435\u0437 \u0431\u0443\u043a\u0432 \u043c\u043e\u0433 \u0431\u044b \u043d\u0430\u0446\u0435\u043f\u0438\u0442\u044c \u043d\u0435 \u0437\u0435\u043b\u0451\u043d\u044b\u0435 \u0431\u0443\u043a\u0432\u044b.",
        "ts": "1477083700.000350"
    },
    {
        "type": "message",
        "user": "U0G0JFJTA",
        "text": "\u041c\u043e\u0436\u0435\u0442, \u043d\u0430 \u043d\u0451\u043c \u043d\u0435\u0442 \u0431\u0443\u043a\u0432, \u043f\u043e\u0442\u043e\u043c\u0443 \u0447\u0442\u043e \u043e\u043d \u043d\u043e\u0432\u0438\u0447\u043e\u043a \u0438 \u043d\u0435 \u0432 \u043a\u0443\u0440\u0441\u0435 \u043f\u0440\u043e \u0424\u041e\u0420\u041a.",
        "ts": "1477083717.000351"
    },
    {
        "type": "message",
        "user": "U0GQ50ESU",
        "text": "<@U0G0JFJTA>, \u043a\u0430\u043a \u0431\u0443\u0434\u0435\u0442 \u043e\u0442\u043b\u0438\u0447\u0430\u0442\u044c\u0441\u044f \u0442\u0432\u043e\u0451 \u043e\u0431\u0449\u0435\u043d\u0438\u0435 \u0437\u0434\u0435\u0441\u044c \u0441 philipb'\u043e\u043c \u043e\u0442 \u043d\u0430\u0441\u0442\u043e\u044f\u0449\u0435\u0433\u043e \u043c\u043e\u043c\u0435\u043d\u0442\u0430, \u0435\u0441\u043b\u0438 \u043e\u043d \u043d\u0430\u043f\u0438\u0448\u0435\u0442 \u0441\u0435\u0431\u0435 \u0432 \u043f\u0440\u043e\u0444\u0438\u043b\u0435 \u0432\u0441\u0435 \u0441\u0438\u043d\u0438\u0435 \u0431\u0443\u043a\u0432\u044b?",
        "ts": "1477083738.000352"
    },
    {
        "type": "message",
        "user": "U0G0JFJTA",
        "text": "\u041d\u0438\u043a\u0430\u043a :slightly_smiling_face: \u042f, \u0441\u043a\u043e\u0440\u0435\u0435 \u0432\u0441\u0435\u0433\u043e, \u0438\u0445 \u043d\u0435 \u0437\u0430\u043c\u0435\u0447\u0443 :slightly_smiling_face:",
        "ts": "1477083752.000353"
    },
    {
        "type": "message",
        "user": "U0GQ50ESU",
        "text": "+ \u0435\u0441\u043b\u0438 \u0442\u044b \u0438\u0445 \u0437\u0430\u043c\u0435\u0442\u0438\u043b",
        "ts": "1477083766.000354"
    },
    {
        "type": "message",
        "user": "U0G0JFJTA",
        "text": "\u0412\u0441\u0451 \u0440\u0430\u0432\u043d\u043e \u0441\u043a\u043e\u0440\u0435\u0435 \u0432\u0441\u0435\u0433\u043e \u043d\u0438\u043a\u0430\u043a. \u0412\u043e-\u043f\u0435\u0440\u0432\u044b\u0445, \u0434\u043b\u044f \u043c\u0435\u043d\u044f \u0442\u0430\u043a\u0438\u0435 \u0432\u0435\u0449\u0438 \u0441\u043a\u043e\u0440\u0435\u0435 \u0430\u043a\u0442\u0443\u0430\u043b\u044c\u043d\u044b \u0432 \u0441\u043b\u0443\u0447\u0430\u0435 \u043d\u0435\u0437\u043d\u0430\u043a\u043e\u043c\u044b\u0445 \u043b\u044e\u0434\u0435\u0439, \u0441\u043e \u0437\u043d\u0430\u043a\u043e\u043c\u044b\u043c\u0438 \u044f \u0438 \u0442\u0430\u043a \u0432\u0440\u043e\u0434\u0435 \u0431\u044b \u043f\u0440\u0435\u0434\u0441\u0442\u0430\u0432\u043b\u044f\u044e, \u043a\u0430\u043a \u043e\u0431\u0449\u0430\u0442\u044c\u0441\u044f. \u0412\u043e-\u0432\u0442\u043e\u0440\u044b\u0445, \u044f \u0432\u0440\u043e\u0434\u0435 \u0438 \u0442\u0430\u043a \u043d\u0435 \u0437\u0430\u0434\u0430\u044e \u043b\u0438\u0447\u043d\u044b\u0445 \u0432\u043e\u043f\u0440\u043e\u0441\u043e\u0432 \u0438 \u043d\u0435 \u0441\u043b\u0438\u0448\u043a\u043e\u043c \u0430\u043a\u0442\u0438\u0432\u043d\u043e \u043b\u0435\u0437\u0443 \u0432 \u043b\u0438\u0447\u043a\u0443 \u0438 \u0432\u0441\u0451 \u0442\u0430\u043a\u043e\u0435.",
        "ts": "1477083863.000355"
    },
    {
        "type": "message",
        "user": "U0G0JFJTA",
        "text": "\u041f\u0440\u043e\u0441\u0442\u043e \u043f\u043e \u0434\u0435\u0444\u043e\u043b\u0442\u0443.",
        "ts": "1477083873.000356"
    },
    {
        "type": "message",
        "user": "U0G0KMGKH",
        "text": "\u041c\u043d\u0435 \u0431\u0443\u043a\u0432\u044b \u043c\u0435\u0448\u0430\u044e\u0442 \u043d\u0430 \u0437\u043d\u0430\u043a\u043e\u043c\u044b\u0445 \u0438\u043b\u0438 \u043f\u043e\u043b\u0443\u0437\u043d\u0430\u043a\u043e\u043c\u044b\u0445 \u043b\u044e\u0434\u044f\u0445, \u043f\u043e\u0442\u043e\u043c\u0443 \u0432\u043c\u0435\u0441\u0442\u043e \u0442\u043e\u0433\u043e \u0447\u0442\u043e\u0431\u044b \u043e\u0431\u0449\u0430\u0442\u044c\u0441\u044f \u043a\u0430\u043a \u043e\u0431\u044b\u0447\u043d\u043e \u0441 \u043b\u044e\u0434\u044c\u043c\u0438, \u043c\u043d\u0435 \u043f\u0440\u0438\u0445\u043e\u0434\u0438\u0442\u0441\u044f \u0434\u0443\u043c\u0430\u0442\u044c, \u0447\u0442\u043e \u0443 \u043d\u0438\u0445 \u0442\u0430\u043c \u043d\u0430\u043f\u0438\u0441\u0430\u043d\u043e, \u0438 \u0447\u0442\u043e \u044d\u0442\u043e \u0437\u043d\u0430\u0447\u0438\u0442.",
        "ts": "1477083962.000357"
    },
    {
        "type": "message",
        "user": "U0G0JFJTA",
        "text": "\u0410 \u0442\u0430\u043a \u0442\u044b \u043d\u0435 \u0434\u0443\u043c\u0430\u0435\u0448\u044c, \u0447\u0442\u043e \u0443 \u043d\u0438\u0445 \u043c\u043e\u0433\u0443\u0442 \u0431\u044b\u0442\u044c \u043a\u0430\u043a\u0438\u0435-\u0442\u043e \u043f\u0440\u0435\u0434\u043f\u043e\u0447\u0442\u0435\u043d\u0438\u044f \u0438 \u0447\u0442\u043e \u0438\u043c \u043c\u043e\u0436\u0435\u0442 \u043a\u0430\u043a\u043e\u0435-\u0442\u043e \u043e\u0431\u0449\u0435\u043d\u0438\u0435 \u043d\u0435 \u043d\u0440\u0430\u0432\u0438\u0442\u044c\u0441\u044f?",
        "ts": "1477083994.000358"
    },
    {
        "type": "message",
        "user": "U0G0JFJTA",
        "text": "(\u0412 \u0441\u043c\u044b\u0441\u043b\u0435, \u043a\u043e\u0433\u0434\u0430 \u043d\u0430 \u043b\u044e\u0434\u044f\u0445 \u043d\u0435\u0442 \u0431\u0443\u043a\u0432.)",
        "ts": "1477084018.000359"
    },
    {
        "type": "message",
        "user": "U0G0KMGKH",
        "text": "\u0418 \u043a\u0430\u043a \u0432\u043e\u043e\u0431\u0449\u0435 \u043c\u043e\u0436\u043d\u043e \u043e\u0431\u0449\u0430\u0442\u044c\u0441\u044f \u0441 \u0447\u0435\u043b\u043e\u0432\u0435\u043a\u043e\u043c \u0443 \u043a\u043e\u0442\u043e\u0440\u043e\u0433\u043e \u043a\u0440\u0430\u0441\u043d\u0430\u044f \u041a \u0438\u043b\u0438 \u041e, \u0438 \u0447\u0435\u043c \u043e\u0442\u043b\u0438\u0447\u0430\u0435\u0442\u0441\u044f \u0441\u0438\u043d\u044f\u044f \u041e \u043e\u0442 \u0437\u0435\u043b\u0435\u043d\u043e\u0439. \u0418 \u043a\u043e\u0433\u0434\u0430 \u0441\u0438\u043d\u044f\u044f \u0431\u0443\u043a\u0432\u0430 \u043e\u0431\u044f\u0437\u044b\u0432\u0430\u0435\u0442 \u043c\u0435\u043d\u044f \u0441\u043f\u0440\u0430\u0448\u0438\u0432\u0430\u0442\u044c \u043f\u0440\u0435\u0436\u0434\u0435 \u0447\u0435\u043c \u0447\u0442\u043e-\u0442\u043e \u0441\u0434\u0435\u043b\u0430\u0442\u044c, \u0442\u043e \u044f \u0441\u043a\u043e\u0440\u0435\u0435 \u043f\u0440\u043e\u0441\u0442\u043e \u043d\u0435 \u0431\u0443\u0434\u0443 \u044d\u0442\u043e \u0434\u0435\u043b\u0430\u0442\u044c",
        "ts": "1477084041.000360"
    },
    {
        "type": "message",
        "user": "U0G0JFJTA",
        "text": "\u0413\u0440\u0443\u0431\u043e \u0433\u043e\u0432\u043e\u0440\u044f, \u0447\u0442\u043e \u0442\u0435\u0431\u0435 \u043c\u0435\u0448\u0430\u0435\u0442 \u043f\u0440\u0435\u0434\u0441\u0442\u0430\u0432\u0438\u0442\u044c, \u0447\u0442\u043e \u0442\u0435\u0445 \u0431\u0443\u043a\u0432, \u043a\u043e\u0442\u043e\u0440\u044b\u0445 \u0442\u044b \u0432\u0438\u0434\u0438\u0448\u044c \u043d\u0430 \u0437\u043d\u0430\u043a\u043e\u043c\u043e\u043c \u0438\u043b\u0438 \u043f\u043e\u043b\u0443\u0437\u043d\u0430\u043a\u043e\u043c\u043e\u043c \u0447\u0435\u043b\u043e\u0432\u0435\u043a\u0435, \u043d\u0430 \u0441\u0430\u043c\u043e\u043c \u0434\u0435\u043b\u0435 \u043d\u0435\u0442?",
        "ts": "1477084053.000361"
    },
    {
        "type": "message",
        "user": "U0G0KMGKH",
        "text": "<@U0G0JFJTA> \u043e\u0431\u044b\u0447\u043d\u043e \u043b\u044e\u0434\u044f\u043c \u043d\u043e\u0440\u043c",
        "ts": "1477084055.000362"
    },
    {
        "type": "message",
        "user": "U0G0KMGKH",
        "text": "\u041d\u043e \u043d\u0430 \u0441\u0430\u043c\u043e\u043c \u0434\u0435\u043b\u0435 \u043c\u0435\u043d\u044f \u044d\u0442\u043e \u0434\u043e\u0432\u043e\u043b\u044c\u043d\u043e \u0441\u043b\u0430\u0431\u043e \u043f\u0430\u0440\u0438\u0442",
        "ts": "1477084111.000363"
    },
    {
        "type": "message",
        "user": "U0G0KMGKH",
        "text": "\u0442\u0430\u043a \u0447\u0442\u043e \u043c\u043d\u0435 \u0441\u043a\u043e\u0440\u0435\u0435 \u043f\u043e\u0444\u0438\u0433, \u0447\u0435\u043c \u043d\u0435 \u043f\u043e\u0444\u0438\u0433",
        "ts": "1477084118.000364"
    },
    {
        "type": "message",
        "user": "U0G0JFJTA",
        "text": "\u0422.\u0435. \u0442\u044b \u0442\u0435\u043f\u0435\u0440\u044c \u0441\u0447\u0438\u0442\u0430\u0435\u0448\u044c, \u0447\u0442\u043e \u043d\u0430\u043b\u0438\u0447\u0438\u0435 \u0431\u0443\u043a\u0432 \u043d\u0435 \u0442\u0430\u043a \u0441\u0442\u0440\u0430\u0448\u043d\u043e? :slightly_smiling_face:",
        "ts": "1477084165.000365"
    },
    {
        "type": "message",
        "user": "U0G0KMGKH",
        "text": "\u042f \u0442\u0430\u043a \u0441 \u0441\u0430\u043c\u043e\u0433\u043e \u043d\u0430\u0447\u0430\u043b\u0430 \u0441\u0447\u0438\u0442\u0430\u043b",
        "ts": "1477084195.000366"
    },
    {
        "type": "message",
        "user": "U0G0KMGKH",
        "text": "\u043d\u043e \u0435\u0441\u043b\u0438 \u0431\u044b \u044f \u043c\u043e\u0433 \u043c\u0430\u043d\u043e\u0432\u0435\u043d\u0438\u0435\u043c \u0432\u043e\u043b\u0448\u0435\u0431\u043d\u043e\u0439 \u043f\u0430\u043b\u043e\u0447\u043a\u0438 \u0441\u0434\u0435\u043b\u0430\u0442\u044c \u0447\u0442\u043e\u0431\u044b \u0438\u0445 \u043d\u0435 \u0431\u044b\u043b\u043e, \u0442\u043e \u0441\u0434\u0435\u043b\u0430\u043b \u0431\u044b",
        "ts": "1477084209.000367"
    },
    {
        "type": "message",
        "user": "U0G0KMGKH",
        "text": "\u0425\u043e\u0442\u044f \u0441 \u0434\u0440\u0443\u0433\u043e\u0439 \u0441\u0442\u043e\u0440\u043e\u043d\u044b \u0443 \u0424\u041e\u0420\u041a\u0430 \u043c\u0431 \u0438 \u0435\u0441\u0442\u044c \u043f\u043b\u044e\u0441 - \u043e\u043d\u0438 \u0443\u0447\u0430\u0442 \u043b\u044e\u0434\u0435\u0439 \u0441\u043f\u0440\u0430\u0448\u0438\u0432\u0430\u0442\u044c \u0434\u0440\u0443\u0433\u0438\u0445 \u043b\u044e\u0434\u0435\u0439, \u043a\u0430\u043a \u0442\u0435 \u043e\u0442\u043d\u043e\u0441\u044f\u0442\u0441\u044f \u043a \u043a\u0430\u043a\u0438\u043c-\u0442\u043e \u0434\u0435\u0439\u0441\u0442\u0432\u0438\u044f\u043c \u043f\u043e \u043e\u0442\u043d\u043e\u0448\u0435\u043d\u0438\u044e \u043a \u043d\u0438\u043c, \u0438 \u0441\u043e\u043e\u0431\u0449\u0430\u0442\u044c \u043b\u044e\u0434\u044f\u043c \u043a\u043e\u0433\u0434\u0430 \u0442\u0435 \u0434\u0435\u043b\u0430\u044e\u0442 \u0447\u0442\u043e-\u0442\u043e, \u0447\u0442\u043e \u0442\u0435\u0431\u0435 \u043d\u0435 \u043d\u0440\u0430\u0432\u0438\u0442\u0441\u044f",
        "ts": "1477084322.000368"
    },
    {
        "type": "message",
        "user": "U0G0KMGKH",
        "text": "\/r\/changemyview <@U0G0JFJTA> \u0440\u0430\u0441\u0441\u043a\u0430\u0436\u0438, \u043a\u0430\u043a \u0442\u0435\u0431\u0435 \u043f\u043e\u043c\u043e\u0433\u0430\u0435\u0442 \u0424\u041e\u0420\u041a?",
        "ts": "1477084381.000369"
    },
    {
        "type": "message",
        "user": "U0G0JFJTA",
        "text": "\u041d\u0438\u043a\u0430\u043a.",
        "ts": "1477084421.000370"
    },
    {
        "type": "message",
        "user": "U0G0JFJTA",
        "text": "\u041d\u043e \u043e\u043d \u043d\u0435 \u0442\u0440\u0435\u0431\u0443\u0435\u0442 \u0434\u043b\u044f \u043c\u0435\u043d\u044f \u043d\u0438\u043a\u0430\u043a\u0438\u0445 \u0437\u0430\u0442\u0440\u0430\u0442, \u0438 \u0442\u0435\u0445\u043d\u0438\u0447\u0435\u0441\u043a\u0438 \u044f \u043c\u043e\u0433\u0443 \u0432\u043e\u043e\u0431\u0440\u0430\u0437\u0438\u0442\u044c, \u0447\u0442\u043e \u043e\u043d \u043a\u0430\u043a-\u0442\u043e \u043c\u043e\u0436\u0435\u0442 \u043c\u043d\u0435 \u043f\u043e\u043c\u043e\u0447\u044c.",
        "ts": "1477084446.000371"
    }
]