[
    {
        "user": "U1G573SMU",
        "type": "message",
        "subtype": "channel_join",
        "text": "<@U1G573SMU|captaincrisis> has joined the channel",
        "ts": "1465730776.000007"
    },
    {
        "user": "U1G5Z7MLP",
        "type": "message",
        "subtype": "channel_join",
        "text": "<@U1G5Z7MLP|jehaby> has joined the channel",
        "ts": "1465745858.000008"
    },
    {
        "user": "U1G771525",
        "type": "message",
        "subtype": "channel_join",
        "text": "<@U1G771525|seriousomega> has joined the channel",
        "ts": "1465770162.000009"
    }
]