[
    {
        "user": "U241HM8TF",
        "text": "<@U241HM8TF|sergeykolosov> has joined the channel",
        "type": "message",
        "subtype": "channel_join",
        "ts": "1471953958.000039"
    },
    {
        "user": "U242HHSLA",
        "text": "<@U242HHSLA|den_lesnov> has joined the channel",
        "type": "message",
        "subtype": "channel_join",
        "ts": "1471958505.000040"
    },
    {
        "user": "U244Y7YG3",
        "text": "<@U244Y7YG3|apis76> has joined the channel",
        "type": "message",
        "subtype": "channel_join",
        "ts": "1471978360.000041"
    }
]