[
    {
        "type": "message",
        "user": "U1AP2R1QV",
        "text": "\u0445\u043e\u0447\u0443 \u0441\u043e\u0437\u0434\u0430\u0442\u044c \u043d\u043e\u0432\u044b\u0439 \u043a\u0430\u043d\u0430\u043b #spb_meetups \u0434\u043b\u044f \u043e\u0431\u0441\u0443\u0436\u0434\u0435\u043d\u0438\u0439 \u0432\u0441\u0442\u0440\u0435\u0447 \u043f\u0438\u0442\u0435\u0440\u0441\u043a\u043e\u0433\u043e LW",
        "ts": "1464125535.000017"
    },
    {
        "type": "message",
        "user": "U1AP2R1QV",
        "text": "Ok\/Cancel?",
        "ts": "1464125541.000018"
    },
    {
        "type": "message",
        "user": "U0F6P8JAG",
        "text": "Very ok!",
        "ts": "1464128144.000019"
    },
    {
        "type": "message",
        "user": "U0F6P8JAG",
        "text": "\u0420\u0435\u0448\u0438\u043b\u0438 \u0432\u0441\u0451 \u0436\u0435 \u043f\u0435\u0440\u0435\u0432\u043e\u0437\u0438\u0442\u044c \u0441\u044e\u0434\u0430 \u0432\u043a-\u0447\u0430\u0442?",
        "ts": "1464128191.000020"
    },
    {
        "type": "message",
        "user": "U1AP2R1QV",
        "text": "\u0434\u0430, \u0431\u0443\u0434\u0435\u043c \u043f\u0440\u043e\u0431\u043e\u0432\u0430\u0442\u044c.",
        "ts": "1464128661.000021"
    },
    {
        "user": "U1BFVEDR8",
        "type": "message",
        "subtype": "channel_join",
        "text": "<@U1BFVEDR8|malooshibanec> has joined the channel",
        "ts": "1464129191.000022"
    },
    {
        "type": "message",
        "user": "U1AP2R1QV",
        "text": "\u0430 \u043a\u0430\u043d\u0430\u043b\u044b, \u043a\u0443\u0434\u0430 \u043d\u043e\u0432\u044b\u0439 \u0443\u0447\u0430\u0441\u0442\u043d\u0438\u043a \u0430\u0432\u0442\u043e\u043c\u0430\u0442\u043e\u0432 \u0434\u043e\u0431\u0430\u0432\u043b\u044f\u0435\u0442\u0441\u044f, \u043a\u0435\u043c-\u0442\u043e \u044f\u0432\u043d\u043e \u043f\u0440\u043e\u043f\u0438\u0441\u0430\u043d\u044b?",
        "ts": "1464130544.000023"
    },
    {
        "type": "message",
        "user": "U1AP2R1QV",
        "text": "\u0430 \u0442\u043e,  \u043a \u043f\u0440\u0438\u043c\u0435\u0440\u0443, \u0441\u0435\u0439\u0447\u0430\u0441 \u0432\u0441\u0435 \u0441\u0440\u0430\u0437\u0443 \u0434\u043e\u0431\u0430\u0432\u043b\u044f\u044e\u0442\u0441\u044f \u0432 <#C0JKY20TF> :slightly_smiling_face:",
        "edited": {
            "user": "U1AP2R1QV",
            "ts": "1464130617.000000"
        },
        "ts": "1464130597.000024"
    },
    {
        "type": "message",
        "user": "U1BFVEDR8",
        "text": "\u043e, \u0430 \u0432\u043e\u0442 \u044d\u0442\u043e \u0438\u043d\u0442\u0435\u0440\u0435\u0441\u043d\u043e \u043a\u043e\u043d\u0435\u0447\u043d\u043e. \u0444\u0438\u0433\u0430\u043a - \u0438 \u0442\u0435\u0431\u044f \u0431\u0435\u0437 \u044d\u0442\u0432\u043e\u0435\u0433\u043e \u0441\u043f\u0440\u043e\u0441\u0430 \u0434\u043e\u0431\u0430\u0432\u0438\u043b\u0438 \u0432 \u0433\u0435\u0439-\u043a\u0430\u043d\u0430\u043b, \u043d\u0430\u043f\u0440\u0438\u043c\u0435\u0440, \u0438\u043b\u0438 \u0432 \u041a\u041a\u041a-\u043a\u0430\u043d\u0430\u043b :))",
        "ts": "1464130707.000026",
        "reactions": [
            {
                "name": "pride",
                "users": [
                    "U0G0KMGKH"
                ],
                "count": 1
            }
        ]
    },
    {
        "type": "message",
        "user": "U0G0KMGKH",
        "text": "\u041d\u0435 \u0442\u043e\u0442 \u0441\u043a\u0440\u0438\u043d",
        "ts": "1464131088.000028"
    },
    {
        "type": "message",
        "user": "U0F6P8JAG",
        "text": "\u0423\u043f\u0441.",
        "ts": "1464131351.000030"
    },
    {
        "type": "message",
        "subtype": "file_share",
        "text": "<@U0F6P8JAG|berekuk> uploaded a file: <https:\/\/lesswrongru.slack.com\/files\/berekuk\/F1BG2D1D0\/screen_shot_2016-05-25_at_01.59.33.png|\u0421\u043f\u0438\u0441\u043e\u043a \u0443\u043c\u043e\u043b\u0447\u0430\u043b\u044c\u043d\u044b\u0445 \u043a\u0430\u043d\u0430\u043b\u043e\u0432>",
        "file": {
            "id": "F1BG2D1D0",
            "created": 1464131381,
            "timestamp": 1464131381,
            "name": "Screen Shot 2016-05-25 at 01.59.33.png",
            "title": "\u0421\u043f\u0438\u0441\u043e\u043a \u0443\u043c\u043e\u043b\u0447\u0430\u043b\u044c\u043d\u044b\u0445 \u043a\u0430\u043d\u0430\u043b\u043e\u0432",
            "mimetype": "image\/png",
            "filetype": "png",
            "pretty_type": "PNG",
            "user": "U0F6P8JAG",
            "editable": false,
            "size": 125748,
            "mode": "hosted",
            "is_external": false,
            "external_type": "",
            "is_public": true,
            "public_url_shared": false,
            "display_as_bot": false,
            "username": "",
            "url_private": "https:\/\/files.slack.com\/files-pri\/T0CTD4Q0K-F1BG2D1D0\/screen_shot_2016-05-25_at_01.59.33.png?t=xoxe-12931160019-103607625319-102215183440-059257f7d7",
            "url_private_download": "https:\/\/files.slack.com\/files-pri\/T0CTD4Q0K-F1BG2D1D0\/download\/screen_shot_2016-05-25_at_01.59.33.png?t=xoxe-12931160019-103607625319-102215183440-059257f7d7",
            "thumb_64": "https:\/\/files.slack.com\/files-tmb\/T0CTD4Q0K-F1BG2D1D0-68bf8a1b07\/screen_shot_2016-05-25_at_01.59.33_64.png?t=xoxe-12931160019-103607625319-102215183440-059257f7d7",
            "thumb_80": "https:\/\/files.slack.com\/files-tmb\/T0CTD4Q0K-F1BG2D1D0-68bf8a1b07\/screen_shot_2016-05-25_at_01.59.33_80.png?t=xoxe-12931160019-103607625319-102215183440-059257f7d7",
            "thumb_360": "https:\/\/files.slack.com\/files-tmb\/T0CTD4Q0K-F1BG2D1D0-68bf8a1b07\/screen_shot_2016-05-25_at_01.59.33_360.png?t=xoxe-12931160019-103607625319-102215183440-059257f7d7",
            "thumb_360_w": 360,
            "thumb_360_h": 119,
            "thumb_480": "https:\/\/files.slack.com\/files-tmb\/T0CTD4Q0K-F1BG2D1D0-68bf8a1b07\/screen_shot_2016-05-25_at_01.59.33_480.png?t=xoxe-12931160019-103607625319-102215183440-059257f7d7",
            "thumb_480_w": 480,
            "thumb_480_h": 159,
            "thumb_160": "https:\/\/files.slack.com\/files-tmb\/T0CTD4Q0K-F1BG2D1D0-68bf8a1b07\/screen_shot_2016-05-25_at_01.59.33_160.png?t=xoxe-12931160019-103607625319-102215183440-059257f7d7",
            "thumb_720": "https:\/\/files.slack.com\/files-tmb\/T0CTD4Q0K-F1BG2D1D0-68bf8a1b07\/screen_shot_2016-05-25_at_01.59.33_720.png?t=xoxe-12931160019-103607625319-102215183440-059257f7d7",
            "thumb_720_w": 720,
            "thumb_720_h": 238,
            "thumb_960": "https:\/\/files.slack.com\/files-tmb\/T0CTD4Q0K-F1BG2D1D0-68bf8a1b07\/screen_shot_2016-05-25_at_01.59.33_960.png?t=xoxe-12931160019-103607625319-102215183440-059257f7d7",
            "thumb_960_w": 960,
            "thumb_960_h": 318,
            "thumb_1024": "https:\/\/files.slack.com\/files-tmb\/T0CTD4Q0K-F1BG2D1D0-68bf8a1b07\/screen_shot_2016-05-25_at_01.59.33_1024.png?t=xoxe-12931160019-103607625319-102215183440-059257f7d7",
            "thumb_1024_w": 1024,
            "thumb_1024_h": 339,
            "image_exif_rotation": 1,
            "original_w": 1862,
            "original_h": 616,
            "permalink": "https:\/\/lesswrongru.slack.com\/files\/berekuk\/F1BG2D1D0\/screen_shot_2016-05-25_at_01.59.33.png",
            "permalink_public": "https:\/\/slack-files.com\/T0CTD4Q0K-F1BG2D1D0-4a05b1119f",
            "channels": [
                "C0L93QKDZ"
            ],
            "groups": [
    
            ],
            "ims": [
    
            ],
            "comments_count": 0
        },
        "user": "U0F6P8JAG",
        "upload": true,
        "display_as_bot": false,
        "username": "<@U0F6P8JAG|berekuk>",
        "bot_id": null,
        "ts": "1464131385.000031"
    },
    {
        "type": "message",
        "user": "U1AP2R1QV",
        "text": "\u0442\u0430\u043a \u043a\u0430\u043a \u0442\u0440\u0430\u0444\u0444\u0438\u043a \u0442\u0443\u0442 \u0441\u043e\u0432\u0441\u0435\u043c \u043d\u0435\u0431\u043e\u043b\u044c\u0448\u043e\u0439 (\u043f\u043e\u043a\u0430?), \u0442\u043e \u0432\u0440\u043e\u0434\u0435 \u043e\u043a. \u0432\u043e\u0442 \u0432 \u0440\u0430\u0431\u043e\u0447\u0435\u0439 team \u0437\u0430 \u043d\u043e\u0447\u044c \u0441\u043a\u0430\u043f\u043b\u0438\u0432\u0430\u0435\u0442\u0441\u044f \u043d\u0435\u0438\u043c\u043e\u0432\u0435\u0440\u043d\u043e\u0435 \u043a\u043e\u043b\u0438\u0447\u0435\u0441\u0442\u0432\u043e \u0441\u043e\u043e\u0431\u0449\u0435\u043d\u0438\u0439. \u043d\u0443 \u0442\u0430\u043c \u0438 \u043a\u0430\u043d\u0430\u043b\u043e\u0432 \u0432\u0441\u0435\u0433\u043e 600 \u0441 \u0447\u0435\u043c-\u0442\u043e :slightly_smiling_face:",
        "ts": "1464131602.000032"
    },
    {
        "type": "message",
        "user": "U1AP2R1QV",
        "text": "\u043e\u0442 \u0443\u043f\u043e\u043c\u044f\u043d\u0443\u0442\u043e\u0433\u043e \u043f\u0440\u043e\u0433\u0440\u0430\u043c\u043c\u0438\u0440\u043e\u0432\u0430\u043d\u0438\u044f \u0432\u0441\u0435\u0433\u0434\u0430 \u043c\u043e\u0436\u043d\u043e \u043e\u0442\u043f\u0438\u0441\u0430\u0442\u044c\u0441\u044f, \u0441\u0434\u0435\u043b\u0430\u0432 \/part (\u043d\u0435 \u0443 \u0432\u0441\u0435\u0445 IRC-\u043f\u0440\u043e\u0448\u043b\u043e\u0435, \u0432\u0435\u0440\u043e\u044f\u0442\u043d\u043e)",
        "ts": "1464131725.000033"
    },
    {
        "type": "message",
        "user": "U1BFVEDR8",
        "text": "\u044f \u0435\u0433\u043e \u0437\u0430\u0442\u043a\u043d\u0443\u043b - \u043d\u0430\u0436\u0430\u0432 \u043c\u044c\u044e\u0442",
        "ts": "1464133020.000034"
    },
    {
        "type": "message",
        "user": "U1AP2R1QV",
        "text": "\u043d\u0443 \u043e\u043d\u043e \u043f\u0440\u043e\u0441\u0442\u043e \u043c\u0435\u0441\u0442\u043e \u0441\u043f\u0440\u0430\u0432\u0430 \u0431\u0443\u0434\u0435\u0442 \u0437\u0430\u043d\u0438\u043c\u0430\u0442\u044c \u0432 \u0441\u043f\u0438\u0441\u043a\u0435",
        "ts": "1464133054.000035"
    },
    {
        "type": "message",
        "user": "U1AP2R1QV",
        "text": "\u201c\/part #channel_name\u201d\n\u0441\u043e\u0440\u0440\u0438 :slightly_smiling_face:",
        "ts": "1464133101.000036"
    },
    {
        "type": "message",
        "user": "U1BFVEDR8",
        "text": "\u0445\u043c. \u0441\u0434\u0435\u043b\u0430\u043b \u0442\u0430\u043c \u044d\u0442\u0443 \u043a\u043e\u043c\u0430\u043d\u0434\u0443. \u043c\u0435\u0441\u0442\u043e \u043f\u043e-\u043f\u0440\u0435\u0436\u043d\u0435\u043c\u0443 \u0437\u0430\u043d\u0438\u043c\u0430\u0435\u0442",
        "ts": "1464133102.000037"
    },
    {
        "type": "message",
        "user": "U1BFVEDR8",
        "text": "\u043d\u0443\u0436\u043d\u043e \u0441\u043b\u0430\u043a\u0431\u043e\u0442\u0443 \u043d\u0430\u043f\u0438\u0441\u0430\u0442\u044c?",
        "ts": "1464133116.000038"
    },
    {
        "type": "message",
        "user": "U1AP2R1QV",
        "text": "\u043f\u043e\u0441\u043b\u0435 \/part \u0434\u043e\u0431\u0430\u0432\u0438\u0442\u044c \u0435\u0449\u0451 <#C0JKY20TF>",
        "ts": "1464133146.000039"
    },
    {
        "type": "message",
        "user": "U1BFVEDR8",
        "text": "\u0443 \u0441\u043b\u0430\u043a\u0431\u043e\u0442\u0430? \u0442\u0430\u043a? \u044d\u0442\u043e \u044f \u043f\u043e\u043d\u044f\u043b \u0438 \u0441\u0434\u0435\u043b\u0430\u043b. \u0432\u0441\u0435 \u0440\u0430\u0432\u043d\u043e \u0432\u0438\u0441\u0438\u0442",
        "ts": "1464133228.000040"
    },
    {
        "type": "message",
        "user": "U1BFVEDR8",
        "text": "\u0430\u0433\u0430. \u0441\u043c\u043e\u0442\u0440\u044e \u0441\u043f\u0438\u0441\u043e\u043a \u043a\u043e\u043c\u0430\u043d\u0434. \u043f\u0440\u044f\u043c \u0440\u0438\u043b\u0438 \u0430\u0439-\u044d\u0440--\u0441\u0438.",
        "ts": "1464133291.000041"
    },
    {
        "type": "message",
        "user": "U1AP2R1QV",
        "text": "\u0442\u044b \u043d\u0430\u0431\u0440\u0430\u043b \u201c\/part <#C0JKY20TF> \u201c \u0431\u0435\u0437 \u043a\u0430\u0432\u044b\u0447\u0435\u043a?",
        "ts": "1464133301.000042"
    },
    {
        "type": "message",
        "user": "U1BFVEDR8",
        "text": "\u0434\u0430. \u0432 \u0441\u043f\u0438\u0441\u043a\u0435 \u043a\u043e\u043c\u0430\u043d\u0434 \u043f\u0430\u0440\u0442\u0430 \u043d\u0435\u0442, \u043a\u0441\u0442\u0430\u0442\u0438",
        "ts": "1464133415.000043"
    },
    {
        "type": "message",
        "user": "U1BFVEDR8",
        "text": "\u0441\u043b\u0443\u0448\u0430\u0439 \u044f \u0442\u0443\u043f\u043e\u0439. \u043d\u043e \u043d\u0435 \u043d\u0430\u0441\u0442\u043e\u043b\u044c\u043a\u043e \u043f\u0440\u043e\u0446\u0435\u0441\u0441 \u043e\u0442 \u0441\u0438\u0441\u0442.\u0431\u043b\u043e\u043a\u0430 \u043e\u0442\u043b\u0438\u0447\u0443 :slightly_smiling_face:",
        "ts": "1464133451.000044"
    },
    {
        "type": "message",
        "user": "U1AP2R1QV",
        "text": "\u043d\u0443 \u0432 \u0441\u043b\u0430\u043a\u0435 \u044d\u0442\u043e \u043f\u0441\u0435\u0432\u0434\u043e\u043d\u0438\u043c \u0434\u043b\u044f \/leave",
        "edited": {
            "user": "U1AP2R1QV",
            "ts": "1464133489.000000"
        },
        "ts": "1464133470.000045"
    },
    {
        "type": "message",
        "user": "U1BFVEDR8",
        "text": "\u043e. \u0432\u0441\u0435 \u0440\u0430\u0431\u043e\u0442\u0430\u0435\u0442",
        "ts": "1464133514.000047"
    },
    {
        "type": "message",
        "user": "U1AP2R1QV",
        "text": ":ok_hand:",
        "ts": "1464133530.000048"
    },
    {
        "type": "message",
        "user": "U1BFVEDR8",
        "text": "\u043e \u043a\u0430\u043a. \u0430 \u0430\u0440\u0445\u0438\u0432 \u043a\u0430\u043d\u0430\u043b\u0430 \u0442\u0438\u043f\u0430 \u0434\u0435\u043d\u0435\u0436\u043a\u0443 \u0441\u0442\u043e\u0438\u0442? \u043a\u0440\u0443\u0442\u043e \u0447\u043e",
        "ts": "1464133734.000049"
    },
    {
        "user": "U1BH89QTZ",
        "type": "message",
        "subtype": "channel_join",
        "text": "<@U1BH89QTZ|kat_djonson> has joined the channel",
        "ts": "1464154003.000050"
    },
    {
        "user": "U1BHGSVJ5",
        "type": "message",
        "subtype": "channel_join",
        "text": "<@U1BHGSVJ5|sheo> has joined the channel",
        "ts": "1464155753.000051"
    }
]