[
    {
        "user": "U2YS1GXV3",
        "text": "<@U2YS1GXV3|rollie> has joined the channel",
        "type": "message",
        "subtype": "channel_join",
        "ts": "1478337834.001247"
    },
    {
        "user": "U2Y48AL8Z",
        "text": "<@U2Y48AL8Z|borisshchekin> has joined the channel",
        "type": "message",
        "subtype": "channel_join",
        "ts": "1478347550.001248"
    },
    {
        "type": "message",
        "user": "U0G6DS4F8",
        "text": "\u044d\u0442\u043e\u0442 \u0441\u043c\u0430\u0439\u043b \u0442\u043e\u0436\u0435 \u0441\u0442\u043e\u0438\u0442 \u0432\u043d\u0435\u0441\u0442\u0438 \u0432 clippy",
        "attachments": [
            {
                "fallback": "[November 4th, 2016 5:03 PM] random: \u0434\u043e\u0431\u0430\u0432\u0438\u043b \u0438\u043a\u043e\u043d\u043a\u0443 :noize: - noize , \u0447\u0442\u043e\u0431\u044b \u0441\u0438\u0433\u043d\u0430\u043b\u0438\u0437\u0438\u0440\u043e\u0432\u0430\u0442\u044c \u0447\u0442\u043e \u043d\u0435 \u043d\u0430\u0434\u043e \u0443\u0445\u0443\u0434\u0448\u0430\u0442\u044c \u0441\u0438\u0433\u043d\u0430\u043b\/\u0448\u0443\u043c",
                "ts": "1478268217.001093",
                "author_subname": "random",
                "channel_id": "C0L93QKDZ",
                "channel_name": "meta",
                "is_msg_unfurl": true,
                "text": "\u0434\u043e\u0431\u0430\u0432\u0438\u043b \u0438\u043a\u043e\u043d\u043a\u0443 :noize: - noize , \u0447\u0442\u043e\u0431\u044b \u0441\u0438\u0433\u043d\u0430\u043b\u0438\u0437\u0438\u0440\u043e\u0432\u0430\u0442\u044c \u0447\u0442\u043e \u043d\u0435 \u043d\u0430\u0434\u043e \u0443\u0445\u0443\u0434\u0448\u0430\u0442\u044c \u0441\u0438\u0433\u043d\u0430\u043b\/\u0448\u0443\u043c",
                "author_name": "Andrey Frolov",
                "author_link": "https:\/\/lesswrongru.slack.com\/team\/random",
                "author_icon": "https:\/\/secure.gravatar.com\/avatar\/f2df5dfca4f1d8b01e12154079011757.jpg?s=48&d=https%3A%2F%2Fa.slack-edge.com%2F66f9%2Fimg%2Favatars%2Fava_0013-48.png",
                "mrkdwn_in": [
                    "text"
                ],
                "color": "D0D0D0",
                "from_url": "https:\/\/lesswrongru.slack.com\/archives\/meta\/p1478268217001093",
                "is_share": true,
                "footer": "Posted in #meta"
            }
        ],
        "ts": "1478366412.001250"
    },
    {
        "type": "message",
        "user": "U2Q17MG00",
        "text": "<@U0G6DS4F8> \u0410 \u0433\u0434\u0435 \u043c\u043e\u0436\u043d\u043e \u043f\u0440\u043e\u0447\u0438\u0442\u0430\u0442\u044c \u043f\u0440\u043e \u041e\u0420\u041a\/\u0424\u041e\u0420\u041a? \u042f \u0432\u0438\u0434\u0435\u043b \u0441\u0441\u044b\u043b\u043a\u0443, \u043d\u043e \u0443\u0436\u0435 \u043d\u0435 \u043c\u043e\u0433\u0443 \u043d\u0430\u0439\u0442\u0438.",
        "ts": "1478366851.001251"
    },
    {
        "type": "message",
        "user": "U0G6DS4F8",
        "text": "<http:\/\/kocherga-club.ru\/space#fork>",
        "attachments": [
            {
                "title": "\u041f\u0440\u043e\u0441\u0442\u0440\u0430\u043d\u0441\u0442\u0432\u043e",
                "title_link": "http:\/\/kocherga-club.ru\/space#fork",
                "text": "\u041e\u043f\u0438\u0441\u0430\u043d\u0438\u0435 \u043f\u0440\u043e\u0441\u0442\u0440\u0430\u043d\u0441\u0442\u0432\u0430 \u041a\u043e\u0447\u0435\u0440\u0433\u0438",
                "fallback": "\u041f\u0440\u043e\u0441\u0442\u0440\u0430\u043d\u0441\u0442\u0432\u043e",
                "image_url": "https:\/\/static.tildacdn.com\/36d2150a-683f-4adb-b08f-25d1a8606828\/1f59360ff47b4c8980a533fe11a9c95f.png",
                "from_url": "http:\/\/kocherga-club.ru\/space#fork",
                "image_width": 423,
                "image_height": 250,
                "image_bytes": 465072,
                "service_icon": "http:\/\/tilda.ws\/img\/tildafavicon.ico",
                "service_name": "kocherga-club.ru",
                "id": 1
            }
        ],
        "ts": "1478366884.001252"
    },
    {
        "type": "message",
        "user": "U0G6DS4F8",
        "text": "\u041e\u0420\u041a, \u043f\u043e\u0442\u043e\u043c\u0443 \u0447\u0442\u043e \u0444\u0438\u0437\u0438\u0447\u0435\u0441\u043a\u043e\u0435 \u0432\u0437\u0430\u0438\u043c\u043e\u0434\u0435\u0439\u0441\u0442\u0432\u0438\u0435 \u0432 \u0447\u0430\u0442\u0435 \u043a\u0430\u043a-\u0442\u043e \u0441\u043e\u043c\u043d\u0438\u0442\u0435\u043b\u044c\u043d\u043e",
        "ts": "1478366919.001254"
    },
    {
        "type": "message",
        "user": "U0F6P8JAG",
        "text": "\u041f\u0440\u043e :noize: \u0432 clippy - \u044f \u0431\u044b \u043f\u043e\u0434\u043e\u0436\u0434\u0430\u043b \u043d\u0435\u0434\u0435\u043b\u044e-\u0434\u0432\u0435, \u0447\u0442\u043e\u0431\u044b \u0443\u0431\u0435\u0434\u0438\u0442\u044c\u0441\u044f, \u0447\u0442\u043e \u043e\u043d\u0430 \u043f\u0440\u0438\u0436\u0438\u043b\u0430\u0441\u044c, \u043f\u0440\u0435\u0436\u0434\u0435 \u0447\u0435\u043c \u0434\u043e\u0431\u0430\u0432\u043b\u044f\u0442\u044c.",
        "ts": "1478375592.001255"
    },
    {
        "type": "message",
        "user": "U0FGKCY31",
        "text": "<@U0FD5HC1F> \u044d\u0442\u043e \u043a\u0430\u043a \u0445\u0430\u043e\u0441 \u0442\u043e\u043b\u044c\u043a\u043e \u0431\u0435\u0437 \"\u0441\u043e\u0442\u043e\u043d\u0438\u0437\u043c\u0430\"?\n<https:\/\/lesswrongru.slack.com\/archives\/announcements\/p1478376960000144>",
        "attachments": [
            {
                "from_url": "https:\/\/lesswrongru.slack.com\/archives\/announcements\/p1478376960000144",
                "fallback": "[November 5th, 2016 1:16 PM] quilfe: \u0422\u043e\u043b\u044c\u043a\u043e \u0447\u0442\u043e \u0441\u043e\u0437\u0434\u0430\u043b <#C2YUED7UM|warm_fuzzies_room>. \u042d\u0442\u043e \u043a\u0430\u043d\u0430\u043b, \u043d\u0435 \u043f\u043e\u0441\u0432\u044f\u0449\u0435\u043d\u043d\u044b\u0439 \u043f\u0440\u0435\u0434\u043c\u0435\u0442\u043d\u044b\u043c \u043e\u0431\u0441\u0443\u0436\u0434\u0435\u043d\u0438\u044f\u043c. \u0422\u0430\u043c \u043c\u043e\u0436\u043d\u043e \u0440\u0430\u0437\u0433\u043e\u0432\u0430\u0440\u0438\u0432\u0430\u0442\u044c \u0434\u0440\u0443\u0433 \u0441 \u0434\u0440\u0443\u0433\u043e\u043c \u043a\u0430\u043a \u0431\u044b \u0437\u0430 \u0447\u0430\u0435\u043c, \u0440\u0430\u0441\u0441\u043a\u0430\u0437\u044b\u0432\u0430\u0442\u044c \u0438\u0441\u0442\u043e\u0440\u0438\u0438 \u0438\u0437 \u0436\u0438\u0437\u043d\u0438, \u0434\u0435\u043b\u0438\u0442\u044c\u0441\u044f \u0447\u0443\u0432\u0441\u0442\u0432\u0430\u043c\u0438 \u0438 \u043f\u0440\u043e\u0431\u043b\u0435\u043c\u0430\u043c\u0438. \u0422\u0430\u043c \u043d\u0435 \u0442\u0440\u0435\u0431\u0443\u044e\u0442 \u00ab\u0434\u0435\u043b\u044c\u0442\u044b\u00bb \u0438 \u043d\u0435 \u0432\u044b\u043f\u044b\u0442\u044b\u0432\u0430\u044e\u0442, \u0437\u0430\u0447\u0435\u043c \u0432\u044b \u0447\u0442\u043e-\u0442\u043e \u0441\u043a\u0430\u0437\u0430\u043b\u0438. \u0412\u044b\u0440\u0430\u0436\u0430\u044e\u0442 \u044d\u043c\u043e\u0446\u0438\u0438, \u0436\u0430\u043b\u0443\u044e\u0442\u0441\u044f \u043d\u0430 \u0436\u0438\u0437\u043d\u044c, \u0442\u0440\u0435\u043f\u043b\u044e\u0442\u0441\u044f \u043d\u0438 \u043e \u0447\u0451\u043c. \u0411\u043e\u043b\u0435\u0435 \u043f\u043e\u043b\u043d\u043e\u0435 \u043e\u043f\u0438\u0441\u0430\u043d\u0438\u0435 \u043a\u0430\u043d\u0430\u043b\u0430 \u0438 \u0435\u0433\u043e \u043f\u0440\u0430\u0432\u0438\u043b\u0430 (\u0434\u0430, \u043e\u043d\u0438 \u0435\u0441\u0442\u044c) - \u0432 \u043d\u0451\u043c \u0441\u0430\u043c\u043e\u043c.",
                "ts": "1478376960.000144",
                "author_subname": "quilfe",
                "channel_id": "C0CTD63D2",
                "channel_name": "announcements",
                "is_msg_unfurl": true,
                "text": "\u0422\u043e\u043b\u044c\u043a\u043e \u0447\u0442\u043e \u0441\u043e\u0437\u0434\u0430\u043b <#C2YUED7UM|warm_fuzzies_room>. \u042d\u0442\u043e \u043a\u0430\u043d\u0430\u043b, \u043d\u0435 \u043f\u043e\u0441\u0432\u044f\u0449\u0435\u043d\u043d\u044b\u0439 \u043f\u0440\u0435\u0434\u043c\u0435\u0442\u043d\u044b\u043c \u043e\u0431\u0441\u0443\u0436\u0434\u0435\u043d\u0438\u044f\u043c. \u0422\u0430\u043c \u043c\u043e\u0436\u043d\u043e \u0440\u0430\u0437\u0433\u043e\u0432\u0430\u0440\u0438\u0432\u0430\u0442\u044c \u0434\u0440\u0443\u0433 \u0441 \u0434\u0440\u0443\u0433\u043e\u043c \u043a\u0430\u043a \u0431\u044b \u0437\u0430 \u0447\u0430\u0435\u043c, \u0440\u0430\u0441\u0441\u043a\u0430\u0437\u044b\u0432\u0430\u0442\u044c \u0438\u0441\u0442\u043e\u0440\u0438\u0438 \u0438\u0437 \u0436\u0438\u0437\u043d\u0438, \u0434\u0435\u043b\u0438\u0442\u044c\u0441\u044f \u0447\u0443\u0432\u0441\u0442\u0432\u0430\u043c\u0438 \u0438 \u043f\u0440\u043e\u0431\u043b\u0435\u043c\u0430\u043c\u0438. \u0422\u0430\u043c \u043d\u0435 \u0442\u0440\u0435\u0431\u0443\u044e\u0442 \u00ab\u0434\u0435\u043b\u044c\u0442\u044b\u00bb \u0438 \u043d\u0435 \u0432\u044b\u043f\u044b\u0442\u044b\u0432\u0430\u044e\u0442, \u0437\u0430\u0447\u0435\u043c \u0432\u044b \u0447\u0442\u043e-\u0442\u043e \u0441\u043a\u0430\u0437\u0430\u043b\u0438. \u0412\u044b\u0440\u0430\u0436\u0430\u044e\u0442 \u044d\u043c\u043e\u0446\u0438\u0438, \u0436\u0430\u043b\u0443\u044e\u0442\u0441\u044f \u043d\u0430 \u0436\u0438\u0437\u043d\u044c, \u0442\u0440\u0435\u043f\u043b\u044e\u0442\u0441\u044f \u043d\u0438 \u043e \u0447\u0451\u043c. \u0411\u043e\u043b\u0435\u0435 \u043f\u043e\u043b\u043d\u043e\u0435 \u043e\u043f\u0438\u0441\u0430\u043d\u0438\u0435 \u043a\u0430\u043d\u0430\u043b\u0430 \u0438 \u0435\u0433\u043e \u043f\u0440\u0430\u0432\u0438\u043b\u0430 (\u0434\u0430, \u043e\u043d\u0438 \u0435\u0441\u0442\u044c) - \u0432 \u043d\u0451\u043c \u0441\u0430\u043c\u043e\u043c.",
                "author_name": "Vitaly Bormotov",
                "author_link": "https:\/\/lesswrongru.slack.com\/team\/quilfe",
                "author_icon": "https:\/\/secure.gravatar.com\/avatar\/488fb0614d5b167060b91cd15f19bb3d.jpg?s=48&d=https%3A%2F%2Fa.slack-edge.com%2F66f9%2Fimg%2Favatars%2Fava_0018-48.png",
                "mrkdwn_in": [
                    "text"
                ],
                "id": 1,
                "footer": "Posted in #announcements"
            }
        ],
        "ts": "1478377250.001256",
        "reactions": [
            {
                "name": "thinking_face",
                "users": [
                    "U0FD5HC1F"
                ],
                "count": 1
            }
        ]
    },
    {
        "type": "message",
        "user": "U0FD5HC1F",
        "text": "\u0410 \u043c\u043e\u0436\u043d\u043e \u043a\u0430\u043a\u0438\u043c-\u043d\u0438\u0431\u0443\u0434\u044c \u043d\u0435\u0441\u043b\u043e\u0436\u043d\u044b\u043c \u0441\u043f\u043e\u0441\u043e\u0431\u043e\u043c \u0431\u043e\u0442\u0430 \u043d\u0430\u0441\u0442\u0440\u043e\u0438\u0442\u044c \u043d\u0430 \u0442\u043e, \u0447\u0442\u043e\u0431\u044b \u043f\u043e \u043a\u0430\u043a\u043e\u0439-\u043d\u0438\u0431\u0443\u0434\u044c \u043a\u043e\u043c\u0430\u043d\u0434\u0435 \u043e\u043d, \u0441\u043a\u0430\u0436\u0435\u043c, \u0442\u043e\u043b\u044c\u043a\u043e \u0432  <#C2YUED7UM|warm_fuzzies_room> \u0432\u044b\u0434\u0430\u0432\u0430\u043b \u0435\u0433\u043e \u043f\u0440\u0430\u0432\u0438\u043b\u0430, \u0447\u0442\u043e\u0431\u044b \u043d\u0435 \u0432\u043e\u0437\u0438\u0442\u044c\u0441\u044f \u0441 \u0438\u0445 \u043f\u0443\u0431\u043b\u0438\u043a\u0430\u0446\u0438\u0435\u0439 \u0433\u0434\u0435-\u0442\u043e \u0432\u043e\u0432\u043d\u0435? \u0418\u043b\u0438, \u043d\u0430\u043f\u0440\u0438\u043c\u0435\u0440, \u0432\u043e\u043e\u0431\u0449\u0435 \u0441\u0434\u0435\u043b\u0430\u0442\u044c \u043a\u043e\u043c\u0430\u043d\u0434\u0443 \u0442\u0438\u043f\u0430 \/about, \u043a\u043e\u0442\u043e\u0440\u0430\u044f \u0431\u0443\u0434\u0435\u0442 \u0432\u044b\u0434\u0430\u0432\u0430\u0442\u044c \u0440\u0430\u0437\u043d\u044b\u0439  \u043d\u0430\u0441\u0442\u0440\u0430\u0438\u0432\u0430\u0435\u043c\u044b\u0439 \u0442\u0435\u043a\u0441\u0442 \u0434\u043b\u044f \u0440\u0430\u0437\u043d\u044b\u0445 \u043a\u0430\u043d\u0430\u043b\u043e\u0432?",
        "edited": {
            "user": "U0FD5HC1F",
            "ts": "1478380569.000000"
        },
        "ts": "1478380557.001258"
    },
    {
        "type": "message",
        "user": "U0FD5HC1F",
        "text": "\u0418 \u043d\u0435 \u0442\u0430\u043a, \u0447\u0442\u043e\u0431\u044b \u044d\u0442\u043e \u0431\u044b\u043b\u043e \u043c\u043d\u043e\u0433\u043e \u0440\u0430\u0437\u043d\u044b\u0445 \u0431\u043e\u0442\u043e\u0432.",
        "ts": "1478380613.001260"
    },
    {
        "type": "message",
        "user": "U0F6P8JAG",
        "text": "<@U0FD5HC1F>: \u0434\u0430, \u044d\u0442\u043e \u043d\u0435 \u043e\u0447\u0435\u043d\u044c \u0441\u043b\u043e\u0436\u043d\u043e.",
        "ts": "1478380625.001261"
    },
    {
        "type": "message",
        "user": "U0FD5HC1F",
        "text": "\u0432 <https:\/\/github.com\/lesswrong-ru\/clippy\/> \u043f\u0443\u043b\u043b-\u0440\u0435\u043a\u0432\u0435\u0441\u0442\u0438\u0442\u044c?",
        "attachments": [
            {
                "service_name": "GitHub",
                "title": "lesswrong-ru\/clippy",
                "title_link": "https:\/\/github.com\/lesswrong-ru\/clippy\/",
                "text": "clippy - Hubot for lesswrongru slack team",
                "fallback": "GitHub: lesswrong-ru\/clippy",
                "thumb_url": "https:\/\/avatars2.githubusercontent.com\/u\/7881186?v=3&s=400",
                "from_url": "https:\/\/github.com\/lesswrong-ru\/clippy\/",
                "thumb_width": 420,
                "thumb_height": 420,
                "service_icon": "https:\/\/github.com\/apple-touch-icon.png",
                "id": 1
            }
        ],
        "ts": "1478380676.001262"
    },
    {
        "type": "message",
        "user": "U0F6P8JAG",
        "text": "\u0430\u0433\u0430\n\u0435\u0441\u043b\u0438 \u0441\u0434\u0435\u043b\u0430\u0442\u044c getChannel \u0438 \u043f\u043e\u0442\u043e\u043c \u0437\u0430\u0433\u043b\u044f\u043d\u0443\u0442\u044c \u0432\u043d\u0443\u0442\u0440\u044c \u043e\u0431\u044a\u0435\u043a\u0442\u0430, \u0442\u043e \u043c\u043e\u0436\u043d\u043e \u0438\u0437\u0432\u043b\u0435\u0447\u044c \u0438\u043c\u044f \u043a\u0430\u043d\u0430\u043b\u0430, \u0438 \u043f\u043e\u0442\u043e\u043c \u043e\u0442\u043a\u043b\u0438\u043a\u0430\u0442\u044c\u0441\u044f \u043d\u0430 \u043d\u0435\u0433\u043e",
        "ts": "1478380769.001264"
    },
    {
        "type": "message",
        "user": "U0F6P8JAG",
        "text": "<https:\/\/github.com\/lesswrong-ru\/clippy\/blob\/master\/scripts\/main.coffee> - \u0444\u0443\u043d\u043a\u0446\u0438\u044f getChannel \u043e\u043f\u0440\u0435\u0434\u0435\u043b\u0435\u043d\u0430 \u0442\u0443\u0442",
        "attachments": [
            {
                "service_name": "GitHub",
                "title": "lesswrong-ru\/clippy",
                "title_link": "https:\/\/github.com\/lesswrong-ru\/clippy\/blob\/master\/scripts\/main.coffee",
                "text": "clippy - Hubot for lesswrongru slack team",
                "fallback": "GitHub: lesswrong-ru\/clippy",
                "thumb_url": "https:\/\/avatars2.githubusercontent.com\/u\/7881186?v=3&s=400",
                "from_url": "https:\/\/github.com\/lesswrong-ru\/clippy\/blob\/master\/scripts\/main.coffee",
                "thumb_width": 420,
                "thumb_height": 420,
                "service_icon": "https:\/\/github.com\/apple-touch-icon.png",
                "id": 1
            }
        ],
        "ts": "1478380779.001265",
        "reactions": [
            {
                "name": "+1",
                "users": [
                    "U0FD5HC1F"
                ],
                "count": 1
            }
        ]
    },
    {
        "type": "message",
        "user": "U0F6P8JAG",
        "text": "\u043d\u0435 \u0437\u043d\u0430\u044e \u0442\u043e\u043b\u044c\u043a\u043e, \u043a\u0430\u043a \u0442\u044b \u0431\u0443\u0434\u0435\u0448\u044c \u043e\u0442\u043b\u0430\u0436\u0438\u0432\u0430\u0442\u044c \u043a\u043e\u0434",
        "ts": "1478380800.001267"
    },
    {
        "type": "message",
        "user": "U0F6P8JAG",
        "text": "\u0422\u043e \u0435\u0441\u0442\u044c \u0434\u0432\u0430\u0436\u0434\u044b \u0435\u0433\u043e \u0437\u0430\u043f\u0443\u0441\u0442\u0438\u0442\u044c \u043d\u0435 \u043f\u043e\u043b\u0443\u0447\u0438\u0442\u0441\u044f. \u041d\u043e \u043c\u043e\u0436\u043d\u043e \u043f\u043e\u0434 \u0434\u0440\u0443\u0433\u0438\u043c \u0438\u043c\u0435\u043d\u0435\u043c. \u041d\u043e \u043d\u0435 \u0437\u043d\u0430\u044e, \u043f\u043e\u0437\u0432\u043e\u043b\u0438\u0442 \u043b\u0438 \u0441\u043b\u0430\u043a \u043a\u043e\u043d\u043d\u0435\u043a\u0442\u0438\u0442\u044c \u0434\u0432\u0443\u0445 \u0431\u043e\u0442\u043e\u0432 \u043f\u043e \u043e\u0434\u043d\u043e\u043c\u0443 \u0438 \u0442\u043e\u043c\u0443 \u0436\u0435 \u0442\u043e\u043a\u0435\u043d\u0443, \u0442\u0430\u043a \u0447\u0442\u043e \u0432\u043e\u0437\u043c\u043e\u0436\u043d\u043e \u0442\u0435\u0431\u0435 \u043f\u0440\u0438\u0434\u0451\u0442\u0441\u044f \u043f\u043e\u043b\u0443\u0447\u0438\u0442\u044c \u0442\u043e\u043a\u0435\u043d, \u0430 \u0434\u043b\u044f \u044d\u0442\u043e\u0433\u043e \u043c\u043e\u0436\u0435\u0442 \u043f\u043e\u043d\u0430\u0434\u043e\u0431\u0438\u0442\u044c\u0441\u044f \u043e\u0442\u043a\u043b\u044e\u0447\u0438\u0442\u044c \u043d\u0435\u043d\u0443\u0436\u043d\u0443\u044e \u0438\u043d\u0442\u0435\u0433\u0440\u0430\u0446\u0438\u044e, \u043f\u043e\u0442\u043e\u043c\u0443 \u0447\u0442\u043e \u043d\u0430 \u0438\u043d\u0442\u0435\u0433\u0440\u0430\u0446\u0438\u0438 \u0441\u0435\u0439\u0447\u0430\u0441 \u043b\u0438\u043c\u0438\u0442.",
        "ts": "1478380845.001268"
    },
    {
        "type": "message",
        "user": "U0FD5HC1F",
        "text": "\u0410 \u0441\u0435\u0433\u043e\u0434\u043d\u044f\u0448\u043d\u0443\u044e \u0441\u043f\u0440\u0430\u0432\u043a\u0443 \u043f\u0440\u043e \u044d\u043c\u043e\u0434\u0437\u0438 \u0432\u044b \u043f\u0440\u044f\u043c\u043e \u043d\u0430 \u0433\u043e\u0440\u044f\u0447\u0443\u044e \u043e\u0442\u043b\u0430\u0436\u0438\u0432\u0430\u043b\u0438?",
        "ts": "1478380884.001269"
    },
    {
        "type": "message",
        "user": "U0F6P8JAG",
        "text": "\u0443\u0433\u0443",
        "ts": "1478380909.001270"
    }
]