[
    {
        "user": "U2MKPHGDS",
        "text": "<@U2MKPHGDS|gryphon> has left the channel",
        "type": "message",
        "subtype": "channel_leave",
        "ts": "1478514627.001276"
    },
    {
        "user": "U2ZTEFXAT",
        "text": "<@U2ZTEFXAT|kuromaru> has joined the channel",
        "type": "message",
        "subtype": "channel_join",
        "ts": "1478525113.001277"
    },
    {
        "user": "U2ZTZNJKY",
        "text": "<@U2ZTZNJKY|archy> has joined the channel",
        "type": "message",
        "subtype": "channel_join",
        "ts": "1478529204.001278"
    },
    {
        "user": "U2Z8ASUKC",
        "text": "<@U2Z8ASUKC|alexanderaa> has joined the channel",
        "type": "message",
        "subtype": "channel_join",
        "ts": "1478529841.001279"
    },
    {
        "type": "message",
        "user": "U0F6P8JAG",
        "text": "\u042f \u0432\u0441\u0451 \u0436\u0435 \u0441\u0434\u0435\u043b\u0430\u043b \u043e\u0442\u0434\u0435\u043b\u044c\u043d\u044b\u0439 <#C2YH2LN80|welcome> \u0434\u043b\u044f \u043f\u0440\u0438\u0432\u0435\u0442\u0441\u0442\u0432\u0438\u0439 \u043d\u043e\u0432\u0438\u0447\u043a\u0430\u043c.",
        "ts": "1478530969.001280"
    },
    {
        "type": "message",
        "user": "U0F6P8JAG",
        "text": "\u0410 \u0442\u043e \u0431\u0435\u0441\u043a\u043e\u043d\u0435\u0447\u043d\u044b\u0435 \u043f\u0440\u0438\u0432\u0435\u0442\u044b \u0437\u0430\u0448\u0443\u043c\u043b\u044f\u044e\u0442 <#C0CTD63DJ|open>. \u041a\u0430\u043d\u0430\u043b \u0434\u0435\u0444\u043e\u043b\u0442\u043d\u044b\u0439, \u043d\u043e \u0442\u0435, \u043a\u0442\u043e \u0443\u0436\u0435 \u0435\u0441\u0442\u044c \u0432 \u0441\u043b\u0430\u043a\u0435, \u0430\u0432\u0442\u043e\u043c\u0430\u0442\u043e\u043c \u0442\u0443\u0434\u0430 \u043d\u0435 \u0434\u043e\u0431\u0430\u0432\u044f\u0442\u0441\u044f. \u041f\u0440\u0438\u0432\u0435\u0442\u0441\u0442\u0432\u0443\u044e\u0449\u0438\u0435, \u0437\u0430\u0445\u043e\u0434\u0438\u0442\u0435 \u0442\u0443\u0434\u0430 \u0441\u0430\u043c\u0438.",
        "ts": "1478531071.001281"
    },
    {
        "type": "message",
        "user": "U0D0R0D4P",
        "text": "\u0422\u044b \u0441\u043c\u043e\u0433 \u0443\u0441\u0442\u0440\u043e\u0438\u0442\u044c \u0442\u0430\u043a, \u0447\u0442\u043e\u0431\u044b \u043d\u043e\u0432\u0438\u0447\u043a\u0438 \u0441\u0440\u0430\u0437\u0443 \u0432 \u0432 \u043f\u0440\u0438\u0432\u0435\u0442\u0441\u0442\u0432\u0435\u043d\u043d\u044b\u0439 \u043a\u0430\u043d\u0430\u043b \u043f\u043e\u043f\u0430\u0434\u0430\u043b\u0438?",
        "ts": "1478531112.001282"
    },
    {
        "type": "message",
        "user": "U0F6P8JAG",
        "text": "\u0414\u0430, \u044d\u0442\u043e \u0447\u0435\u0440\u0435\u0437 default channels \u0434\u0435\u043b\u0430\u0435\u0442\u0441\u044f.",
        "ts": "1478531157.001283"
    },
    {
        "type": "message",
        "subtype": "file_share",
        "text": "<@U0F6P8JAG|berekuk> uploaded a file: <https:\/\/lesswrongru.slack.com\/files\/berekuk\/F2ZUUQLGP\/screen_shot_2016-11-07_at_18.05.42.png|Default channels>",
        "file": {
            "id": "F2ZUUQLGP",
            "created": 1478531168,
            "timestamp": 1478531168,
            "name": "Screen Shot 2016-11-07 at 18.05.42.png",
            "title": "Default channels",
            "mimetype": "image\/png",
            "filetype": "png",
            "pretty_type": "PNG",
            "user": "U0F6P8JAG",
            "editable": false,
            "size": 82280,
            "mode": "hosted",
            "is_external": false,
            "external_type": "",
            "is_public": true,
            "public_url_shared": false,
            "display_as_bot": false,
            "username": "",
            "url_private": "https:\/\/files.slack.com\/files-pri\/T0CTD4Q0K-F2ZUUQLGP\/screen_shot_2016-11-07_at_18.05.42.png?t=xoxe-12931160019-103607625319-102215183440-059257f7d7",
            "url_private_download": "https:\/\/files.slack.com\/files-pri\/T0CTD4Q0K-F2ZUUQLGP\/download\/screen_shot_2016-11-07_at_18.05.42.png?t=xoxe-12931160019-103607625319-102215183440-059257f7d7",
            "thumb_64": "https:\/\/files.slack.com\/files-tmb\/T0CTD4Q0K-F2ZUUQLGP-c9c0b0ae64\/screen_shot_2016-11-07_at_18.05.42_64.png?t=xoxe-12931160019-103607625319-102215183440-059257f7d7",
            "thumb_80": "https:\/\/files.slack.com\/files-tmb\/T0CTD4Q0K-F2ZUUQLGP-c9c0b0ae64\/screen_shot_2016-11-07_at_18.05.42_80.png?t=xoxe-12931160019-103607625319-102215183440-059257f7d7",
            "thumb_360": "https:\/\/files.slack.com\/files-tmb\/T0CTD4Q0K-F2ZUUQLGP-c9c0b0ae64\/screen_shot_2016-11-07_at_18.05.42_360.png?t=xoxe-12931160019-103607625319-102215183440-059257f7d7",
            "thumb_360_w": 360,
            "thumb_360_h": 99,
            "thumb_480": "https:\/\/files.slack.com\/files-tmb\/T0CTD4Q0K-F2ZUUQLGP-c9c0b0ae64\/screen_shot_2016-11-07_at_18.05.42_480.png?t=xoxe-12931160019-103607625319-102215183440-059257f7d7",
            "thumb_480_w": 480,
            "thumb_480_h": 132,
            "thumb_160": "https:\/\/files.slack.com\/files-tmb\/T0CTD4Q0K-F2ZUUQLGP-c9c0b0ae64\/screen_shot_2016-11-07_at_18.05.42_160.png?t=xoxe-12931160019-103607625319-102215183440-059257f7d7",
            "thumb_720": "https:\/\/files.slack.com\/files-tmb\/T0CTD4Q0K-F2ZUUQLGP-c9c0b0ae64\/screen_shot_2016-11-07_at_18.05.42_720.png?t=xoxe-12931160019-103607625319-102215183440-059257f7d7",
            "thumb_720_w": 720,
            "thumb_720_h": 198,
            "thumb_960": "https:\/\/files.slack.com\/files-tmb\/T0CTD4Q0K-F2ZUUQLGP-c9c0b0ae64\/screen_shot_2016-11-07_at_18.05.42_960.png?t=xoxe-12931160019-103607625319-102215183440-059257f7d7",
            "thumb_960_w": 960,
            "thumb_960_h": 265,
            "thumb_1024": "https:\/\/files.slack.com\/files-tmb\/T0CTD4Q0K-F2ZUUQLGP-c9c0b0ae64\/screen_shot_2016-11-07_at_18.05.42_1024.png?t=xoxe-12931160019-103607625319-102215183440-059257f7d7",
            "thumb_1024_w": 1024,
            "thumb_1024_h": 282,
            "image_exif_rotation": 1,
            "original_w": 1626,
            "original_h": 448,
            "permalink": "https:\/\/lesswrongru.slack.com\/files\/berekuk\/F2ZUUQLGP\/screen_shot_2016-11-07_at_18.05.42.png",
            "permalink_public": "https:\/\/slack-files.com\/T0CTD4Q0K-F2ZUUQLGP-3daa201bbc",
            "channels": [
                "C0L93QKDZ"
            ],
            "groups": [
    
            ],
            "ims": [
    
            ],
            "comments_count": 0
        },
        "user": "U0F6P8JAG",
        "upload": true,
        "display_as_bot": false,
        "username": "<@U0F6P8JAG|berekuk>",
        "bot_id": null,
        "ts": "1478531173.001284"
    },
    {
        "type": "message",
        "user": "U0F6P8JAG",
        "text": "\u0422\u0435\u043a\u0443\u0449\u0438\u0439 \u0441\u043f\u0438\u0441\u043e\u043a \u043c\u043d\u0435 \u043d\u0435 \u043d\u0440\u0430\u0432\u0438\u0442\u0441\u044f, \u043a\u0441\u0442\u0430\u0442\u0438. \u041f\u043e\u0436\u0430\u043b\u0443\u0439, \u044f \u0431\u044b \u0443\u0431\u0440\u0430\u043b \u0438\u0437 \u043d\u0435\u0433\u043e \u0432\u0441\u0451, \u043a\u0440\u043e\u043c\u0435 <#C0CTD63DJ|open>, <#C2YH2LN80|welcome> \u0438 <#C0E2XC7B5|rationality>.",
        "edited": {
            "user": "U0F6P8JAG",
            "ts": "1478531244.000000"
        },
        "ts": "1478531199.001285",
        "reactions": [
            {
                "name": "heavy_plus_sign",
                "users": [
                    "U2KS93BC2",
                    "U0G00FWH2",
                    "U0D0R0D4P"
                ],
                "count": 3
            },
            {
                "name": "thinking_face",
                "users": [
                    "U0FGKCY31",
                    "U0FD5HC1F"
                ],
                "count": 2
            },
            {
                "name": "+1::skin-tone-6",
                "users": [
                    "U0G0KMGKH"
                ],
                "count": 1
            }
        ]
    },
    {
        "type": "message",
        "user": "U0GBBAD1P",
        "text": "\u044f \u0431\u044b \u0438\u0437 \u043d\u0435\u0433\u043e \u043e\u0441\u0442\u0430\u0432\u0438\u043b <#C0L93QKDZ|meta> <#C0CTD63DJ|open>  <#C2YH2LN80|welcome>",
        "ts": "1478531257.001287"
    },
    {
        "type": "message",
        "user": "U0F6P8JAG",
        "text": "\u0412\u043e\u0437\u043c\u043e\u0436\u043d\u043e, <#C0L93QKDZ|meta> \u0442\u043e\u0436\u0435. \u0412\u043e\u0437\u043c\u043e\u0436\u043d\u043e, <#C2UMDE0KS|real_life_advice>.",
        "ts": "1478531272.001288",
        "reactions": [
            {
                "name": "heavy_plus_sign",
                "users": [
                    "U0GQ50ESU",
                    "U0D0R0D4P",
                    "U2T2K1NPR"
                ],
                "count": 3
            }
        ]
    },
    {
        "type": "message",
        "user": "U0F6P8JAG",
        "text": "<#C0GAPLUDQ|math> \u0438 <#C0CTKLYSE|translations> \u044f\u0432\u043d\u043e \u043b\u0438\u0448\u043d\u0438\u0435, \u0438 <#C0G5L1EP4|reading> \u043f\u043e-\u043c\u043e\u0435\u043c\u0443 \u0442\u043e\u0436\u0435 \u043b\u0438\u0448\u043d\u0438\u0439, \u043f\u043e\u0442\u043e\u043c\u0443 \u0447\u0442\u043e \u043f\u043e\u043b\u0443\u0434\u043e\u0445\u043b\u044b\u0439.",
        "ts": "1478531291.001289"
    },
    {
        "type": "message",
        "user": "U0F6P8JAG",
        "text": "\u041f\u043e\u0434\u0443\u043c\u0430\u043b \u0435\u0449\u0451: \u043e\u043a, <#C0L93QKDZ|meta> \u0442\u043e\u0447\u043d\u043e \u043d\u0443\u0436\u0435\u043d \u0432 \u0443\u043c\u043e\u043b\u0447\u0430\u043b\u044c\u043d\u044b\u0445, \u0447\u0442\u043e\u0431\u044b \u0432 \u043d\u0435\u0433\u043e \u043c\u043e\u0433\u043b\u0438 \u0437\u0430\u0434\u0430\u0432\u0430\u0442\u044c \u0432\u043e\u043f\u0440\u043e\u0441\u044b \u043f\u043e \u0441\u043b\u0430\u043a\u0443.",
        "ts": "1478531331.001290"
    },
    {
        "type": "message",
        "user": "U0F6P8JAG",
        "text": "\u0421\u043e\u0431\u0441\u0442\u0432\u0435\u043d\u043d\u043e, \u0442\u0430\u043a \u0438 \u0441\u0434\u0435\u043b\u0430\u043b:\n<#C0L93QKDZ|meta>, <#C0CTD63DJ|open>, <#C2YH2LN80|welcome>, <#C0E2XC7B5|rationality>, <#C2UMDE0KS|real_life_advice>.",
        "ts": "1478531425.001291",
        "reactions": [
            {
                "name": "+1",
                "users": [
                    "U0D0R0D4P"
                ],
                "count": 1
            },
            {
                "name": "heavy_minus_sign",
                "users": [
                    "U0GBBAD1P"
                ],
                "count": 1
            },
            {
                "name": "heavy_plus_sign",
                "users": [
                    "U0G0JFJTA"
                ],
                "count": 1
            }
        ]
    },
    {
        "type": "message",
        "user": "U0F6P8JAG",
        "text": "\u041d\u0443 \u0438 \u043d\u0430\u0434\u043e \u0431\u0443\u0434\u0435\u0442 \u0434\u043e\u0440\u0430\u0431\u043e\u0442\u0430\u0442\u044c <@U2YKSFWBV>, \u0447\u0442\u043e\u0431\u044b \u043e\u043d \u043f\u0438\u0441\u0430\u043b \u0432 \u043b\u0438\u0447\u043a\u0443 \u043f\u0440\u0438 \u0440\u0435\u0433\u0438\u0441\u0442\u0440\u0430\u0446\u0438\u0438:\n- \u043f\u043e\u044f\u0441\u043d\u0435\u043d\u0438\u044f \u043f\u0440\u043e \u044d\u043c\u043e\u0434\u0437\u0438\n- \u0441\u043f\u0438\u0441\u043e\u043a \u043e\u0441\u043d\u043e\u0432\u043d\u044b\u0445 \u043a\u0430\u043d\u0430\u043b\u043e\u0432 \u0441 \u043e\u043f\u0438\u0441\u0430\u043d\u0438\u044f\u043c\u0438\n- \u043e\u0431\u044a\u044f\u0441\u043d\u0435\u043d\u0438\u044f, \u043a\u0430\u043a \u0437\u0430\u0445\u043e\u0434\u0438\u0442\u044c \u0432 \u043a\u0430\u043d\u0430\u043b\u044b\n- \u0447\u0442\u043e-\u0442\u043e \u0442\u0438\u043f\u0430: \"\u0435\u0441\u043b\u0438 \u0432\u044b \u0432 \u041c\u043e\u0441\u043a\u0432\u0435, \u0437\u0430\u0445\u043e\u0434\u0438\u0442\u0435 \u0432 <#C1JK58P6J|moscow_meetups>, \u0435\u0441\u043b\u0438 \u0432 \u041f\u0438\u0442\u0435\u0440\u0435 - \u0432 <#C1BFTRKJ6|spb_meetups>, \u0435\u0441\u043b\u0438 \u0432 \u0415\u043a\u0431 - \u0432 <#C2L4CFTH6|ekb_meetups>\"",
        "ts": "1478531580.001292"
    },
    {
        "type": "message",
        "user": "U0F6P8JAG",
        "text": "\u041f\u0440\u043e <#C2YH2LN80|welcome>, \u043d\u0430\u043f\u043e\u043c\u043d\u044e, \u044f \u043f\u0440\u043e\u0434\u043e\u043b\u0436\u0430\u044e \u0441\u0447\u0438\u0442\u0430\u0442\u044c (\u0438 \u0441\u0438\u043b\u044c\u043d\u043e \u0443\u0432\u0435\u0440\u0435\u043d, \u0447\u0442\u043e \u044f \u043f\u0440\u0430\u0432), \u0447\u0442\u043e \u043f\u0440\u0438\u0432\u0435\u0442\u0441\u0442\u0432\u043e\u0432\u0430\u0442\u044c \u0434\u043e\u043b\u0436\u043d\u044b \u0436\u0438\u0432\u044b\u0435 \u043b\u044e\u0434\u0438, \u0430 \u043d\u0435 \u0431\u043e\u0442.",
        "ts": "1478531603.001293",
        "reactions": [
            {
                "name": "heavy_plus_sign",
                "users": [
                    "U0GQ50ESU"
                ],
                "count": 1
            }
        ]
    },
    {
        "type": "message",
        "user": "U0D0R0D4P",
        "text": "\u041a\u0441\u0442\u0430\u0442\u0438, \u043d\u0438 \u0431\u043e\u0442, \u043d\u0438 \u0441\u0430\u0439\u0442 (<http:\/\/lesswrong.ru\/slack>) \u043d\u0435 \u0437\u043d\u0430\u044e\u0442 \u043f\u0440\u043e :mod_removed:",
        "ts": "1478531721.001294"
    },
    {
        "type": "message",
        "user": "U0GQ50ESU",
        "text": "\u0410 \u0438\u043c \u0438 \u043d\u0435 \u043d\u0430\u0434\u043e. \u042d\u0442\u043e \u0442\u043e\u043b\u044c\u043a\u043e \u0434\u043b\u044f \u043c\u043e\u0434\u0435\u0440\u0430\u0442\u043e\u0440\u043e\u0432 \u0436\u0435. ",
        "ts": "1478531759.001295"
    },
    {
        "type": "message",
        "user": "U0GBBAD1P",
        "text": "\u043b\u044e\u0434\u044f\u043c \u043d\u0430\u0434\u043e \u0437\u043d\u0430\u0442\u044c, \u0447\u0442\u043e \u043e\u043d\u043e \u0437\u043d\u0430\u0447\u0438\u0442",
        "ts": "1478531777.001296",
        "reactions": [
            {
                "name": "heavy_plus_sign",
                "users": [
                    "U0D0R0D4P",
                    "U1BJD7KSR",
                    "U1ZPGFN3Y",
                    "U27VAQ1AP"
                ],
                "count": 4
            },
            {
                "name": "white_check_mark",
                "users": [
                    "U0GQ50ESU"
                ],
                "count": 1
            }
        ]
    },
    {
        "type": "message",
        "user": "U0F6P8JAG",
        "text": "Patches welcome.",
        "ts": "1478531881.001297"
    },
    {
        "type": "message",
        "user": "U0GBBAD1P",
        "text": "\u043d\u0438\u0447\u043e \u043d\u0435 \u0437\u043d\u0430\u044e, \u044f \u043d\u0435 \u0443\u043c\u0435\u044e \u0432 \u0434\u0436\u0430\u0432\u0430\u0441\u043a\u0440\u0438\u043f\u0442",
        "ts": "1478531911.001298"
    },
    {
        "type": "message",
        "user": "U0F6P8JAG",
        "text": "\u0410 \u0432 \u043f\u043b\u0435\u0439\u043d\u0442\u0435\u043a\u0441\u0442?\n<https:\/\/github.com\/lesswrong-ru\/clippy\/blob\/master\/scripts\/main.coffee#L7>",
        "attachments": [
            {
                "service_name": "GitHub",
                "title": "lesswrong-ru\/clippy",
                "title_link": "https:\/\/github.com\/lesswrong-ru\/clippy\/blob\/master\/scripts\/main.coffee#L7",
                "text": "clippy - Hubot for lesswrongru slack team",
                "fallback": "GitHub: lesswrong-ru\/clippy",
                "thumb_url": "https:\/\/avatars2.githubusercontent.com\/u\/7881186?v=3&s=400",
                "from_url": "https:\/\/github.com\/lesswrong-ru\/clippy\/blob\/master\/scripts\/main.coffee#L7",
                "thumb_width": 420,
                "thumb_height": 420,
                "service_icon": "https:\/\/github.com\/apple-touch-icon.png",
                "id": 1
            }
        ],
        "ts": "1478531950.001299"
    },
    {
        "user": "U3061KTP0",
        "text": "<@U3061KTP0|maryedetvnebesa> has joined the channel",
        "type": "message",
        "subtype": "channel_join",
        "ts": "1478556002.001301"
    },
    {
        "user": "U2YQGUY0G",
        "text": "<@U2YQGUY0G|polenko> has joined the channel",
        "type": "message",
        "subtype": "channel_join",
        "ts": "1478557001.001302"
    },
    {
        "type": "message",
        "user": "U0GBBAD1P",
        "text": "<@U0F6P8JAG> \u0431\u043e\u0442 \u0436\u0435 \u0435\u0449\u0435 \u043d\u0435 \u043f\u0438\u0448\u0435\u0442 \u0432 \u043b\u0438\u0447\u043a\u0443 \u0430\u0432\u0442\u043e\u043c\u0430\u0442\u0438\u0447\u0435\u0441\u043a\u0438?",
        "ts": "1478559815.001303"
    },
    {
        "type": "message",
        "user": "U0GBBAD1P",
        "text": "\u0442\u044b \u043a\u0441\u0442\u0430\u0442\u0438 \u0437\u043d\u0430\u0435\u0448\u044c \u044d\u0442\u043e\u0442 \u043a\u043e\u0444\u0435\u0441\u043a\u0440\u0438\u043f\u0442, \u0438\u043b\u0438 \u043d\u0430 \u0447\u0435\u043c \u0442\u0430\u043c \u043e\u043d?\n(\u0435\u0441\u043b\u0438 \u0434\u0430, \u0442\u043e \u0440\u0430\u0437\u0431\u0438\u0440\u0430\u0439\u0441\u044f \u0441\u0430\u043c, \u0435\u0441\u043b\u0438 \u043d\u0435\u0442, \u0442\u043e \u044f \u043c\u043e\u0433\u0443 \u043f\u043e\u0442\u044b\u043a\u0430\u0442\u044c)",
        "ts": "1478559850.001304"
    },
    {
        "type": "message",
        "user": "U0F6P8JAG",
        "text": "\u041d\u0435\u0442. \u0421\u0434\u0435\u043b\u0430\u0442\u044c, \u0447\u0442\u043e\u0431\u044b \u043f\u0438\u0441\u0430\u043b, \u043c\u043e\u0436\u043d\u043e \u043a\u0430\u043a-\u0442\u043e \u0442\u0430\u043a:",
        "ts": "1478559878.001305"
    },
    {
        "type": "message",
        "user": "U0F6P8JAG",
        "text": "+  robot.enter (res) -&gt;\n+    channel = getChannel(res)\n+    if channel.name == \u2018announcements'\n+      res.robot.messageRoom res.message.user.id, '\u0414\u043e\u0431\u0440\u043e \u043f\u043e\u0436\u0430\u043b\u043e\u0432\u0430\u0442\u044c \u0432 \u0441\u043b\u0430\u043a! <http:\/\/lesswrong.ru\/slack>'",
        "ts": "1478559893.001306"
    },
    {
        "type": "message",
        "user": "U0F6P8JAG",
        "text": "\u0422\u043e \u0435\u0441\u0442\u044c \u044f \u044d\u0442\u043e \u0442\u0435\u0441\u0442\u0438\u043b, \u0438 \u0434\u0435\u043b\u043e \u0432\u0441\u0442\u0430\u043b\u043e \u0442\u043e\u043b\u044c\u043a\u043e \u0437\u0430 \u0443\u0434\u0430\u0447\u043d\u044b\u043c \u043f\u0440\u0438\u0432\u0435\u0442\u0441\u0442\u0432\u0435\u043d\u043d\u044b\u043c \u0442\u0435\u043a\u0441\u0442\u043e\u043c.",
        "ts": "1478559912.001307"
    },
    {
        "type": "message",
        "user": "U0GBBAD1P",
        "text": "\u0430 \u044f \u043f\u0440\u0430\u0432\u0438\u043b\u044c\u043d\u043e \u043f\u043e\u043d\u0438\u043c\u0430\u044e, \u0447\u0442\u043e \u043e\u043d \u043d\u0430 \u0442\u0432\u043e\u0435\u043c \u0441\u0435\u0440\u0432\u0435\u0440\u0435 \u043a\u0440\u0443\u0442\u0438\u0442\u0441\u044f, \u0438 \u044f \u043d\u0435 \u043c\u043e\u0433\u0443 \u0441\u0435\u0439\u0447\u0430\u0441 \u043d\u0430\u0445\u0430\u043b\u044f\u0432\u0443 \u043f\u043e\u0434\u043d\u044f\u0442\u044c \u043a\u043e\u043f\u0438\u044e \u043d\u0430 \u0441\u0432\u043e\u0435\u043c?",
        "ts": "1478559924.001308"
    },
    {
        "type": "message",
        "user": "U0F6P8JAG",
        "text": "\u0414\u0430. \u041d\u043e \u043c\u043e\u0436\u0435\u0448\u044c \u043f\u043e\u0434 \u0434\u0440\u0443\u0433\u0438\u043c \u043d\u0438\u043a\u043e\u043c. \u0418 \u0432\u0435\u0440\u043e\u044f\u0442\u043d\u043e \u0441 \u0434\u0440\u0443\u0433\u0438\u043c \u0442\u043e\u043a\u0435\u043d\u043e\u043c - \u043d\u0435 \u043f\u0440\u043e\u0432\u0435\u0440\u044f\u043b.",
        "ts": "1478559950.001309"
    },
    {
        "type": "message",
        "user": "U0F6P8JAG",
        "text": "\u041d\u0435 \u0441\u0442\u043e\u0438\u0442 \u043b\u0438 \u043e\u0442\u043a\u043b\u044e\u0447\u0438\u0442\u044c \u043f\u043e\u043a\u0430\u0437 \u0435\u043c\u0435\u0439\u043b\u043e\u0432 \u0432 \u043f\u0440\u043e\u0444\u0438\u043b\u0435? \u041e\u043d \u043a\u043e\u0433\u0434\u0430-\u0442\u043e \u0431\u044b\u043b \u043f\u0440\u0438\u043d\u0443\u0434\u0438\u0442\u0435\u043b\u044c\u043d\u043e, \u043f\u043e\u0442\u043e\u043c (\u043d\u0435\u0441\u043a\u043e\u043b\u044c\u043a\u043e \u043d\u0435\u0434\u0435\u043b\u044c \u043d\u0430\u0437\u0430\u0434) \u0434\u043e\u0431\u0430\u0432\u0438\u043b\u0438 \u043e\u043f\u0446\u0438\u044e \u201c\u0441\u043a\u0440\u044b\u0442\u044c \u0435\u043c\u0435\u0439\u043b\u044b\u201d \u0438 \u0441\u043a\u0440\u044b\u043b\u0438 \u043f\u043e \u0443\u043c\u043e\u043b\u0447\u0430\u043d\u0438\u044e, \u0430 \u044f \u0435\u0451 \u043e\u0442\u043a\u043b\u044e\u0447\u0438\u043b \u043e\u043f\u044f\u0442\u044c, \u043f\u043e\u0442\u043e\u043c\u0443 \u0447\u0442\u043e \u043f\u0440\u0438\u0432\u044b\u043a.",
        "ts": "1478561843.000002",
        "reactions": [
            {
                "name": "no",
                "users": [
                    "U0GBBAD1P"
                ],
                "count": 1
            },
            {
                "name": "heavy_plus_sign",
                "users": [
                    "U2PKKE49H",
                    "U0G0KMGKH",
                    "U0G0JFJTA"
                ],
                "count": 3
            }
        ]
    },
    {
        "type": "message",
        "user": "U0F6P8JAG",
        "text": "\u0421\u043a\u043e\u0440\u0435\u0435 \u043d\u0435 \u0438\u0437 \u0441\u043e\u043e\u0431\u0440\u0430\u0436\u0435\u043d\u0438\u0439 \u0437\u0430\u0449\u0438\u0442\u044b \u043e\u0442 \u0441\u043f\u0430\u043c\u0430, \u0430 \u0447\u0442\u043e\u0431\u044b \u043d\u0435 \u0434\u0435\u0430\u043d\u043e\u043d\u0438\u0442\u044c \u0441\u043b\u0438\u0448\u043a\u043e\u043c \u043b\u044e\u0434\u0435\u0439, \u043a\u043e\u0442\u043e\u0440\u044b\u043c \u044d\u0442\u043e \u043c\u043e\u0436\u0435\u0442 \u0431\u044b\u0442\u044c \u043d\u0435\u043a\u043e\u043c\u0444\u043e\u0440\u0442\u043d\u043e.\n(\u041f\u043e \u0435\u043c\u0435\u0439\u043b\u0443 \u043e\u0431\u044b\u0447\u043d\u043e \u043c\u043e\u0436\u043d\u043e \u043d\u0435\u043c\u0430\u043b\u043e \u043f\u0440\u043e \u0447\u0435\u043b\u043e\u0432\u0435\u043a\u0430 \u0443\u0437\u043d\u0430\u0442\u044c. \u0425\u043e\u0442\u044f \u043f\u0440\u043e \u043c\u043d\u043e\u0433\u0438\u0445 \u043c\u043e\u0436\u043d\u043e \u0443\u0437\u043d\u0430\u0442\u044c \u0438 \u043f\u043e \u043d\u0438\u043a\u0443, \u043a\u043e\u043d\u0435\u0447\u043d\u043e.)",
        "ts": "1478561903.000003"
    },
    {
        "type": "message",
        "user": "U3061KTP0",
        "text": "\u0410 \u0432\u0434\u0440\u0443\u0433 \u043f\u043e\u043d\u0430\u0434\u043e\u0431\u0438\u0442\u0441\u044f \u0441\u0432\u044f\u0437\u0430\u0442\u044c\u0441\u044f \u0441 \u0447\u0435\u043b\u043e\u0432\u0435\u043a\u043e\u043c \u0438\u0437 \u0441\u043e\u043e\u0431\u0449\u0435\u0441\u0442\u0432\u0430, \u043a\u043e\u0442\u043e\u0440\u044b\u0439 \u0434\u0430\u0432\u043d\u043e \u043d\u0435 \u0437\u0430\u0445\u043e\u0434\u0438\u043b. \u0418 \u043a\u043e\u043d\u0442\u0430\u043a\u0442\u043e\u0432 \u0435\u0433\u043e \u043d\u0435\u0442.",
        "ts": "1478562029.000004"
    },
    {
        "user": "U2YRPFHS4",
        "text": "<@U2YRPFHS4|misit-rootfest> has joined the channel",
        "type": "message",
        "subtype": "channel_join",
        "ts": "1478563263.000005"
    },
    {
        "user": "U2ZF5J2SF",
        "text": "<@U2ZF5J2SF|wopovo-rootfest> has joined the channel",
        "type": "message",
        "subtype": "channel_join",
        "ts": "1478564031.000006"
    },
    {
        "type": "message",
        "user": "U0FGKCY31",
        "text": "\u041a\u0430\u043a \u0436\u0438\u0437\u043d\u0435\u043d\u043d\u043e.\n\u041d\u0443 \u0432 \u0441\u0430\u043c\u043e\u043c \u0434\u0435\u043b\u0435, \u043d\u0430\u0437\u0432\u0430\u043d\u0438\u0435 \u0434\u0430\u0451\u0442 \u043d\u0435\u0434\u043e\u0441\u0442\u0430\u0442\u043e\u0447\u043d\u043e \u0442\u043e\u0447\u043d\u044b\u0435 \u0438\u043d\u0442\u0443\u0438\u0442\u0438\u0432\u043d\u044b\u0435 \u043e\u0436\u0438\u0434\u0430\u043d\u0438\u044f.",
        "attachments": [
            {
                "fallback": "[November 8th, 2016 4:31 AM] maryedetvnebesa: \u041f\u043e\u0434\u043e\u0437\u0440\u0435\u0432\u0430\u044e, \u0447\u0442\u043e \u043f\u0440\u0438\u0441\u043e\u0435\u0434\u0438\u043d\u0435\u043d\u0438\u0435 \u043a \u044d\u0442\u043e\u043c\u0443 \u043a\u0430\u043d\u0430\u043b\u0443 \u0430\u0432\u0442\u043e\u043c\u0430\u0442\u0438\u0447\u0435\u0441\u043a\u0438 \u043d\u0435 \u0434\u0435\u043b\u0430\u0435\u0442 \u043c\u0435\u043d\u044f \u0430\u0434\u043c\u0438\u043d\u0438\u0441\u0442\u0440\u0430\u0442\u043e\u0440\u043e\u043c. ",
                "ts": "1478561506.000003",
                "author_subname": "maryedetvnebesa",
                "channel_id": "C0GFVA341",
                "channel_name": "admins",
                "is_msg_unfurl": true,
                "text": "\u041f\u043e\u0434\u043e\u0437\u0440\u0435\u0432\u0430\u044e, \u0447\u0442\u043e \u043f\u0440\u0438\u0441\u043e\u0435\u0434\u0438\u043d\u0435\u043d\u0438\u0435 \u043a \u044d\u0442\u043e\u043c\u0443 \u043a\u0430\u043d\u0430\u043b\u0443 \u0430\u0432\u0442\u043e\u043c\u0430\u0442\u0438\u0447\u0435\u0441\u043a\u0438 \u043d\u0435 \u0434\u0435\u043b\u0430\u0435\u0442 \u043c\u0435\u043d\u044f \u0430\u0434\u043c\u0438\u043d\u0438\u0441\u0442\u0440\u0430\u0442\u043e\u0440\u043e\u043c. ",
                "author_name": "Echo Service",
                "author_link": "https:\/\/lesswrongru.slack.com\/team\/maryedetvnebesa",
                "author_icon": "https:\/\/secure.gravatar.com\/avatar\/0b369157d7ed1e8a8f201f7e0052d792.jpg?s=48&d=https%3A%2F%2Fa.slack-edge.com%2F66f9%2Fimg%2Favatars%2Fava_0024-48.png",
                "mrkdwn_in": [
                    "text"
                ],
                "color": "D0D0D0",
                "from_url": "https:\/\/lesswrongru.slack.com\/archives\/admins\/p1478561506000003",
                "is_share": true,
                "footer": "Posted in #admins"
            }
        ],
        "edited": {
            "user": "U0FGKCY31",
            "ts": "1478586990.000000"
        },
        "ts": "1478586978.000007"
    }
]