[
    {
        "type": "message",
        "user": "U1XQG3N2G",
        "text": "\u043a\u0442\u043e-\u043d\u0438\u0431\u0443\u0434\u044c \u0441\u0447\u0438\u0442\u0430\u0435\u0442, \u0447\u0442\u043e \u043d\u0443\u0436\u0435\u043d \u043a\u0430\u043d\u0430\u043b #anekdata ? \u0433\u0434\u0435 \u043b\u044e\u0434\u0438 \u0431\u0443\u0434\u0443\u0442 \u0432\u044b\u043a\u043b\u0430\u0434\u044b\u0432\u0430\u0442\u044c \u0438\u0441\u043a\u043b\u044e\u0447\u0438\u0442\u0435\u043b\u044c\u043d\u043e \u0438\u043d\u0444\u0443 \u0438\u0437 \u0441\u0432\u043e\u0435\u0439 \u0436\u0438\u0437\u043d\u0438 \u0438\u043b\u0438 \u0436\u0438\u0437\u043d\u0438 \u0441\u0432\u043e\u0438\u0445 \u0437\u043d\u0430\u043a\u043e\u043c\u044b\u0445. (\u0430 \u0442\u043e \u044d\u0442\u0430 \u0430\u043d\u0435\u043a\u0434\u0430\u0442\u0430 \u0440\u0430\u0441\u043f\u043e\u043b\u0437\u0430\u0435\u0442\u0441\u044f \u043f\u043e \u0434\u0440\u0443\u0433\u0438\u043c \u043a\u0430\u043d\u0430\u043b\u0430\u043c \u0438 \u043e\u0431\u0449\u0435\u043d\u0438\u0435 \u043e\u0442 \u044d\u0442\u043e\u0433\u043e \u043a\u0430\u0436\u0435\u0442\u0441\u044f \u0445\u0430\u043e\u0442\u0438\u0447\u043d\u044b\u043c). \u043d\u0435 \u0443\u0432\u0435\u0440\u0435\u043d, \u0447\u0442\u043e \u0443 \u043b\u044e\u0434\u0435\u0439 \u0435\u0441\u0442\u044c \u0436\u0435\u043b\u0430\u043d\u0438\u0435 \u0434\u0438\u0441\u0446\u0438\u043f\u043b\u0438\u043d\u0438\u0440\u043e\u0432\u0430\u0442\u044c\u0441\u044f \u0432 \u043f\u043e\u0434\u0430\u0447\u0435 \u0438\u043d\u0444\u043e\u0440\u043c\u0430\u0446\u0438\u0438 \u0438 \u043f\u0438\u0445\u0430\u0442\u044c \u0430\u043d\u0435\u043a\u0434\u0430\u0442\u0443 \u0432 \u043e\u0442\u0434\u0435\u043b\u044c\u043d\u044b\u0439 \u043a\u0430\u043d\u0430\u043b, \u043d\u043e \u0432\u0441\u0435 \u0440\u0430\u0432\u043d\u043e \u0445\u043e\u0447\u0435\u0442\u0441\u044f, \u0447\u0442\u043e\u0431\u044b \u0442\u0430\u043a\u043e\u0439 \u043a\u0430\u043d\u0430\u043b \u0431\u044b\u043b.",
        "edited": {
            "user": "U1XQG3N2G",
            "ts": "1477732220.000000"
        },
        "ts": "1477732160.000738",
        "reactions": [
            {
                "name": "heavy_minus_sign",
                "users": [
                    "U0D0R0D4P",
                    "U0FD5HC1F",
                    "U2Q17MG00",
                    "U2T2K1NPR",
                    "U1ZPGFN3Y"
                ],
                "count": 5
            },
            {
                "name": "no",
                "users": [
                    "U0G0KMGKH",
                    "U0F6P8JAG",
                    "U10S2FP1U",
                    "U2KS93BC2"
                ],
                "count": 4
            }
        ]
    },
    {
        "type": "message",
        "user": "U0D0R0D4P",
        "text": "&gt;#anekdata ?\n\u0415\u0449\u0435 \u043e\u0434\u0438\u043d \u043c\u0435\u0440\u0442\u0432\u043e\u0440\u043e\u0436\u0434\u0435\u043d\u043d\u044b\u0439 \u043a\u0430\u043d\u0430\u043b.",
        "edited": {
            "user": "U0D0R0D4P",
            "ts": "1477732899.000000"
        },
        "ts": "1477732868.000742"
    },
    {
        "user": "U2VSKQM9S",
        "text": "<@U2VSKQM9S|fedor> has joined the channel",
        "type": "message",
        "subtype": "channel_join",
        "ts": "1477739580.000744"
    },
    {
        "user": "U2VUNKH1D",
        "text": "<@U2VUNKH1D|teemon> has joined the channel",
        "type": "message",
        "subtype": "channel_join",
        "ts": "1477768767.000745"
    },
    {
        "type": "message",
        "user": "U0F6P8JAG",
        "text": ":hammer_and_wrench: \u0412\u0441\u0435 \u043a\u0430\u043d\u0430\u043b\u044b \u0441 \u0434\u0435\u0444\u0438\u0441\u0430\u043c\u0438 \u0441\u0442\u0430\u043b\u0438 \u043a\u0430\u043d\u0430\u043b\u0430\u043c\u0438 \u0441 \u043f\u043e\u0434\u0447\u0451\u0440\u043a\u0438\u0432\u0430\u043d\u0438\u044f\u043c\u0438.",
        "ts": "1477778928.000746",
        "reactions": [
            {
                "name": "+1::skin-tone-6",
                "users": [
                    "U1BJD7KSR"
                ],
                "count": 1
            },
            {
                "name": "+1::skin-tone-4",
                "users": [
                    "U15EHV05A"
                ],
                "count": 1
            },
            {
                "name": "+1",
                "users": [
                    "U2MKPHGDS",
                    "U10S2FP1U"
                ],
                "count": 2
            }
        ]
    },
    {
        "user": "U2VV7J18E",
        "text": "<@U2VV7J18E|dmitriykhrachenko> has joined the channel",
        "type": "message",
        "subtype": "channel_join",
        "ts": "1477786399.000747"
    }
]